"SYMBOL","NAME","MARKET"
"A","Agilent Technologies, Inc.","NYSE"
"AA","Alcoa Corporation","NYSE"
"AAA","Alternative Access First Priority CLO Bond ETF","NYSEARCA"
"AAAA","Amplius Aggressive Asset Allocation ETF","BATS"
"AAAC","Columbia AAA CLO ETF","NYSEARCA"
"AAAD","PGIM AAA CLO Aggregate Duration ETF","NYSEARCA"
"AAAP","Pacer Barings CLO Market Flex ETF","NASDAQ"
"AAAU","Goldman Sachs Physical Gold ETF Shares","BATS"
"AACB","Artius II Acquisition Inc.","NASDAQ"
"AACBR","Artius II Acquisition Inc. - Rights","NASDAQ"
"AACBU","Artius II Acquisition Inc. - Units","NASDAQ"
"AACG","ATA Creativity Global","NASDAQ"
"AACI","Armada Acquisition Corp. III","NASDAQ"
"AACIU","Armada Acquisition Corp. III - Units","NASDAQ"
"AACIW","Armada Acquisition Corp. III - Warrant","NASDAQ"
"AACO","Abony Acquisition Corp. I","NASDAQ"
"AACOU","Abony Acquisition Corp. I - Units","NASDAQ"
"AACOW","Abony Acquisition Corp. I - Warrants","NASDAQ"
"AACP","Apogee Acquisition Corp","NASDAQ"
"AACPR","Apogee Acquisition Corp - Rights","NASDAQ"
"AACPU","Apogee Acquisition Corp - Units","NASDAQ"
"AACPW","Apogee Acquisition Corp - Warrant","NASDAQ"
"AADR","AdvisorShares Dorsey Wright ADR ETF","NASDAQ"
"AADX","Applied Aerospace & Defense, Inc.","NYSE"
"AAEQ","Alpha Architect US Equity 2 ETF","NASDAQ"
"AAL","American Airlines Group, Inc.","NASDAQ"
"AALG","Leverage Shares 2X Long AAL Daily ETF","NASDAQ"
"AAME","Atlantic American Corporation","NASDAQ"
"AAMI","Acadian Asset Management Inc.","NYSE"
"AAOG","Leverage Shares 2X Long AAOI Daily ETF","BATS"
"AAOI","Applied Optoelectronics, Inc.","NASDAQ"
"AAON","AAON, Inc.","NASDAQ"
"AAOX","Tradr 2X Long AAOI Daily ETF","BATS"
"AAP","Advance Auto Parts Inc.","NYSE"
"AAPB","GraniteShares 2x Long AAPL Daily ETF","NASDAQ"
"AAPD","Direxion Daily AAPL Bear 1X ETF","NASDAQ"
"AAPG","Ascentage Pharma Group International - American Depository Shares","NASDAQ"
"AAPL","Apple Inc.","NASDAQ"
"AAPR","Innovator Equity Defined Protection ETF - 2 Yr to April 2028","BATS"
"AAPU","Direxion Daily AAPL Bull 2X ETF","NASDAQ"
"AAPW","Roundhill AAPL WeeklyPay ETF","BATS"
"AAPX","T-Rex 2X Long Apple Daily Target ETF","BATS"
"AAPY","Kurv Yield Premium Strategy Apple (AAPL) ETF","BATS"
"AARD","Aardvark Therapeutics, Inc.","NASDAQ"
"AAT","American Assets Trust, Inc.","NYSE"
"AAUA","Alpha Architect US Equity 3 ETF","BATS"
"AAUC","Allied Gold Corporation Common Shares","NYSE"
"AAUM","Tema Alternative Asset Managers ETF","BATS"
"AAUS","Alpha Architect US Equity ETF","NASDAQ"
"AAVM","Alpha Architect Global Factor Equity ETF","NASDAQ"
"AAXJ","iShares MSCI All Country Asia ex Japan ETF","NASDAQ"
"AB","AllianceBernstein Holding L.P.  Units","NYSE"
"ABAT","American Battery Technology Company","NASDAQ"
"ABBV","AbbVie Inc.","NYSE"
"ABCB","Ameris Bancorp","NYSE"
"ABCL","AbCellera Biologics Inc. - Common Shares","NASDAQ"
"ABCS","Alpha Blue Capital US Small-Mid Cap Dynamic ETF","NASDAQ"
"ABEO","Abeona Therapeutics Inc.","NASDAQ"
"ABEQ","Absolute Select Value ETF","NYSEARCA"
"ABEV","Ambev S.A. American Depositary Shares (Each representing 1 Common Share)","NYSE"
"ABFL","Abacus FCF Leaders ETF","BATS"
"ABG","Asbury Automotive Group Inc","NYSE"
"ABI","VictoryShares Pioneer Asset-Based Income ETF","NASDAQ"
"ABIG","Argent Large Cap ETF","NASDAQ"
"ABLD","Abacus FCF Real Assets Leaders ETF","BATS"
"ABLG","Abacus FCF International Leaders ETF","BATS"
"ABLS","Abacus FCF Small Cap Leaders ETF","BATS"
"ABLV","Able View Global Inc.","NASDAQ"
"ABLVW","Able View Global Inc. - Warrant","NASDAQ"
"ABM","ABM Industries Incorporated","NYSE"
"ABNB","Airbnb, Inc.","NASDAQ"
"ABNG","Leverage Shares 2x Long ABNB Daily ETF","NASDAQ"
"ABOS","Acumen Pharmaceuticals, Inc.","NASDAQ"
"ABOT","Abacus FCF Innovation Leaders ETF","BATS"
"ABR","Arbor Realty Trust","NYSE"
"ABSI","Absci Corporation","NASDAQ"
"ABT","Abbott Laboratories","NYSE"
"ABTC","American Bitcoin Corp.","NASDAQ"
"ABTS","Abits Group Inc","NASDAQ"
"ABUF","Aptus Laddered Buffer ETF","BATS"
"ABUS","Arbutus Biopharma Corporation","NASDAQ"
"ABVC","ABVC BioPharma, Inc.","NASDAQ"
"ABVX","Abivax SA","NASDAQ"
"ABX","Abacus Global Management, Inc. Class A","NYSE"
"ABXB","Abacus Flexible Bond Leaders ETF","BATS"
"ABXL","Abacus Global Management, Inc. 9.875% Fixed Rate Senior Notes due 2028","NYSE"
"ACA","Arcosa, Inc.","NYSE"
"ACAA","Averin Capital Acquisition Corp.","NASDAQ"
"ACAAU","Averin Capital Acquisition Corp. - Units","NASDAQ"
"ACAAW","Averin Capital Acquisition Corp. - Warrants","NASDAQ"
"ACAD","ACADIA Pharmaceuticals Inc.","NASDAQ"
"ACB","Aurora Cannabis Inc. - Common Shares","NASDAQ"
"ACCL","Acco Group Holdings Limited","NASDAQ"
"ACCO","Acco Brands Corporation","NYSE"
"ACCS","ACCESS Newswire Inc.","AMEX"
"ACDC","ProFrac Holding Corp.","NASDAQ"
"ACEI","Innovator Equity Autocallable Income Strategy ETF","NYSEARCA"
"ACEL","Accel Entertainment, Inc.","NYSE"
"ACEP","ARS Core Equity Portfolio ETF","NASDAQ"
"ACES","ALPS Clean Energy ETF","NYSEARCA"
"ACET","Adicet Bio, Inc.","NASDAQ"
"ACFN","Acorn Energy, Inc.","NASDAQ"
"ACGC","ACP Holdings Acquisition Corp.","NASDAQ"
"ACGCU","ACP Holdings Acquisition Corp. - Units","NASDAQ"
"ACGCW","ACP Holdings Acquisition Corp. - Warrants","NASDAQ"
"ACGL","Arch Capital Group Ltd.","NASDAQ"
"ACGLN","Arch Capital Group Ltd. - Depositary Shares, each Representing a 1/1,000th Interest in a 4.550% Non-Cumulative Preferred Share, Series G","NASDAQ"
"ACGLO","Arch Capital Group Ltd. - Depositary Shares Each Representing 1/1,000th Interest in a Share of5.45% Non-Cumulative Preferred Shares, Series F","NASDAQ"
"ACGO","Hartford Alpha Capture Growth ETF","BATS"
"ACGR","American Century Large Cap Growth ETF","NYSEARCA"
"ACH","Accendra Health, Inc.","NYSE"
"ACHC","Acadia Healthcare Company, Inc.","NASDAQ"
"ACHR","Archer Aviation Inc. Class A","NYSE"
"ACHR.W","Archer Aviation Inc. Redeemable Warrants, each whole warrant exercisable for one Class A common stock at an exercise price of $11.50","NYSE"
"ACHV","Achieve Life Sciences, Inc.  - Common Shares","NASDAQ"
"ACI","Albertsons Companies, Inc. Class A","NYSE"
"ACIC","American Coastal Insurance Corporation","NASDAQ"
"ACII","Innovator Index Autocallable Income Strategy ETF","NYSEARCA"
"ACIO","Aptus Collared Investment Opportunity ETF","BATS"
"ACIU","AC Immune SA","NASDAQ"
"ACIW","ACI Worldwide, Inc.","NASDAQ"
"ACKY","VistaShares Target 15 ACKtivist Distribution ETF","NYSEARCA"
"ACLC","American Century Large Cap Equity ETF","NYSEARCA"
"ACLO","TCW AAA CLO ETF","NYSE"
"ACLS","Axcelis Technologies, Inc.","NASDAQ"
"ACM","AECOM","NYSE"
"ACMR","ACM Research, Inc.","NASDAQ"
"ACN","Accenture plc Class A Ordinary Shares (Ireland)","NYSE"
"ACNB","ACNB Corporation","NASDAQ"
"ACNT","Ascent Industries Co.","NASDAQ"
"ACOG","Alpha Cognition Inc.","NASDAQ"
"ACOM","Harbor Active Commodity ETF","NYSEARCA"
"ACON","Aclarion, Inc.","NASDAQ"
"ACONW","Aclarion, Inc. - Warrant","NASDAQ"
"ACP","abrdn Income Credit Strategies Fund Common Shares","NYSE"
"ACR","ACRES Commercial Realty Corp.","NYSE"
"ACRE","Ares Commercial Real Estate Corporation","NYSE"
"ACRS","Aclaris Therapeutics, Inc.","NASDAQ"
"ACRV","Acrivon Therapeutics, Inc.","NASDAQ"
"ACSG","American Century Small Cap Growth Insights ETF","BATS"
"ACSI","American Customer Satisfaction ETF","BATS"
"ACSV","American Century Small Cap Value Insights ETF","BATS"
"ACT","Enact Holdings, Inc.","NASDAQ"
"ACTG","Acacia Research Corporation","NASDAQ"
"ACTS","FIS Tactical Equity ETF","NYSEARCA"
"ACTU","Actuate Therapeutics, Inc.","NASDAQ"
"ACU","Acme United Corporation.","AMEX"
"ACV","Virtus Diversified Income & Convertible Fund Common Shares of Beneficial Interest","NYSE"
"ACVA","ACV Auctions Inc. Class A","NYSE"
"ACVF","American Conservative Values ETF","NYSEARCA"
"ACVT","Advent Convertible Bond ETF","NYSEARCA"
"ACVU","Hartford Alpha Capture Value ETF","BATS"
"ACWI","iShares MSCI ACWI ETF","NASDAQ"
"ACWV","iShares MSCI Global Min Vol Factor ETF","BATS"
"ACWX","iShares MSCI ACWI ex U.S. ETF","NASDAQ"
"ACXP","Acurx Pharmaceuticals, Inc.","NASDAQ"
"ACYN","FT Vest Laddered Autocallable Barrier & Income ETF","NYSEARCA"
"ACYS","FT Vest Laddered Autocallable Barrier & Resilient Income ETF","NYSEARCA"
"AD","Array Digital Infrastructure, Inc. Common Shares","NYSE"
"ADAC","American Drive Acquisition Company","NASDAQ"
"ADACU","American Drive Acquisition Company - Units","NASDAQ"
"ADACW","American Drive Acquisition Company - Warrant","NASDAQ"
"ADAG","Adagene Inc. - ADS, each representing 1.25","NASDAQ"
"ADAM","Adamas Trust, Inc.","NASDAQ"
"ADAMG","Adamas Trust, Inc. - 9.125% Senior Notes Due 2030","NASDAQ"
"ADAMH","Adamas Trust, Inc. - 9.875% Senior Notes Due 2030","NASDAQ"
"ADAMI","Adamas Trust, Inc. - 9.125% Senior Notes Due 2029","NASDAQ"
"ADAML","Adamas Trust, Inc. - 6.875% Series F Fixed-to-Floating Rate Cumulative Redeemable Preferred Stock, $0.01 par value per share","NASDAQ"
"ADAMM","Adamas Trust, Inc. - 7.875% Series E Fixed-to-Floating Rate Cumulative Redeemable Preferred Stock","NASDAQ"
"ADAMN","Adamas Trust, Inc. - 8.00% Series D Fixed-to-Floating Rate Cumulative Redeemable Preferred Stock","NASDAQ"
"ADAMO","Adamas Trust, Inc. - 9.250% Senior Notes Due 2031","NASDAQ"
"ADAMZ","Adamas Trust, Inc. - 7.000% Series G Cumulative Redeemable Preferred Stock, $0.01 par value per share","NASDAQ"
"ADBE","Adobe Inc.","NASDAQ"
"ADBG","Leverage Shares 2X Long ADBE Daily ETF","NASDAQ"
"ADBU","Direxion Daily ADBE Bull 2X ETF","NYSEARCA"
"ADC","Agree Realty Corporation","NYSE"
"ADCT","ADC Therapeutics SA Common Shares","NYSE"
"ADDS","Hedgeye Index Adds ETF","NYSEARCA"
"ADEA","Adeia Inc.","NASDAQ"
"ADFI","Anfield Dynamic Fixed Income ETF","BATS"
"ADGM","Adagio Medical Holdings, Inc","NASDAQ"
"ADI","Analog Devices, Inc.","NASDAQ"
"ADIL","Adial Pharmaceuticals, Inc","NASDAQ"
"ADIU","Leverage Shares 2X Long ADI Daily ETF","BATS"
"ADIV","Guinness Atkinson Asia Pacific Dividend Builder ETF","NYSEARCA"
"ADM","Archer-Daniels-Midland Company","NYSE"
"ADMA","ADMA Biologics Inc","NASDAQ"
"ADME","Aptus Drawdown Managed Equity ETF","BATS"
"ADNT","Adient plc","NYSE"
"ADP","Automatic Data Processing, Inc.","NASDAQ"
"ADPT","Adaptive Biotechnologies Corporation","NASDAQ"
"ADPV","Adaptiv Select ETF","NYSEARCA"
"ADSE","ADS-TEC ENERGY PLC","NASDAQ"
"ADSEW","ADS-TEC ENERGY PLC - Warrant","NASDAQ"
"ADSK","Autodesk, Inc.","NASDAQ"
"ADT","ADT Inc.","NYSE"
"ADTN","ADTRAN Holdings, Inc.","NASDAQ"
"ADTX","Aditxt, Inc.","NASDAQ"
"ADUR","Aduro Clean Technologies Inc.","NASDAQ"
"ADUS","Addus HomeCare Corporation","NASDAQ"
"ADV","Advantage Solutions Inc.","NASDAQ"
"ADVB","Advanced Biomed Inc.","NASDAQ"
"ADVE","Matthews Asia Dividend Active ETF","NYSEARCA"
"ADX","Adams Diversified Equity Fund Inc.","NYSE"
"ADXN","Addex Therapeutics Ltd","NASDAQ"
"AEAQ","Activate Energy Acquisition Corp.","NASDAQ"
"AEAQU","Activate Energy Acquisition Corp. - Unit","NASDAQ"
"AEAQW","Activate Energy Acquisition Corp. - Warrant","NASDAQ"
"AEBI","Aebi Schmidt Holding AG","NASDAQ"
"AEC","Anfield Energy Inc. - Common Shares","NASDAQ"
"AEE","Ameren Corporation","NYSE"
"AEF","abrdn Emerging Markets ex-China Fund, Inc.","AMEX"
"AEFC","Aegon Funding Company LLC 5.10% Subordinated Notes due 2049","NYSE"
"AEG","Aegon Ltd. New York Registry Shares","NYSE"
"AEHL","Antelope Enterprise Holdings Limited","NASDAQ"
"AEHR","Aehr Test Systems","NASDAQ"
"AEI","Alset Inc.","NASDAQ"
"AEIS","Advanced Energy Industries, Inc.","NASDAQ"
"AEM","Agnico Eagle Mines Limited","NYSE"
"AEMD","Aethlon Medical, Inc.","NASDAQ"
"AEMS","Anfield Enhanced Market ETF","BATS"
"AENT","Alliance Entertainment Holding Corporation","NASDAQ"
"AENTW","Alliance Entertainment Holding Corporation - Warrants","NASDAQ"
"AEO","American Eagle Outfitters, Inc.","NYSE"
"AEON","AEON Biopharma, Inc. Class A","AMEX"
"AEP","American Electric Power Company, Inc.","NASDAQ"
"AER","AerCap Holdings N.V.","NYSE"
"AERO","Grupo Aeromexico, S.A.B. de C.V. American Depositary Shares (each representing ten (10) Common Shares)","NYSE"
"AERT","Aeries Technology, Inc.","NASDAQ"
"AERTW","Aeries Technology, Inc. - Warrant","NASDAQ"
"AES","The AES Corporation","NYSE"
"AESI","Atlas Energy Solutions Inc.","NYSE"
"AESPU","Aeon Acquisition I Corp. - Units","NASDAQ"
"AESR","Anfield U.S. Equity Sector Rotation ETF","BATS"
"AETH","Bitwise Trendwise Ether and Treasuries Rotation Strategy ETF","NYSEARCA"
"AEVA","Aeva Technologies, Inc.","NASDAQ"
"AEXA","American Exceptionalism Acquisition Corp. A Class A","NYSE"
"AEYE","AudioEye, Inc.","NASDAQ"
"AFB","AllianceBernstein National Municipal Income Fund Inc","NYSE"
"AFBI","Affinity Bancshares, Inc.","NASDAQ"
"AFCG","Advanced Flower Capital Inc.","NASDAQ"
"AFG","American Financial Group, Inc.","NYSE"
"AFGB","American Financial Group, Inc. 5.875% Subordinated Debentures due 2059","NYSE"
"AFGC","American Financial Group, Inc. 5.125% Subordinated Debentures due 2059","NYSE"
"AFGD","American Financial Group, Inc. 5.625% Subordinated Debentures due 2060","NYSE"
"AFGE","American Financial Group, Inc. 4.500% Subordinated Debentures due 2060","NYSE"
"AFGR","First Trust Multi-Manager Large Growth ETF","NYSEARCA"
"AFIF","Anfield Universal Fixed Income ETF","BATS"
"AFIX","Allspring Broad Market Core Bond ETF","NYSEARCA"
"AFJK","Aimei Health Technology Co., Ltd - Ordinary Share","NASDAQ"
"AFJKR","Aimei Health Technology Co., Ltd - Right","NASDAQ"
"AFJKU","Aimei Health Technology Co., Ltd - Unit","NASDAQ"
"AFK","VanEck Africa Index ETF","NYSEARCA"
"AFL","AFLAC Incorporated","NYSE"
"AFLG","First Trust Active Factor Large Cap ETF","NYSEARCA"
"AFMC","First Trust Active Factor Mid Cap ETF","NYSEARCA"
"AFOS","ARS Focused Opportunity Strategy ETF","NASDAQ"
"AFRI","Forafric Global PLC","NASDAQ"
"AFRIW","Forafric Global PLC - Warrants","NASDAQ"
"AFRM","Affirm Holdings, Inc.","NASDAQ"
"AFRU","T-REX 2X Long AFRM Daily Target ETF","BATS"
"AFSC","abrdn Focused U.S. Small Cap Active ETF","NASDAQ"
"AFSM","First Trust Active Factor Small Cap ETF","NYSEARCA"
"AFYA","Afya Limited","NASDAQ"
"AG","First Majestic Silver Corp. Ordinary Shares (Canada)","NYSE"
"AGBK","AGI Inc Class A Common Shares","NYSE"
"AGCC","Agencia Comercial Spirits Ltd","NASDAQ"
"AGCO","AGCO Corporation","NYSE"
"AGD","abrdn Global Dynamic Dividend Fund Common Shares of Beneficial Interest","NYSE"
"AGEM","abrdn Emerging Markets Dividend Active ETF","NASDAQ"
"AGEN","Agenus Inc.","NASDAQ"
"AGG","iShares Core U.S. Aggregate Bond ETF","NYSEARCA"
"AGGA","EA Astoria Dynamic Core US Fixed Income ETF","NASDAQ"
"AGGH","Simplify Aggregate Bond ETF","NYSEARCA"
"AGGS","Harbor Disciplined Bond ETF","NYSEARCA"
"AGGY","WisdomTree Yield Enhanced U.S. Aggregate Bond Fund","NYSEARCA"
"AGI","Alamos Gold Inc. Class A Common Shares","NYSE"
"AGIG","Abundia Global Impact Group Inc.","AMEX"
"AGIO","Agios Pharmaceuticals, Inc.","NASDAQ"
"AGIQ","SoFi Agentic AI ETF","NYSEARCA"
"AGIX","KraneShares Public-Private AI & Technology ETF","NASDAQ"
"AGL","agilon health, inc.","NYSE"
"AGM","Federal Agricultural Mortgage Corporation","NYSE"
"AGM.A","Federal Agricultural Mortgage Corporation","NYSE"
"AGMB","AgomAb Therapeutics NV - ADRs representing one common share.","NASDAQ"
"AGMH","AGM Group Holdings Inc.","NASDAQ"
"AGMI","Themes Silver Miners ETF","NASDAQ"
"AGNC","AGNC Investment Corp.","NASDAQ"
"AGNCL","AGNC Investment Corp. - Depositary Shares Each Representing a 1/1,000th Interest in a Share of 7.75% Series G Fixed-Rate Reset Cumulative Redeemable P","NASDAQ"
"AGNCM","AGNC Investment Corp. - Depositary Shares rep 6.875% Series D Fixed-to-Floating Cumulative Redeemable Preferred Stock","NASDAQ"
"AGNCN","AGNC Investment Corp. - Depositary Shares Each Representing a 1/1,000th Interest in a Share of 7.00% Series C Fixed-To-Floating Rate Cumulative Redeem","NASDAQ"
"AGNCO","AGNC Investment Corp. - Depositary Shares, each representing a 1/1,000th interest in a share of Series E Fixed-to-Floating Cumulative Redeemable Prefe","NASDAQ"
"AGNCP","AGNC Investment Corp. - Depositary Shares Each Representing a 1/1,000th Interest in a Share of 6.125% Series F Fixed-to-Floating Rate Cumulative Redee","NASDAQ"
"AGNCZ","AGNC Investment Corp. - Depositary Shares Each Representing a 1/1,000th Interest in a Share of 8.75% Series H Fixed-Rate Cumulative Redeemable Preferr","NASDAQ"
"AGNG","Global X Aging Population ETF","NASDAQ"
"AGNT","AGNT, Inc.","NASDAQ"
"AGO","Assured Guaranty Ltd.","NYSE"
"AGOX","Adaptive Alpha Opportunities ETF","NYSEARCA"
"AGPU","Axe Compute Inc.","NASDAQ"
"AGQ","ProShares Ultra Silver","NYSEARCA"
"AGQI","First Trust Active Global Quality Income ETF","NYSEARCA"
"AGRH","iShares Interest Rate Hedged U.S. Aggregate Bond ETF","NYSEARCA"
"AGRO","Adecoagro S.A. Common Shares","NYSE"
"AGRW","Allspring LT Large Growth ETF","NYSEARCA"
"AGRZ","Agroz Inc.","NASDAQ"
"AGX","Argan, Inc.","NYSE"
"AGYS","Agilysys, Inc.","NASDAQ"
"AGZ","iShares  Agency Bond ETF","NYSEARCA"
"AGZD","WisdomTree Interest Rate Hedged U.S. Aggregate Bond Fund","NASDAQ"
"AHCO","AdaptHealth Corp.","NASDAQ"
"AHD","GraniteShares Autocallable HOOD ETF","NASDAQ"
"AHG","Akso Health Group","NASDAQ"
"AHLT","AHL Trend ETF","NYSEARCA"
"AHMA","Ambitions Enterprise Management Co. L.L.C","NASDAQ"
"AHR","American Healthcare REIT, Inc.","NYSE"
"AHRT","AH Realty Trust, Inc.","NYSE"
"AHT","Ashford Hospitality Trust Inc","NYSE"
"AHYB","American Century Select High Yield ETF","NYSEARCA"
"AI","C3.ai, Inc. Class A","NYSE"
"AIA","iShares Asia 50 ETF","NASDAQ"
"AIAI","AIAI Holdings Corporation","NASDAQ"
"AIB","BlockchAIn Digital Infrastructure, Inc Common Shares","AMEX"
"AIBD","Direxion Daily AI and Big Data Bear 2X ETF","NYSEARCA"
"AIBU","Direxion Daily AI and Big Data Bull 2X ETF","NYSEARCA"
"AIBZ","Bitzero Holdings Inc. - Common Shares","NASDAQ"
"AIDX","20/20 Biolabs, Inc.","NASDAQ"
"AIEQ","Amplify AI Powered Equity ETF","NYSEARCA"
"AIFA","All In FutureTech Alliance, Inc.","NASDAQ"
"AIFC","AI Financial Corporation","NASDAQ"
"AIFD","TCW Artificial Intelligence ETF","NASDAQ"
"AIFF","Firefly Neuroscience, Inc.","NASDAQ"
"AIFU","AIFU Inc.","NASDAQ"
"AIG","American International Group, Inc. New","NYSE"
"AIHS","Senmiao Technology Limited","NASDAQ"
"AII","American Integrity Insurance Group, Inc.","NYSE"
"AIIA","AI Infrastructure Acquisition Corp. Class A","NYSE"
"AIIA.R","AI Infrastructure Acquisition Corp. Rights, each entitling the holder to receive one-fifth (1/5) of one Class A Ordinary Share","NYSE"
"AIIA.U","AI Infrastructure Acquisition Corp. Units, each consisting of one Class A Ordinary Share and one Right","NYSE"
"AIIO","Robo.ai Inc.","NASDAQ"
"AIIOW","Robo.ai Inc. - Warrant","NASDAQ"
"AIIR","Air Global PLC","NASDAQ"
"AIM","AIM ImmunoTech Inc.","AMEX"
"AIMD","Ainos, Inc.","NASDAQ"
"AIMDW","Ainos, Inc. - warrants","NASDAQ"
"AIMS","Acuitas Small Cap Active ETF","NASDAQ"
"AIN","Albany International Corporation","NYSE"
"AINP","Allspring Income Plus ETF","NYSEARCA"
"AINT","FINQ DOLLAR NEUTRAL U.S. Large Cap AI-Managed Equity ETF","NYSEARCA"
"AIO","Virtus Artificial Intelligence & Technology Opportunities Fund Common Shares of Beneficial Interest","NYSE"
"AIOO","AllianzIM U.S. Equity Buffer100 Protection ETF","BATS"
"AIOS","AIOS Tech Inc.","NASDAQ"
"AIOT","PowerFleet, Inc.","NASDAQ"
"AIP","Arteris, Inc.","NASDAQ"
"AIPI","REX AI Equity Premium Income ETF","NASDAQ"
"AIPO","Defiance AI & Power Infrastructure ETF","NASDAQ"
"AIQ","Global X Artificial Intelligence & Technology ETF","NASDAQ"
"AIQD","MicroSectors -3? Short Artificial Intelligence (AI) ETNs","NYSEARCA"
"AIQU","MicroSectors 3? Long Artificial Intelligence (AI) ETNs","NYSEARCA"
"AIR","AAR Corp.","NYSE"
"AIRE","reAlpha Tech Corp.","NASDAQ"
"AIRG","Airgain, Inc.","NASDAQ"
"AIRI","Air Industries Group","AMEX"
"AIRJ","AirJoule Technologies Corporation","NASDAQ"
"AIRJW","AirJoule Technologies Corporation - Warrant","NASDAQ"
"AIRO","AIRO Group Holdings, Inc.","NASDAQ"
"AIRR","First Trust RBA American Industrial Renaissance ETF","NASDAQ"
"AIRS","AirSculpt Technologies, Inc.","NASDAQ"
"AIRT","Air T, Inc.","NASDAQ"
"AIRTP","Air T, Inc. - Trust Preferred Securities","NASDAQ"
"AIS","VistaShares Artificial Intelligence Supercycle ETF","NYSEARCA"
"AISP","Airship AI Holdings, Inc","NASDAQ"
"AISPW","Airship AI Holdings, Inc - Warrants","NASDAQ"
"AIT","Applied Industrial Technologies, Inc.","NYSE"
"AIUP","FINQ FIRST U.S. Large Cap AI-Managed Equity ETF","NYSEARCA"
"AIV","Apartment Investment and Management Company","NYSE"
"AIVC","Amplify Bloomberg AI Equal Weight ETF","NYSEARCA"
"AIVI","WisdomTree International AI Enhanced Value Fund","NYSEARCA"
"AIVL","WisdomTree U.S. AI Enhanced Value Fund","NYSEARCA"
"AIXC","AIxCrypto Holdings, Inc.","NASDAQ"
"AIXI","XIAO-I Corporation","NASDAQ"
"AIYY","YieldMax AI Option Income Strategy ETF","NYSEARCA"
"AIZ","Assurant, Inc.","NYSE"
"AIZN","Assurant, Inc. 5.25% Subordinated Notes due 2061","NYSE"
"AJAN","Innovator Equity Defined Protection ETF - 2 Yr to January 2028","BATS"
"AJG","Arthur J. Gallagher & Co.","NYSE"
"AJUL","Innovator Equity Defined Protection ETF - 2 Yr to July 2026","BATS"
"AKA","a.k.a. Brands Holding Corp.","NYSE"
"AKAF","The Frontier Economic Fund","NYSE"
"AKAM","Akamai Technologies, Inc.","NASDAQ"
"AKAN","Akanda Corp. - Common Shares","NASDAQ"
"AKBA","Akebia Therapeutics, Inc.","NASDAQ"
"AKO.A","Embotelladora Andina S.A.","NYSE"
"AKO.B","Embotelladora Andina S.A.","NYSE"
"AKR","Acadia Realty Trust","NYSE"
"AKRE","Akre Focus ETF","NYSEARCA"
"AKTS","Aktis Oncology, Inc.","NASDAQ"
"AKTX","Akari Therapeutics Plc","NASDAQ"
"ALAB","Astera Labs, Inc.","NASDAQ"
"ALAI","Alger AI Enablers & Adopters ETF","NYSEARCA"
"ALAR","Alarum Technologies Ltd.","NASDAQ"
"ALB","Albemarle Corporation","NYSE"
"ALBG","Leverage Shares 2X Long ALB Daily ETF","NASDAQ"
"ALBT","Avalon GloboCare Corp.","NASDAQ"
"ALC","Alcon Inc.","NYSE"
"ALCO","Alico, Inc.","NASDAQ"
"ALDB","Aptus Laddered Deep Buffer ETF","BATS"
"ALDF","Aldel Financial II Inc.","NASDAQ"
"ALDFU","Aldel Financial II Inc. - Units","NASDAQ"
"ALDFW","Aldel Financial II Inc. - Warrants","NASDAQ"
"ALDX","Aldeyra Therapeutics, Inc.","NASDAQ"
"ALEC","Alector, Inc.","NASDAQ"
"ALF","Centurion Acquisition Corp.","NASDAQ"
"ALFUU","Centurion Acquisition Corp. - Unit","NASDAQ"
"ALFUW","Centurion Acquisition Corp. - Warrant","NASDAQ"
"ALG","Alamo Group, Inc.","NYSE"
"ALGM","Allegro MicroSystems, Inc.","NASDAQ"
"ALGN","Align Technology, Inc.","NASDAQ"
"ALGS","Aligos Therapeutics, Inc.","NASDAQ"
"ALGT","Allegiant Travel Company","NASDAQ"
"ALH","Alliance Laundry Holdings Inc.","NYSE"
"ALHC","Alignment Healthcare, Inc.","NASDAQ"
"ALIL","Argent Focused Small Cap ETF","NASDAQ"
"ALIS","Calisa Acquisition Corp","NASDAQ"
"ALISR","Calisa Acquisition Corp - Right","NASDAQ"
"ALISU","Calisa Acquisition Corp - Units","NASDAQ"
"ALIT","Alight, Inc. Class A","NYSE"
"ALK","Alaska Air Group, Inc.","NYSE"
"ALKS","Alkermes plc","NASDAQ"
"ALKT","Alkami Technology, Inc.","NASDAQ"
"ALL","Allstate Corporation (The)","NYSE"
"ALLE","Allegion plc","NYSE"
"ALLO","Allogene Therapeutics, Inc.","NASDAQ"
"ALLR","Allarity Therapeutics, Inc.","NASDAQ"
"ALLT","Allot Ltd.","NASDAQ"
"ALLW","State Street Bridgewater All Weather ETF","NASDAQ"
"ALLY","Ally Financial Inc.","NYSE"
"ALM","Almonty Industries Inc. - Common Shares","NASDAQ"
"ALMR","Alamar Biosciences, Inc.","NASDAQ"
"ALMS","Alumis Inc.","NASDAQ"
"ALMU","Aeluma, Inc.","NASDAQ"
"ALNT","Allient Inc.","NASDAQ"
"ALNY","Alnylam Pharmaceuticals, Inc.","NASDAQ"
"ALOT","AstroNova, Inc.","NASDAQ"
"ALOV","Aldabra 4 Liquidity Opportunity Vehicle, Inc.","NASDAQ"
"ALOVU","Aldabra 4 Liquidity Opportunity Vehicle, Inc. - Units","NASDAQ"
"ALOVW","Aldabra 4 Liquidity Opportunity Vehicle, Inc. - Warrants","NASDAQ"
"ALOY","REalloys Inc.","NASDAQ"
"ALP","Alpha Compute Corp","NASDAQ"
"ALPS","ALPS Group Inc - Ordinary Share","NASDAQ"
"ALRG","Allspring LT Large Core ETF","NYSEARCA"
"ALRM","Alarm.com Holdings, Inc.","NASDAQ"
"ALRS","Alerus Financial Corporation","NASDAQ"
"ALSN","Allison Transmission Holdings, Inc.","NYSE"
"ALT","Altimmune, Inc.","NASDAQ"
"ALTG","Alta Equipment Group Inc. Class A","NYSE"
"ALTI","AlTi Global, Inc.","NASDAQ"
"ALTL","Pacer Lunt Large Cap Alternator ETF","NYSEARCA"
"ALTO","Alto Ingredients, Inc.","NASDAQ"
"ALTY","Global X Alternative Income ETF","NASDAQ"
"ALUB","Alussa Energy Acquisition Corp. II Class A","NYSE"
"ALUB.U","Alussa Energy Acquisition Corp. II Units, each consisting of one Class A ordinary share and one-third of one redeemable warrant","NYSE"
"ALUB.W","Alussa Energy Acquisition Corp. II Redeemable Warrants, each whole warrant exercisable for one Class A ordinary share at an exercise price of $11.50 p","NYSE"
"ALV","Autoliv, Inc.","NYSE"
"ALVO","Alvotech","NASDAQ"
"ALVOW","Alvotech - Warrant","NASDAQ"
"ALX","Alexander's, Inc.","NYSE"
"ALXO","ALX Oncology Holdings Inc.","NASDAQ"
"ALZN","Alzamend Neuro, Inc.","NASDAQ"
"AM","Antero Midstream Corporation","NYSE"
"AMA","Defiance Daily Target 2X Long AMAT ETF","NASDAQ"
"AMAL","Amalgamated Financial Corp.","NASDAQ"
"AMAN","Amanat Acquisition Corp","NASDAQ"
"AMAT","Applied Materials, Inc.","NASDAQ"
"AMAU","Leverage Shares 2X Long AMAT Daily ETF","BATS"
"AMAX","Adaptive Hedged Multi-Asset Income ETF","NYSEARCA"
"AMBA","Ambarella, Inc.","NASDAQ"
"AMBO","Ambow Education Holding Ltd. American Depository Shares (each representing twenty (20) Class A Ordinary Shares)","AMEX"
"AMBP","Ardagh Metal Packaging S.A.","NYSE"
"AMBQ","Ambiq Micro, Inc.","NYSE"
"AMBR","Amber International Holding Limited","NASDAQ"
"AMC","AMC Entertainment Holdings, Inc. Class A","NYSE"
"AMCI","AMC Robotics Corporation","NASDAQ"
"AMCR","Amcor plc","NYSE"
"AMCX","AMC Global Media Inc.","NASDAQ"
"AMD","Advanced Micro Devices, Inc.","NASDAQ"
"AMDD","Direxion Daily AMD Bear 1X ETF","NASDAQ"
"AMDG","Leverage Shares 2X Long AMD Daily ETF","NASDAQ"
"AMDL","GraniteShares 2x Long AMD Daily ETF","NASDAQ"
"AMDW","Roundhill AMD WeeklyPay ETF","BATS"
"AMDY","Yieldmax AMD Option Income Strategy ETF","NYSEARCA"
"AME","AMETEK, Inc.","NYSE"
"AMG","Affiliated Managers Group, Inc.","NYSE"
"AMGN","Amgen Inc.","NASDAQ"
"AMH","American Homes 4 Rent Common Shares of Beneficial Interest","NYSE"
"AMID","Argent Mid Cap ETF","NASDAQ"
"AMIX","Autonomix Medical, Inc.","NASDAQ"
"AMJB","Alerian MLP Index ETN","NYSEARCA"
"AMKL","Defiance Daily Target 2X Long AMKR ETF","BATS"
"AMKR","Amkor Technology, Inc.","NASDAQ"
"AMLP","Alerian MLP ETF","NYSEARCA"
"AMLX","Amylyx Pharmaceuticals, Inc.","NASDAQ"
"AMN","AMN Healthcare Services Inc","NYSE"
"AMOD","Alpha Modus Holdings, Inc.","NASDAQ"
"AMODW","Alpha Modus Holdings, Inc. - Warrant","NASDAQ"
"AMOM","QRAFT AI-Enhanced U.S. Large Cap Momentum ETF","NYSEARCA"
"AMP","Ameriprise Financial, Inc.","NYSE"
"AMPG","Amplitech Group, Inc.","NASDAQ"
"AMPGR","Amplitech Group, Inc. - Series A Right","NASDAQ"
"AMPGZ","Amplitech Group, Inc. - Series B Right","NASDAQ"
"AMPH","Amphastar Pharmaceuticals, Inc.","NASDAQ"
"AMPL","Amplitude, Inc.","NASDAQ"
"AMPU","Defiance Daily Target 2X Long AMPX ETF","BATS"
"AMPX","Amprius Technologies, Inc.","NYSE"
"AMPX.W","Amprius Technologies, Inc. Warrants to purchase one share of Common Stock at an exercise price of $11.50 per share","NYSE"
"AMPY","Amplify Energy Corp.","NYSE"
"AMR","Alpha Metallurgical Resources, Inc.","NYSE"
"AMRC","Ameresco, Inc. Class A","NYSE"
"AMRN","Amarin Corporation plc","NASDAQ"
"AMRX","Amneal Pharmaceuticals, Inc.","NASDAQ"
"AMRZ","Amrize Ltd","NYSE"
"AMS","American Shared Hospital Services","AMEX"
"AMSC","American Superconductor Corporation","NASDAQ"
"AMSF","AMERISAFE, Inc.","NASDAQ"
"AMSS","AMASS Brands Inc.","NASDAQ"
"AMST","Amesite Inc.","NASDAQ"
"AMT","American Tower Corporation (REIT)","NYSE"
"AMTB","Amerant Bancorp Inc. Class A","NYSE"
"AMTD","AMTD IDEA Group American Depositary Shares, each representing six (6) Class A","NYSE"
"AMTM","Amentum Holdings, Inc.","NYSE"
"AMTX","Aemetis, Inc","NASDAQ"
"AMUB","ETRACS Alerian MLP Index ETN Series B due July 18, 2042","NYSEARCA"
"AMUN","abrdn Ultra Short Municipal Income Active ETF","NASDAQ"
"AMUU","Direxion Daily AMD Bull 2X ETF","NASDAQ"
"AMWL","American Well Corporation Class A","NYSE"
"AMX","America Movil, S.A.B. de C.V. American Depositary Shares (each representing the right to receive twenty (20) Series B Shares","NYSE"
"AMYY","GraniteShares YieldBOOST AMD ETF","NASDAQ"
"AMZA","InfraCap MLP ETF","NYSEARCA"
"AMZD","Direxion Daily AMZN Bear 1X ETF","NASDAQ"
"AMZE","Amaze Holdings, Inc.","AMEX"
"AMZN","Amazon.com, Inc.","NASDAQ"
"AMZO","Tradr 2X Short AMZN Daily ETF","BATS"
"AMZP","Kurv Yield Premium Strategy Amazon (AMZN) ETF","BATS"
"AMZU","Direxion Daily AMZN Bull 2X ETF","NASDAQ"
"AMZW","Roundhill AMZN WeeklyPay ETF","BATS"
"AMZY","YieldMax AMZN Option Income Strategy ETF","NYSEARCA"
"AMZZ","GraniteShares 2x Long AMZN Daily ETF","NASDAQ"
"AN","AutoNation, Inc.","NYSE"
"ANAB","AnaptysBio, Inc.","NASDAQ"
"ANDE","The Andersons, Inc.","NASDAQ"
"ANDG","Andersen Group Inc. Class A","NYSE"
"ANEL","Defiance Daily Target 2x Long ANET ETF","NASDAQ"
"ANET","Arista Networks, Inc.","NYSE"
"ANEW","ProShares MSCI Transformational Changes ETF","NYSEARCA"
"ANF","Abercrombie & Fitch Company","NYSE"
"ANGH","Anghami Inc.","NASDAQ"
"ANGHW","Anghami Inc. - Warrants","NASDAQ"
"ANGI","Angi Inc.","NASDAQ"
"ANGL","VanEck Fallen Angel High Yield Bond ETF","NASDAQ"
"ANGO","AngioDynamics, Inc.","NASDAQ"
"ANGX","Angel Studios, Inc. Class A","NYSE"
"ANIK","Anika Therapeutics Inc.","NASDAQ"
"ANIP","ANI Pharmaceuticals, Inc.","NASDAQ"
"ANIX","Anixa Biosciences, Inc.","NASDAQ"
"ANL","Adlai Nortye Ltd.","NASDAQ"
"ANNA","AleAnna, Inc.","NASDAQ"
"ANNAW","AleAnna, Inc. - Warrant","NASDAQ"
"ANNX","Annexon, Inc.","NASDAQ"
"ANPA","Rich Sparkle Holdings Limited","NASDAQ"
"ANRO","Alto Neuroscience, Inc.","NYSE"
"ANSC","Agriculture & Natural Solutions Acquisition Corporation","NASDAQ"
"ANSCU","Agriculture & Natural Solutions Acquisition Corporation - Unit","NASDAQ"
"ANSCW","Agriculture & Natural Solutions Acquisition Corporation - Warrant","NASDAQ"
"ANTA","Antalpha Platform Holding Company","NASDAQ"
"ANTX","AN2 Therapeutics, Inc.","NASDAQ"
"ANV","GraniteShares Autocallable NVDA ETF","NASDAQ"
"ANVS","Annovis Bio, Inc.","NYSE"
"ANY","Sphere 3D Corp. - Common Shares","NASDAQ"
"AOA","iShares Core 80/20 Aggressive Allocation ETF","NYSEARCA"
"AOCT","Innovator Equity Defined Protection ETF - 2 Yr to October 2026","BATS"
"AOD","abrdn Total Dynamic Dividend Fund Common Shares of Beneficial Interest","NYSE"
"AOHY","Angel Oak High Yield Opportunities ETF","NASDAQ"
"AOK","iShares Core 30/70 Conservative Allocation ETF","NYSEARCA"
"AOM","iShares Core 40/60 Moderate Allocation ETF","NYSEARCA"
"AOMD","Angel Oak Mortgage REIT, Inc. 9.750% Senior Notes due 2030","NYSE"
"AOMN","Angel Oak Mortgage REIT, Inc. 9.500% Senior Notes due 2029","NYSE"
"AOMR","Angel Oak Mortgage REIT, Inc.","NYSE"
"AON","Aon plc Class A Ordinary Shares (Ireland)","NYSE"
"AOR","iShares Core 60/40 Balanced Allocation ETF","NYSEARCA"
"AORT","Artivion, Inc.","NYSE"
"AOS","A.O. Smith Corporation","NYSE"
"AOSL","Alpha and Omega Semiconductor Limited - Common Shares","NASDAQ"
"AOTG","AOT Growth and Innovation ETF","NASDAQ"
"AOTS","AOT Software Platform ETF","NYSEARCA"
"AOUT","American Outdoor Brands, Inc.","NASDAQ"
"AP","Ampco-Pittsburgh Corporation","NYSE"
"APA","APA Corporation","NASDAQ"
"APAC","StoneBridge Acquisition II Corporation","NASDAQ"
"APACR","StoneBridge Acquisition II Corporation - Rights","NASDAQ"
"APACU","StoneBridge Acquisition II Corporation - Units","NASDAQ"
"APAM","Artisan Partners Asset Management Inc. Class A","NYSE"
"APC","ARKO Petroleum Corp.","NASDAQ"
"APCB","ActivePassive Core Bond ETF","NYSEARCA"
"APD","Air Products and Chemicals, Inc.","NYSE"
"APDB","Aptus April Deep Buffer ETF","BATS"
"APEI","American Public Education, Inc.","NASDAQ"
"APG","APi Group Corporation","NYSE"
"APGE","Apogee Therapeutics, Inc.","NASDAQ"
"APH","Amphenol Corporation","NYSE"
"APHG","Leverage Shares 2X Long APH Daily ETF","BATS"
"APHU","T-REX 2X Long APH Daily Target ETF","BATS"
"API","Agora, Inc. - ADS","NASDAQ"
"APIE","ActivePassive International Equity ETF","NYSEARCA"
"APLD","Applied Digital Corporation","NASDAQ"
"APLE","Apple Hospitality REIT, Inc. Common Shares","NYSE"
"APLM","Apollomics Inc.","NASDAQ"
"APLMW","Apollomics Inc. - Warrant","NASDAQ"
"APLU","Allspring Core Plus ETF","NYSEARCA"
"APLX","Tradr 2X Long APLD Daily ETF","BATS"
"APLY","YieldMax AAPL Option Income Strategy ETF","NYSEARCA"
"APLZ","Tradr 2X Short APLD Daily ETF","BATS"
"APM","Aptorum Group Limited","NASDAQ"
"APMCU","AmperCap Acquisition Company - Unit","NASDAQ"
"APMU","ActivePassive Intermediate Municipal Bond ETF","NYSEARCA"
"APO","Apollo Global Management, Inc. (New)","NYSE"
"APOC","Innovator Equity Defined Protection ETF - 6mo Apr/Oct","BATS"
"APOG","Apogee Enterprises, Inc.","NASDAQ"
"APOS","Apollo Global Management, Inc. 7.625% Fixed-Rate Resettable Junior Subordinated Notes due 2053","NYSE"
"APP","Applovin Corporation","NASDAQ"
"APPF","AppFolio, Inc.","NASDAQ"
"APPN","Appian Corporation","NASDAQ"
"APPS","Digital Turbine, Inc.","NASDAQ"
"APPX","Tradr 2X Long APP Daily ETF","NASDAQ"
"APRB","Aptus April Buffer ETF","BATS"
"APRE","Aprea Therapeutics, Inc.","NASDAQ"
"APRH","Innovator Premium Income 20 Barrier ETF - April","BATS"
"APRJ","Innovator Premium Income 30 Barrier ETF - April","BATS"
"APRP","PGIM S&P 500 Buffer 12 ETF - April","BATS"
"APRT","AllianzIM U.S. Large Cap Buffer10 Apr ETF","BATS"
"APRW","AllianzIM U.S. Large Cap Buffer20 Apr ETF","BATS"
"APRZ","TrueShares Structured Outcome (April) ETF","BATS"
"APT","Alpha Pro Tech, Ltd.","AMEX"
"APTV","Aptiv PLC","NYSE"
"APUE","ActivePassive U.S. Equity ETF","NYSEARCA"
"APUR","Aperture AC","NASDAQ"
"APURR","Aperture AC - Rights","NASDAQ"
"APUS","Apimeds Pharmaceuticals US, Inc.","AMEX"
"APVO","Aptevo Therapeutics Inc.","NASDAQ"
"APWC","Asia Pacific Wire & Cable Corporation Limited  - Common shares, Par value .01 per share","NASDAQ"
"APXM","FT Vest U.S. Equity Max Buffer ETF - April","BATS"
"APXT","Apex Treasury Corporation","NASDAQ"
"APXTU","Apex Treasury Corporation - Units","NASDAQ"
"APXTW","Apex Treasury Corporation - Warrants","NASDAQ"
"APYX","Apyx Medical Corporation","NASDAQ"
"AQB","AquaBounty Technologies, Inc.","NASDAQ"
"AQEC","AQE Core ETF","BATS"
"AQLG","HCM Large Cap Growth ETF","NASDAQ"
"AQLT","iShares MSCI Global Quality Factor ETF","BATS"
"AQMS","Aqua Metals, Inc.","NASDAQ"
"AQN","Algonquin Power & Utilities Corp. Common Shares","NYSE"
"AQNB","Algonquin Power & Utilities Corp. 6.20% Fixed-to-Floating Subordinated Notes Series 2019-A due July 1, 2079","NYSE"
"AQST","Aquestive Therapeutics, Inc.","NASDAQ"
"AQWA","Global X Clean Water ETF","NASDAQ"
"AR","Antero Resources Corporation","NYSE"
"ARAI","Arrive AI Inc.","NASDAQ"
"ARAY","Accuray Incorporated","NASDAQ"
"ARB","AltShares Merger Arbitrage ETF","NYSEARCA"
"ARBB","ARB IOT Group Limited","NASDAQ"
"ARBE","Arbe Robotics Ltd.","NASDAQ"
"ARBEW","Arbe Robotics Ltd. - Warrant","NASDAQ"
"ARBK","Argo Blockchain plc","NASDAQ"
"ARCB","ArcBest Corporation","NASDAQ"
"ARCC","Ares Capital Corporation - Closed End Fund","NASDAQ"
"ARCI","Archimedes Tech SPAC Partners III Co. - Ordinary Share","NASDAQ"
"ARCIU","Archimedes Tech SPAC Partners III Co. - Unit","NASDAQ"
"ARCIW","Archimedes Tech SPAC Partners III Co. - Warrant","NASDAQ"
"ARCL","ARC Group Acquisition I Corp","NASDAQ"
"ARCLR","ARC Group Acquisition I Corp - Right","NASDAQ"
"ARCLU","ARC Group Acquisition I Corp - Unit","NASDAQ"
"ARCLW","ARC Group Acquisition I Corp - Warrants","NASDAQ"
"ARCM","Arrow Reserve Capital Management ETF","BATS"
"ARCO","Arcos Dorados Holdings Inc. Class A Shares","NYSE"
"ARCT","Arcturus Therapeutics Holdings Inc.","NASDAQ"
"ARCX","Tradr 2X Long ACHR Daily ETF","BATS"
"ARDC","Ares Dynamic Credit Allocation Fund, Inc. Common Shares","NYSE"
"ARDT","Ardent Health, Inc.","NYSE"
"ARDX","Ardelyx, Inc.","NASDAQ"
"ARE","Alexandria Real Estate Equities, Inc.","NYSE"
"AREC","American Resources Corporation","NASDAQ"
"AREN","The Arena Group Holdings, Inc.","AMEX"
"ARES","Ares Management Corporation Class A","NYSE"
"ARGT","Global X MSCI Argentina ETF","NYSEARCA"
"ARGX","argenx SE","NASDAQ"
"ARHS","Arhaus, Inc.","NASDAQ"
"ARI","Apollo Commercial Real Estate Finance, Inc","NYSE"
"ARIS","Aris Mining Corporation Common Shares","NYSE"
"ARKB","ARK 21Shares Bitcoin ETF","BATS"
"ARKD","ARK DIET Q1 Buffer ETF","BATS"
"ARKF","ARK Blockchain & Fintech Innovation ETF","BATS"
"ARKG","ARK Genomic Revolution ETF","BATS"
"ARKI","ARK DIET Q2 Buffer ETF","BATS"
"ARKK","ARK Innovation ETF","BATS"
"ARKO","ARKO Corp.","NASDAQ"
"ARKQ","ARK Autonomous Technology & Robotics ETF","BATS"
"ARKR","Ark Restaurants Corp.","NASDAQ"
"ARKT","ARK DIET Q4 Buffer ETF","BATS"
"ARKW","ARK Next Generation Internet ETF","BATS"
"ARKX","ARK Space & Defense Innovation ETF","BATS"
"ARL","American Realty Investors, Inc.","NYSE"
"ARLI","AllianzIM International Equity Buffer15 Uncapped Apr ETF","BATS"
"ARLO","Arlo Technologies, Inc.","NYSE"
"ARLP","Alliance Resource Partners, L.P. - Common Units Representing Limited Partnership Interests","NASDAQ"
"ARLU","AllianzIM U.S. Equity Buffer15 Uncapped Apr ETF","BATS"
"ARM","Arm Holdings plc","NASDAQ"
"ARMG","Leverage Shares 2X Long ARM Daily ETF","NASDAQ"
"ARMH","Arm Holdings PLC ADRhedged","NYSEARCA"
"ARMK","Aramark","NYSE"
"ARMP","Armata Pharmaceuticals, Inc.","AMEX"
"ARMW","Roundhill ARM WeeklyPay ETF","BATS"
"ARMY","Tema International Defense ETF","NASDAQ"
"AROC","Archrock, Inc.","NYSE"
"AROW","Arrow Financial Corporation","NASDAQ"
"ARP","PMV Adaptive Risk Parity ETF","NYSEARCA"
"ARQ","Arq, Inc.","NASDAQ"
"ARQQ","Arqit Quantum Inc.","NASDAQ"
"ARQQW","Arqit Quantum Inc. - Warrants","NASDAQ"
"ARQT","Arcutis Biotherapeutics, Inc.","NASDAQ"
"ARR","ARMOUR Residential REIT, Inc.","NYSE"
"ARRY","Array Technologies, Inc.","NASDAQ"
"ARTC","Art Technology Acquisition Corp.","NASDAQ"
"ARTCU","Art Technology Acquisition Corp. - Units","NASDAQ"
"ARTCW","Art Technology Acquisition Corp. - Warrants","NASDAQ"
"ARTL","Artelo Biosciences, Inc.","NASDAQ"
"ARTNA","Artesian Resources Corporation","NASDAQ"
"ARTV","Artiva Biotherapeutics, Inc.","NASDAQ"
"ARTW","Art's-Way Manufacturing Co., Inc.","NASDAQ"
"ARTY","iShares Future AI & Tech ETF","NYSEARCA"
"ARVN","Arvinas, Inc.","NASDAQ"
"ARVR","First Trust Indxx Metaverse ETF","NASDAQ"
"ARW","Arrow Electronics, Inc.","NYSE"
"ARWG","Archer Growth ETF","BATS"
"ARWR","Arrowhead Pharmaceuticals, Inc.","NASDAQ"
"ARX","Accelerant Holdings Class A Common Shares","NYSE"
"ARXS","Arxis, Inc.","NASDAQ"
"AS","Amer Sports, Inc.","NYSE"
"ASA","ASA  Gold and Precious Metals Limited","NYSE"
"ASAN","Asana, Inc. Class A","NYSE"
"ASB","Associated Banc-Corp","NYSE"
"ASBA","Associated Banc-Corp 6.625% Fixed-Rate Reset Subordinated Notes due 2033","NYSE"
"ASBP","Aspire Biopharma Holdings, Inc.","NASDAQ"
"ASBPW","Aspire Biopharma Holdings, Inc.  - Warrant","NASDAQ"
"ASC","Ardmore Shipping Corporation","NYSE"
"ASCE","Allspring SMID Core ETF","NYSEARCA"
"ASCI","abrdn International Small Cap Active ETF","NASDAQ"
"ASD","Defiance Autism Impact ETF","NASDAQ"
"ASEA","Global X FTSE Southeast Asia ETF","NYSEARCA"
"ASEC","American Century Securitized Credit ETF","NASDAQ"
"ASG","Liberty All-Star Growth Fund, Inc.","NYSE"
"ASGI","abrdn Global Infrastructure Income Fund Common Shares of Beneficial Interest","NYSE"
"ASGM","Virtus AlphaSimplex Global Macro ETF","NYSEARCA"
"ASH","Ashland Inc.","NYSE"
"ASHR","Xtrackers Harvest CSI 300 China A-Shares ETF","NYSEARCA"
"ASHS","Xtrackers Harvest CSI 500 China A-Shares Small Cap ETF","NYSEARCA"
"ASIA","Matthews Pacific Tiger Active ETF","NYSEARCA"
"ASIC","Ategrity Specialty Insurance Company Holdings","NYSE"
"ASIX","AdvanSix Inc.","NYSE"
"ASLE","AerSale Corporation","NASDAQ"
"ASLV","Allspring Special Large Value ETF","NYSEARCA"
"ASM","Avino Silver & Gold Mines Ltd. Common Shares (Canada)","AMEX"
"ASMB","Assembly Biosciences, Inc.","NASDAQ"
"ASMF","Virtus AlphaSimplex Managed Futures ETF","NYSEARCA"
"ASMG","Leverage Shares 2X Long ASML Daily ETF","NASDAQ"
"ASMH","ASML Holding NV ADRhedged","NYSEARCA"
"ASML","ASML Holding N.V. - New York Registry Shares","NASDAQ"
"ASMU","Direxion Daily ASML Bull 2X ETF","NASDAQ"
"ASND","Ascendis Pharma A/S - Ordinary Share","NASDAQ"
"ASO","Academy Sports and Outdoors, Inc.","NASDAQ"
"ASPC","A SPAC III Acquisition Corp.","NASDAQ"
"ASPCR","A SPAC III Acquisition Corp. - Right","NASDAQ"
"ASPCU","A SPAC III Acquisition Corp. - Unit","NASDAQ"
"ASPI","ASP Isotopes Inc.","NASDAQ"
"ASPN","Aspen Aerogels, Inc.","NYSE"
"ASPS","Altisource Portfolio Solutions S.A.","NASDAQ"
"ASPSW","Altisource Portfolio Solutions S.A. - Net Settle Stakeholder Warrants","NASDAQ"
"ASPSZ","Altisource Portfolio Solutions S.A. - Cash Exercise Stakeholder Warrants","NASDAQ"
"ASR","Grupo Aeroportuario del Sureste, S.A. de C.V.","NYSE"
"ASRV","AmeriServ Financial Inc.","NASDAQ"
"ASST","Strive, Inc.","NASDAQ"
"ASTC","Astrotech Corporation","NASDAQ"
"ASTE","Astec Industries, Inc.","NASDAQ"
"ASTG","Leverage Shares 2X Long ASTS Daily ETF","BATS"
"ASTH","Astrana Health Inc.","NASDAQ"
"ASTI","Ascent Solar Technologies, Inc","NASDAQ"
"ASTL","Algoma Steel Group Inc. - Common Shares","NASDAQ"
"ASTLW","Algoma Steel Group Inc. - Warrant","NASDAQ"
"ASTN","Defiance Daily Target 2X Short ASTS ETF","BATS"
"ASTS","AST SpaceMobile, Inc.","NASDAQ"
"ASTX","Tradr 2X Long ASTS Daily ETF","BATS"
"ASTY","Defiance Daily Target 2X Long ASTS ETF","BATS"
"ASUP","T-REX 2X Long ASTS Daily Target ETF","BATS"
"ASUR","Asure Software Inc","NASDAQ"
"ASX","ASE Technology Holding Co., Ltd. American Depositary Shares (each representing Two Common Shares)","NYSE"
"ASYS","Amtech Systems, Inc.","NASDAQ"
"ATAI","AtaiBeckley Inc.","NASDAQ"
"ATAT","Atour Lifestyle Holdings Limited","NASDAQ"
"ATC","GraniteShares Autocallable COIN ETF","NASDAQ"
"ATCH","AtlasClear Holdings, Inc.","AMEX"
"ATCL","REX Autocallable Income ETF","NYSEARCA"
"ATCX","Atlas Critical Minerals Corporation","NASDAQ"
"ATEC","Alphatec Holdings, Inc.","NASDAQ"
"ATEN","A10 Networks, Inc.","NYSE"
"ATER","Aterian, Inc.","NASDAQ"
"ATEX","Anterix Inc.","NASDAQ"
"ATFV","Alger 35 ETF","NYSEARCA"
"ATGL","Alpha Technology Group Limited","NASDAQ"
"ATHE","Alterity Therapeutics Limited","NASDAQ"
"ATHM","Autohome Inc. American Depositary Shares, each representing four class A ordinary shares.","NYSE"
"ATHR","Aether Holdings, Inc.","NASDAQ"
"ATHS","Athene Holding Ltd. 7.250% Fixed-Rate Reset Junior Subordinated Debentures due 2064","NYSE"
"ATI","ATI Inc.","NYSE"
"ATII","Archimedes Tech SPAC Partners II Co.","NASDAQ"
"ATIIU","Archimedes Tech SPAC Partners II Co. - Unit","NASDAQ"
"ATIIW","Archimedes Tech SPAC Partners II Co. - Warrant","NASDAQ"
"ATKR","Atkore Inc.","NYSE"
"ATLC","Atlanticus Holdings Corporation","NASDAQ"
"ATLCL","Atlanticus Holdings Corporation - 6.125% Senior Notes due 2026","NASDAQ"
"ATLCP","Atlanticus Holdings Corporation - 7.625% Series B Cumulative Perpetual Preferred Stock, no par value per share","NASDAQ"
"ATLCZ","Atlanticus Holdings Corporation - 9.25% Senior Notes due 2029","NASDAQ"
"ATLN","Atlantic International Corp.","NASDAQ"
"ATLO","Ames National Corporation","NASDAQ"
"ATLX","Atlas Lithium Corporation","NASDAQ"
"ATMP","iPath Select MLP ETN","BATS"
"ATMU","Atmus Filtration Technologies Inc.","NYSE"
"ATNI","ATN International, Inc.","NASDAQ"
"ATNM","Actinium Pharmaceuticals, Inc. (Delaware)","AMEX"
"ATO","Atmos Energy Corporation","NYSE"
"ATOM","Atomera Incorporated","NASDAQ"
"ATOS","Atossa Therapeutics, Inc.","NASDAQ"
"ATPC","Agape ATP Corporation","NASDAQ"
"ATR","AptarGroup, Inc.","NYSE"
"ATRA","Atara Biotherapeutics, Inc.","NASDAQ"
"ATRC","AtriCure, Inc.","NASDAQ"
"ATRO","Astronics Corporation","NASDAQ"
"ATS","ATS Corporation Common Shares","NYSE"
"ATTR","Arin Tactical Tail Risk ETF","BATS"
"ATXG","Addentax Group Corp.","NASDAQ"
"ATYR","aTyr Pharma, Inc.","NASDAQ"
"AU","AngloGold Ashanti PLC","NYSE"
"AUAU","Global X Gold Miners ETF","NYSEARCA"
"AUB","Atlantic Union Bankshares Corporation","NYSE"
"AUBN","Auburn National Bancorporation, Inc.","NASDAQ"
"AUC","ATIF Holdings Limited","NASDAQ"
"AUDC","AudioCodes Ltd.","NASDAQ"
"AUGM","FT Vest U.S. Equity Max Buffer ETF - August","BATS"
"AUGO","Aura Minerals Inc. - Common Shares","NASDAQ"
"AUGP","PGIM S&P 500 Buffer 12 ETF - August","BATS"
"AUGT","AllianzIM U.S. Large Cap Buffer10 Aug ETF","BATS"
"AUGU","AllianzIM U.S. Equity Buffer15 Uncapped Aug ETF","BATS"
"AUGW","AllianzIM U.S. Large Cap Buffer20 Aug ETF","BATS"
"AUGZ","TrueShares Structured Outcome (August) ETF","BATS"
"AUID","authID Inc.","NASDAQ"
"AUMI","Themes Gold Miners ETF","NASDAQ"
"AUNA","Auna SA Class A","NYSE"
"AUPH","Aurinia Pharmaceuticals Inc - Common Shares","NASDAQ"
"AUR","Aurora Innovation, Inc.","NASDAQ"
"AURA","Aura Biosciences, Inc.","NASDAQ"
"AURE","Aurelion Inc.","NASDAQ"
"AUROW","Aurora Innovation, Inc.  - Warrant","NASDAQ"
"AUSF","Global X Adaptive U.S. Factor ETF","NYSEARCA"
"AUSM","Allspring Ultra Short Municipal ETF","NYSEARCA"
"AUST","Austin Gold Corp. Common Shares","AMEX"
"AUTL","Autolus Therapeutics plc","NASDAQ"
"AUUD","Auddia Inc.","NASDAQ"
"AV","Corgi Aerospace & Commercial Aviation ETF","BATS"
"AVA","Avista Corporation","NYSE"
"AVAH","Aveanna Healthcare Holdings Inc.","NASDAQ"
"AVAL","Grupo Aval Acciones y Valores S.A. ADR (Each representing 20 preferred shares)","NYSE"
"AVAT","Avalanche Treasury Corporation","NASDAQ"
"AVAV","AeroVironment, Inc.","NASDAQ"
"AVAZ","2x Avalanche ETF","BATS"
"AVB","AvalonBay Communities, Inc.","NYSE"
"AVBC","Avidia Bancorp, Inc.","NYSE"
"AVBH","Avidbank Holdings, Inc.","NASDAQ"
"AVBP","ArriVent BioPharma, Inc.","NASDAQ"
"AVD","American Vanguard Corporation Common Stock ($0.10 Par Value)","NYSE"
"AVDE","Avantis International Equity ETF","NYSEARCA"
"AVDS","Avantis International Small Cap Equity ETF","NYSEARCA"
"AVDV","Avantis International Small Cap Value ETF","NYSEARCA"
"AVEE","Avantis Emerging Markets Small Cap Equity ETF","NYSEARCA"
"AVEM","Avantis Emerging Markets Equity ETF","NYSEARCA"
"AVES","Avantis Emerging Markets Value ETF","NYSEARCA"
"AVEX","AEVEX Corp. Class A","NYSE"
"AVGB","Avantis Credit ETF","NASDAQ"
"AVGE","Avantis All Equity Markets ETF","NYSEARCA"
"AVGG","Leverage Shares 2X Long AVGO Daily ETF","NASDAQ"
"AVGO","Broadcom Inc.","NASDAQ"
"AVGU","GraniteShares 2x Long AVGO Daily ETF","NASDAQ"
"AVGV","Avantis All Equity Markets Value ETF","NYSEARCA"
"AVGW","Roundhill AVGO WeeklyPay ETF","BATS"
"AVGX","Defiance Daily Target 2X Long AVGO ETF","NASDAQ"
"AVIE","Avantis Inflation Focused Equity ETF","NYSEARCA"
"AVIG","Avantis Core Fixed Income ETF","NYSEARCA"
"AVIR","Atea Pharmaceuticals, Inc.","NASDAQ"
"AVIV","Avantis International Large Cap Value ETF","NYSEARCA"
"AVK","Advent Convertible and Income Fund","NYSE"
"AVL","Direxion Daily AVGO Bull 2X ETF","NASDAQ"
"AVLC","Avantis U.S. Large Cap Equity ETF","NYSEARCA"
"AVLN","Avalyn Pharma Inc.","NASDAQ"
"AVLV","Avantis U.S. Large Cap Value ETF","NYSEARCA"
"AVMA","Avantis Moderate Allocation ETF","NYSEARCA"
"AVMC","Avantis U.S. Mid Cap Equity ETF","NYSEARCA"
"AVMU","Avantis Core Municipal Fixed Income ETF","NYSEARCA"
"AVMV","Avantis U.S. Mid Cap Value ETF","NYSEARCA"
"AVNM","Avantis All International Markets Equity ETF","NYSEARCA"
"AVNS","Avanos Medical, Inc.","NYSE"
"AVNT","Avient Corporation","NYSE"
"AVNV","Avantis All International Markets Value ETF","NYSEARCA"
"AVNW","Aviat Networks, Inc.","NASDAQ"
"AVO","Mission Produce, Inc.","NASDAQ"
"AVOS","Avos Global Equities ETF","NASDAQ"
"AVPT","AvePoint, Inc.","NASDAQ"
"AVR","Anteris Technologies Global Corp.","NASDAQ"
"AVRE","Avantis Real Estate ETF","NYSEARCA"
"AVRY","Avory Foundational ETF","BATS"
"AVS","Direxion Daily AVGO Bear 1X ETF","NASDAQ"
"AVSC","Avantis U.S Small Cap Equity ETF","NYSEARCA"
"AVSD","Avantis Responsible International Equity ETF","NYSEARCA"
"AVSE","Avantis Responsible Emerging Markets Equity ETF","NYSEARCA"
"AVSF","Avantis Short-Term Fixed Income ETF","NYSEARCA"
"AVSU","Avantis Responsible U.S. Equity ETF","NYSEARCA"
"AVT","Avnet, Inc.","NASDAQ"
"AVTM","Avantis Total Equity Markets ETF","NYSEARCA"
"AVTR","Avantor, Inc.","NYSE"
"AVTX","Avalo Therapeutics, Inc.","NASDAQ"
"AVUQ","Avantis U.S. Quality ETF","NASDAQ"
"AVUS","Avantis U.S. Equity ETF","NYSEARCA"
"AVUV","Avantis U.S. Small Cap Value ETF","NYSEARCA"
"AVX","Avax One Technology Ltd. - Common Shares","NASDAQ"
"AVXC","Avantis Emerging Markets ex-China Equity ETF","NASDAQ"
"AVXL","Anavex Life Sciences Corp.","NASDAQ"
"AVXX","Defiance Daily Target 2x Long AVAV ETF","NASDAQ"
"AVY","Avery Dennison Corporation","NYSE"
"AWAY","Amplify Travel Tech ETF","NYSEARCA"
"AWF","Alliancebernstein Global High Income Fund","NYSE"
"AWI","Armstrong World Industries Inc","NYSE"
"AWK","American Water Works Company, Inc.","NYSE"
"AWP","abrdn Global Premier Properties Fund Common Shares of Beneficial Interest","NYSE"
"AWR","American States Water Company","NYSE"
"AWRE","Aware, Inc.","NASDAQ"
"AWX","Avalon Holdings Corporation","AMEX"
"AX","Axos Financial, Inc.","NYSE"
"AXG","Solowin Holdings","NASDAQ"
"AXGN","Axogen, Inc.","NASDAQ"
"AXIA","AXIA Energia American Depositary Shares (Each representing one Common Share)","NYSE"
"AXIL","AXIL Brands, Inc.","AMEX"
"AXIN","Axiom Intelligence Acquisition Corp 1","NASDAQ"
"AXINR","Axiom Intelligence Acquisition Corp 1 - Right","NASDAQ"
"AXINU","Axiom Intelligence Acquisition Corp 1 - Units","NASDAQ"
"AXON","Axon Enterprise, Inc.","NASDAQ"
"AXP","American Express Company","NYSE"
"AXPG","Leverage Shares 2x Long AXP Daily ETF","NASDAQ"
"AXR","AMREP Corporation","NYSE"
"AXS","Axis Capital Holdings Limited","NYSE"
"AXSM","Axsome Therapeutics, Inc.","NASDAQ"
"AXTA","Axalta Coating Systems Ltd. Common Shares","NYSE"
"AXTI","AXT Inc","NASDAQ"
"AXTL","Leverage Shares 2X Long AXTI Daily ETF","BATS"
"AXTU","T-REX 2X Long AXTI Daily Target ETF","BATS"
"AXTX","Tradr 2X Long AXTI Daily ETF","BATS"
"AYA","Aya Gold & Silver Inc. - Common Shares","NASDAQ"
"AYI","Acuity Inc.","NYSE"
"AYTU","Aytu BioPharma, Inc.","NASDAQ"
"AZ","A2Z Cust2Mate Solutions Corp. - Common Shares","NASDAQ"
"AZI","Autozi Internet Technology (Global) Ltd.","NASDAQ"
"AZN","AstraZeneca PLC","NYSE"
"AZO","AutoZone, Inc.","NYSE"
"AZTA","Azenta, Inc.","NASDAQ"
"AZTD","Aztlan Global Stock Selection DM SMID ETF","NYSEARCA"
"AZTR","Azitra Inc","AMEX"
"AZUL","Azul S.A. American Depositary Shares, each representing two (2) Common Shares","AMEX"
"AZYY","GraniteShares YieldBoost AMZN ETF","NASDAQ"
"AZZ","AZZ Inc.","NYSE"
"B","Barrick Mining Corporation Common Shares","NYSE"
"BA","Boeing Company (The)","NYSE"
"BAB","Invesco Taxable Municipal Bond ETF","NYSEARCA"
"BABA","Alibaba Group Holding Limited American Depositary Shares each representing eight Ordinary share","NYSE"
"BABO","YieldMax BABA Option Income Strategy ETF","NYSEARCA"
"BABU","Direxion Daily BABA Bull 2X ETF","NASDAQ"
"BABW","Roundhill BABA WeeklyPay ETF","BATS"
"BABX","GraniteShares 2x Long BABA Daily ETF","NASDAQ"
"BAC","Bank of America Corporation","NYSE"
"BACC","Blue Acquisition Corp.","NASDAQ"
"BACCR","Blue Acquisition Corp. - Right","NASDAQ"
"BACCU","Blue Acquisition Corp. - Unit","NASDAQ"
"BAER","Bridger Aerospace Group Holdings, Inc.","NASDAQ"
"BAERW","Bridger Aerospace Group Holdings, Inc. - Warrant","NASDAQ"
"BAFE","Brown Advisory Flexible Equity ETF","NASDAQ"
"BAFN","BayFirst Financial Corp.","NASDAQ"
"BAGY","Amplify Bitcoin Max Income Covered Call ETF","BATS"
"BAH","Booz Allen Hamilton Holding Corporation","NYSE"
"BAI","iShares A.I. Innovation and Tech Active ETF","NYSEARCA"
"BAIG","Leverage Shares 2X Long BBAI Daily ETF","NASDAQ"
"BAIV","Brown Advisory International Value Select ETF","NASDAQ"
"BAK","Braskem SA ADR","NYSE"
"BALI","iShares U.S. Large Cap Premium Income Active ETF","BATS"
"BALL","Ball Corporation","NYSE"
"BALQ","iShares Nasdaq Premium Income Active ETF","NASDAQ"
"BALT","Innovator Defined Wealth Shield ETF","BATS"
"BALY","Bally's Corporation","NYSE"
"BAM","Brookfield Asset Management Inc Class A Limited Voting Shares","NYSE"
"BAMA","Brookstone Active ETF","BATS"
"BAMB","Brookstone Intermediate Bond ETF","BATS"
"BAMD","Brookstone Dividend Stock ETF","BATS"
"BAMG","Brookstone Growth Stock ETF","BATS"
"BAMO","Brookstone Opportunities ETF","BATS"
"BAMU","Brookstone Ultra-Short Bond ETF","BATS"
"BAMV","Brookstone Value Stock ETF","BATS"
"BAMY","Brookstone Yield ETF","BATS"
"BANC","Banc of California, Inc.","NYSE"
"BAND","Bandwidth Inc.","NASDAQ"
"BANF","BancFirst Corporation","NASDAQ"
"BANFP","BancFirst Corporation - 7.2% Cumulative Trust Preferred Securities","NASDAQ"
"BANL","CBL International Limited","NASDAQ"
"BANR","Banner Corporation","NASDAQ"
"BANX","ArrowMark Financial Corp. - Closed End Fund","NASDAQ"
"BAOS","Baosheng Media Group Holdings Limited","NASDAQ"
"BAP","Credicorp Ltd.","NYSE"
"BAPR","Innovator U.S. Equity Buffer ETF - April","BATS"
"BAR","GraniteShares Gold Trust Shares of Beneficial Interest","NYSEARCA"
"BARK","BARK, Inc. Class A","NYSE"
"BASG","Brown Advisory Sustainable Growth ETF","NASDAQ"
"BASV","Brown Advisory Sustainable Value ETF","NASDAQ"
"BATL","Battalion Oil Corporation","AMEX"
"BATRA","Atlanta Braves Holdings, Inc. - Series A","NASDAQ"
"BATRK","Atlanta Braves Holdings, Inc. - Series C","NASDAQ"
"BATT","Amplify Lithium & Battery Technology ETF","NYSEARCA"
"BAUG","Innovator U.S. Equity Buffer ETF - August","BATS"
"BAVA","Common Shares of Beneficial Interest of Bitwise Avalanche ETF","NYSEARCA"
"BAX","Baxter International Inc.","NYSE"
"BAY","Corgi Bay Area Based ETF","BATS"
"BAYA","Bayview Acquisition Corp - Ordinary Share","NASDAQ"
"BAYAR","Bayview Acquisition Corp - Right","NASDAQ"
"BAYAU","Bayview Acquisition Corp - Unit","NASDAQ"
"BB","BlackBerry Limited","NYSE"
"BBAG","JPMorgan BetaBuilders U.S. Aggregate Bond ETF","BATS"
"BBAI","BigBear.ai, Inc.","NYSE"
"BBAI.W","BigBear.ai, Inc. Redeemable Warrants, each exercisable for one share of Common Stock at an exercise price of $11.50 per share","NYSE"
"BBAR","Banco BBVA Argentina S.A. ADS","NYSE"
"BBAX","JPMorgan BetaBuilders Developed Asia Pacific-ex Japan ETF","BATS"
"BBB","CYBER HORNET S&P 500 and Bitcoin 75/25 Strategy ETF","NASDAQ"
"BBBI","BondBloxx BBB Rated 5-10 Year Corporate Bond ETF","NYSEARCA"
"BBBL","BondBloxx BBB Rated 10+ Year Corporate Bond ETF","NYSEARCA"
"BBBS","BondBloxx BBB Rated 1-5 Year Corporate Bond ETF","NYSEARCA"
"BBBY","Bed Bath & Beyond, Inc.","NYSE"
"BBBY.W","Bed Bath & Beyond, Inc. Warrants to Purchase","NYSE"
"BBC","Virtus Biotech Clinical Trials ETF","NYSEARCA"
"BBCA","JPMorgan BetaBuilders Canada ETF","BATS"
"BBCB","JPMorgan BetaBuilders USD Investment Grade Corporate Bond ETF","BATS"
"BBCP","Concrete Pumping Holdings, Inc.","NASDAQ"
"BBCQ","Bleichroeder Acquisition Corp. II","NASDAQ"
"BBCQU","Bleichroeder Acquisition Corp. II - Units","NASDAQ"
"BBCQW","Bleichroeder Acquisition Corp. II - Warrants","NASDAQ"
"BBD","Banco Bradesco Sa American Depositary Shares","NYSE"
"BBDC","Barings BDC, Inc.","NYSE"
"BBDO","Banco Bradesco Sa American Depositary Shares (each representing one Common Share)","NYSE"
"BBEM","JPMorgan BetaBuilders Emerging Markets Equity ETF","BATS"
"BBEU","JPMorgan BetaBuilders Europe ETF","BATS"
"BBGI","Beasley Broadcast Group, Inc.","NASDAQ"
"BBH","VanEck Biotech ETF","NASDAQ"
"BBHL","BBH Select Large Cap ETF","NYSEARCA"
"BBHM","BBH Select Mid Cap ETF","NYSEARCA"
"BBHY","JPMorgan BetaBuilders USD High Yield Corporate Bond ETF","BATS"
"BBIB","JPMorgan BetaBuilders U.S. Treasury Bond 3-10 Year ETF","BATS"
"BBIN","JPMorgan BetaBuilders International Equity ETF","BATS"
"BBIO","BridgeBio Pharma, Inc.","NASDAQ"
"BBJP","JPMorgan BetaBuilders Japan ETF","BATS"
"BBLB","JPMorgan BetaBuilders U.S. Treasury Bond 20+ Year ETF","BATS"
"BBLG","Bone Biologics Corp","NASDAQ"
"BBLGW","Bone Biologics Corp - warrants","NASDAQ"
"BBLU","EA Bridgeway Blue Chip ETF","NYSEARCA"
"BBMC","JPMorgan BetaBuilders U.S. Mid Cap Equity ETF","BATS"
"BBN","BlackRock Taxable Municipal Bond Trust Common Shares of Beneficial Interest","NYSE"
"BBNX","Beta Bionics, Inc.","NASDAQ"
"BBOT","BridgeBio Oncology Therapeutics, Inc.","NASDAQ"
"BBP","Virtus Biotech ETF","NYSEARCA"
"BBRE","JPMorgan BetaBuilders MSCI U.S. REIT ETF","BATS"
"BBSB","JPMorgan BetaBuilders U.S. Treasury Bond 1-3 Year ETF","BATS"
"BBSC","JPMorgan BetaBuilders U.S. Small Cap Equity ETF","BATS"
"BBSI","Barrett Business Services, Inc.","NASDAQ"
"BBT","Beacon Financial Corporation","NYSE"
"BBUC","Brookfield Business Corporation Class A Subordinate Voting Shares","NYSE"
"BBUS","JPMorgan BetaBuilders U.S. Equity ETF","BATS"
"BBVA","Banco Bilbao Vizcaya Argentaria S.A.","NYSE"
"BBW","Build-A-Bear Workshop, Inc.","NYSE"
"BBWI","Bath & Body Works, Inc.","NYSE"
"BBY","Best Buy Co., Inc.","NYSE"
"BBYY","GraniteShares YieldBOOST BABA ETF","NASDAQ"
"BC","Brunswick Corporation","NYSE"
"BCAB","BioAtla, Inc.","NASDAQ"
"BCAL","California BanCorp","NASDAQ"
"BCAR","D. Boral ARC Acquisition I Corp.","NASDAQ"
"BCARU","D. Boral ARC Acquisition I Corp. - Units","NASDAQ"
"BCARW","D. Boral ARC Acquisition I Corp. - Warrant","NASDAQ"
"BCAT","BlackRock Capital Allocation Term Trust Common Shares of Beneficial Interest","NYSE"
"BCAX","Bicara Therapeutics Inc.","NASDAQ"
"BCBP","BCB Bancorp, Inc. (NJ)","NASDAQ"
"BCC","Boise Cascade, L.L.C.","NYSE"
"BCCC","Global X Bitcoin Covered Call ETF","BATS"
"BCD","abrdn Bloomberg All Commodity Longer Dated Strategy K-1 Free ETF","NYSEARCA"
"BCDA","BioCardia, Inc.","NASDAQ"
"BCDF","Horizon Kinetics Blockchain Development ETF","NYSEARCA"
"BCE","BCE, Inc.","NYSE"
"BCEM","Baron Emerging Markets Select ETF","NYSE"
"BCFN","Baron Financials ETF","NASDAQ"
"BCG","Binah Capital Group, Inc.","NASDAQ"
"BCGD","Baron Global Durable Advantage ETF","NYSE"
"BCGS","Bancreek Global Select ETF","NYSEARCA"
"BCGWW","Binah Capital Group, Inc. - Warrants","NASDAQ"
"BCH","Banco De Chile ADS","NYSE"
"BCHI","GMO Beyond China ETF","NYSEARCA"
"BCHP","Principal Focused Blue Chip ETF","BATS"
"BCHT","Birchtech Corp.","AMEX"
"BCI","abrdn Bloomberg All Commodity Strategy K-1 Free ETF","NYSEARCA"
"BCIC","BCP Investment Corporation - Closed End Fund","NASDAQ"
"BCIL","Bancreek International Large Cap ETF","NYSEARCA"
"BCKT","LifeX 2030 Income Bucket ETF","BATS"
"BCLO","iShares BBB-B CLO Active ETF","NASDAQ"
"BCML","BayCom Corp","NASDAQ"
"BCO","Brinks Company (The)","NYSE"
"BCOR","Grayscale Bitcoin Adopters ETF","NYSEARCA"
"BCPC","Balchem Corporation","NASDAQ"
"BCPL","BNY Mellon Core Plus ETF","NYSEARCA"
"BCRX","BioCryst Pharmaceuticals, Inc.","NASDAQ"
"BCS","Barclays PLC","NYSE"
"BCSF","Bain Capital Specialty Finance, Inc.","NYSE"
"BCSM","Baron SMID Cap ETF","NYSE"
"BCSS","Bain Capital GSS Investment Corp. Class A","NYSE"
"BCSS.U","Bain Capital GSS Investment Corp. Units, each consisting of one Class A Ordinary Share and one-fifth of one redeemable warrant","NYSE"
"BCSS.W","Bain Capital GSS Investment Corp. Redeemable warrants, each whole warrant exercisable for one Class A ordinary share at an exercise price of $11.50","NYSE"
"BCTK","Baron Technology ETF","NASDAQ"
"BCTX","BriaCell Therapeutics Corp. - Common Shares","NASDAQ"
"BCTXL","BriaCell Therapeutics Corp. - Warrants","NASDAQ"
"BCTXZ","BriaCell Therapeutics Corp. - Warrant","NASDAQ"
"BCUS","Bancreek U.S. Large Cap ETF","NYSEARCA"
"BCV","Bancroft Fund, Ltd.","AMEX"
"BCX","BlackRock Resources Common Shares of Beneficial Interest","NYSE"
"BCYC","Bicycle Therapeutics plc","NASDAQ"
"BD","Russell Investments Core Plus Bond ETF","NYSEARCA"
"BDBT","Bluemonte Core Bond ETF","NYSEARCA"
"BDC","Belden Inc","NYSE"
"BDCI","BTC Development Corp.","NASDAQ"
"BDCIU","BTC Development Corp. - Unit","NASDAQ"
"BDCIW","BTC Development Corp. - Warrant","NASDAQ"
"BDCX","ETRACS Quarterly Pay 1.5x Leveraged MarketVector BDC Liquid Index ETN due June 10, 2050","NYSEARCA"
"BDCZ","ETRACS MarketVector Business Development Companies Liquid Index ETN due April 26, 2041","NYSEARCA"
"BDEC","Innovator U.S. Equity Buffer ETF - December","BATS"
"BDGS","Bridges Capital Tactical ETF","NASDAQ"
"BDIV","AAM Brentview Dividend Growth ETF","NYSEARCA"
"BDJ","Blackrock Enhanced Equity Dividend Trust","NYSE"
"BDL","Flanigan's Enterprises, Inc.","AMEX"
"BDMD","Baird Medical Investment Holdings Ltd - Ordinary Share","NASDAQ"
"BDMDW","Baird Medical Investment Holdings Ltd - Warrant","NASDAQ"
"BDN","Brandywine Realty Trust","NYSE"
"BDRX","Biodexa Pharmaceuticals plc","NASDAQ"
"BDRY","Breakwave Dry Bulk Shipping ETF","NYSEARCA"
"BDSX","Biodesix, Inc.","NASDAQ"
"BDTX","Black Diamond Therapeutics, Inc.","NASDAQ"
"BDVG","IMGP Berkshire Dividend Growth ETF","NYSEARCA"
"BDVL","iShares Disciplined Volatility Equity Active ETF","NASDAQ"
"BDX","Becton, Dickinson and Company","NYSE"
"BDYN","iShares Dynamic Equity Active ETF","NASDAQ"
"BE","Bloom Energy Corporation Class A","NYSE"
"BEAG","Bold Eagle Acquisition Corp.","NASDAQ"
"BEAGR","Bold Eagle Acquisition Corp. - Right","NASDAQ"
"BEAGU","Bold Eagle Acquisition Corp. - Units","NASDAQ"
"BEAM","Beam Therapeutics Inc.","NASDAQ"
"BEAT","Heartbeam, Inc.","NASDAQ"
"BEATW","Heartbeam, Inc. - Warrant","NASDAQ"
"BEBE","TGE Value Creative Solutions Corp Class A","NYSE"
"BEBE.U","TGE Value Creative Solutions Corp Units, each consisting of one Class A ordinary share and one-half of one redeemable warrant","NYSE"
"BEBE.W","TGE Value Creative Solutions Corp Redeemable warrants, each whole warrant exercisable for one Class A ordinary share at an exercise price of $11.50 pe","NYSE"
"BEDY","BNY Mellon Enhanced Dividend and Income ETF","NASDAQ"
"BEDZ","AdvisorShares Hotel ETF","NYSEARCA"
"BEEM","Beam Global","NASDAQ"
"BEEP","Mobile Infrastructure Corporation","NASDAQ"
"BEEX","The Beehive ETF","NASDAQ"
"BEEZ","Honeytree U.S. Equity ETF","NASDAQ"
"BEG","Leverage Shares 2x Long BE Daily ETF","NASDAQ"
"BEGS","Rareview 2x Bull Cryptocurrency & Precious Metals ETF","BATS"
"BEKE","KE Holdings Inc American Depositary Shares (each representing three Class A Ordinary Shares)","NYSE"
"BELFA","Bel Fuse Inc.","NASDAQ"
"BELFB","Bel Fuse Inc.","NASDAQ"
"BELT","iShares U.S. Select Equity Active ETF","NASDAQ"
"BEMB","iShares J.P. Morgan Broad USD Emerging Markets Bond ETF","BATS"
"BEN","Franklin Resources, Inc.","NYSE"
"BENF","Beneficient","NASDAQ"
"BENFW","Beneficient - Warrant","NASDAQ"
"BENJ","Horizon Landmark ETF","NYSEARCA"
"BEP","Brookfield Renewable Partners L.P. Limited Partnership Units","NYSE"
"BEPC","Brookfield Renewable Corporation Brookfield Renewable Corporation Class A Subordinate Voting Shares","NYSE"
"BEPH","Brookfield BRP Holdings (Canada) Inc. 4.625% Perpetual Subordinated Notes","NYSE"
"BEPI","Brookfield BRP Holdings (Canada) Inc. 4.875% Perpetual Subordinated Notes","NYSE"
"BEPJ","Brookfield BRP Holdings (Canada) Inc. 7.250% Perpetual Subordinated Notes","NYSE"
"BERZ","MicroSectors FANG & Innovation -3x Inverse Leveraged ETN","NYSEARCA"
"BESF","Bastion Energy ETF","BATS"
"BESO","GSR Crypto Core3 ETF","NASDAQ"
"BESS","Bimergen Energy Corporation","AMEX"
"BESS.W","Bimergen Energy Corporation Warrants, each share exercisable to purchase one share of","AMEX"
"BETA","Beta Technologies, Inc. Class A","NYSE"
"BETE","ProShares Bitcoin & Ether Equal Weight ETF","NYSEARCA"
"BETH","ProShares Bitcoin & Ether Market Cap Weight ETF","NYSEARCA"
"BETR","Better Home & Finance Holding Company","NASDAQ"
"BETRW","Better Home & Finance Holding Company - Warrant","NASDAQ"
"BETZ","Roundhill Sports Betting & iGaming ETF","NYSEARCA"
"BEX","Tradr 2X Long BE Daily ETF","BATS"
"BEZ","Tradr 2X Short BE Daily ETF","BATS"
"BF.A","Brown Forman Inc Class A","NYSE"
"BF.B","Brown Forman Inc Class B","NYSE"
"BFAM","Bright Horizons Family Solutions Inc.","NYSE"
"BFAP","FT Vest Bitcoin Strategy Floor15 ETF April","NYSEARCA"
"BFC","Bank First Corporation","NASDAQ"
"BFEB","Innovator U.S. Equity Buffer ETF - February","BATS"
"BFEW","FT Vest Laddered U.S. Equity Equal Weight Buffer ETF","BATS"
"BFH","Bread Financial Holdings, Inc.","NYSE"
"BFIX","Build Bond Innovation ETF","NYSEARCA"
"BFJA","FT Vest Bitcoin Strategy Floor15 ETF - January","NYSEARCA"
"BFJL","FT Vest Bitcoin Strategy Floor15 ETF July","NYSEARCA"
"BFLB","BufferLABS US Equity Dynamic Buffer ETF","BATS"
"BFLX","iShares Flexible Equity Active ETF","NASDAQ"
"BFLY","Butterfly Network, Inc. Class A","NYSE"
"BFOC","FT Vest Bitcoin Strategy Floor15 ETF - October","NYSEARCA"
"BFOR","Barron's 400 ETF","NYSEARCA"
"BFRG","Bullfrog AI Holdings, Inc.","NASDAQ"
"BFRGW","Bullfrog AI Holdings, Inc. - Warrants","NASDAQ"
"BFRI","Biofrontera Inc.","NASDAQ"
"BFRIW","Biofrontera Inc. - Warrants","NASDAQ"
"BFRZ","Innovator Equity Managed 100 Buffer ETF","NYSEARCA"
"BFS","Saul Centers, Inc.","NYSE"
"BFST","Business First Bancshares, Inc.","NASDAQ"
"BFXU","FT Vest Laddered U.S. Equity Uncapped Accelerator ETF","BATS"
"BG","Bunge Limited Common Shares","NYSE"
"BGB","Blackstone Strategic Credit 2027 Term Fund Common Shares of Beneficial Interest","NYSE"
"BGC","BGC Group, Inc.","NASDAQ"
"BGCG","Baillie Gifford International Concentrated Growth ETF","NASDAQ"
"BGDE","Big Digital Energy, Inc.","NASDAQ"
"BGDV","Bahl & Gaynor Dividend ETF","NYSEARCA"
"BGEG","Baillie Gifford Emerging Markets ETF","NASDAQ"
"BGGG","Baillie Gifford Long Term Global Growth ETF","NASDAQ"
"BGH","Barings Global Short Duration High Yield Fund Common Shares of Beneficial Interests","NYSE"
"BGI","Birks Group Inc.","AMEX"
"BGIA","Baillie Gifford International Alpha ETF","NASDAQ"
"BGIG","Bahl & Gaynor Income Growth ETF","NYSEARCA"
"BGIN","Bgin Blockchain Limited","NASDAQ"
"BGL","Blue Gold Limited","NASDAQ"
"BGLC","BioNexus Gene Lab Corp","NASDAQ"
"BGLD","FT Vest Gold Strategy Quarterly Buffer ETF","BATS"
"BGLWW","Blue Gold Limited - Warrant","NASDAQ"
"BGM","BGM Group Ltd.","NASDAQ"
"BGMS","Bio Green Med Solution, Inc.","NASDAQ"
"BGR","BlackRock Energy and Resources Trust","NYSE"
"BGRN","iShares USD Green Bond ETF","NASDAQ"
"BGRO","iShares Large Cap Growth Active ETF","NASDAQ"
"BGS","B&G Foods, Inc.","NYSE"
"BGSF","BGSF, Inc.","NYSE"
"BGSI","Boyd Group Services Inc. Common Shares","NYSE"
"BGT","BlackRock Floating Rate Income Trust","NYSE"
"BGX","Blackstone Long Short Credit Income Fund Common Shares","NYSE"
"BGY","Blackrock Enhanced International Dividend Trust","NYSE"
"BH","Biglari Holdings Inc. Class B","NYSE"
"BH.A","Biglari Holdings Inc. Class A","NYSE"
"BHAV","BHAV Acquisition Corp","NASDAQ"
"BHAVR","BHAV Acquisition Corp - Rights","NASDAQ"
"BHAVU","BHAV Acquisition Corp - Units","NASDAQ"
"BHB","Bar Harbor Bankshares, Inc.","AMEX"
"BHC","Bausch Health Companies Inc.","NYSE"
"BHDG","Nicholas Bitcoin Tail ETF","NASDAQ"
"BHE","Benchmark Electronics, Inc.","NYSE"
"BHF","Brighthouse Financial, Inc.","NASDAQ"
"BHFAL","Brighthouse Financial, Inc. - Junior Subordinated Debentures due 2058","NASDAQ"
"BHFAM","Brighthouse Financial, Inc. - Depositary shares each representing a 1/1,000th Interest in a Share of 4.625% Non-Cumulative Preferred Stock, Series D","NASDAQ"
"BHFAN","Brighthouse Financial, Inc. - depositary shares, each representing a 1/1,000th interest in a share of 5.375% Non-Cumulative Preferred Stock, Series C","NASDAQ"
"BHFAO","Brighthouse Financial, Inc. - Depositary Shares, each representing a 1/1,000th interest in a share of 6.750% Non-Cumulative Preferred Stock, Series B","NASDAQ"
"BHFAP","Brighthouse Financial, Inc. - Depositary Shares 6.6% Non-Cumulative Preferred Stock, Series A","NASDAQ"
"BHK","Blackrock Core Bond Trust","NYSE"
"BHM","Bluerock Homes Trust, Inc. Class A","AMEX"
"BHP","BHP Group Limited American Depositary Shares (Each representing two Ordinary Shares)","NYSE"
"BHR","Braemar Hotels & Resorts Inc.","NYSE"
"BHRB","Burke & Herbert Financial Services Corp.","NASDAQ"
"BHST","BioHarvest Sciences Inc.","NASDAQ"
"BHV","BlackRock Virginia Municipal Bond Trust","NYSE"
"BHVN","Biohaven Ltd. Common Shares","NYSE"
"BHYB","Xtrackers USD High Yield BB-B ex Financials ETF","BATS"
"BHYP","Common Shares of Beneficial Interest of Bitwise Hyperliquid ETF","NYSEARCA"
"BIAF","bioAffinity Technologies, Inc.","NASDAQ"
"BIAFW","bioAffinity Technologies, Inc. - Warrant","NASDAQ"
"BIB","ProShares Ultra Nasdaq Biotechnology","NASDAQ"
"BIBL","Inspire 100 ETF","NYSEARCA"
"BIDD","iShares International Dividend Active ETF","NYSEARCA"
"BIDG","Leverage Shares 2X Long BIDU Daily ETF","NASDAQ"
"BIDU","Baidu, Inc.","NASDAQ"
"BIDWU","Tribeca Strategic Acquisition Corp. - Unit","NASDAQ"
"BIGY","YieldMax Target 12 Big 50 Option Income ETF","NYSEARCA"
"BIIB","Biogen Inc.","NASDAQ"
"BIII","Black Spade Acquisition III Co Class A","NYSE"
"BIII.U","Black Spade Acquisition III Co Units, each consisting of one Class A ordinary share and one-third of one redeemable warrant","NYSE"
"BIII.W","Black Spade Acquisition III Co Redeemable warrants, each whole warrant exercisable for one Class A ordinary share at an exercise price of $11.50","NYSE"
"BIL","State Street SPDR Bloomberg 1-3 Month T-Bill ETF","NYSEARCA"
"BILD","Nomura Global Listed Infrastructure ETF","NYSEARCA"
"BILI","Bilibili Inc.","NASDAQ"
"BILL","BILL Holdings, Inc.","NYSE"
"BILS","State Street SPDR Bloomberg 3-12 Month T-Bill ETF","NYSEARCA"
"BILT","iShares Infrastructure Active ETF","BATS"
"BILZ","PIMCO Ultra Short Government Active Exchange-Traded Fund","NYSEARCA"
"BINC","iShares Flexible Income Active ETF","NYSEARCA"
"BINT","Bluemonte Global Equity ETF","NYSEARCA"
"BINV","Brandes International ETF","BATS"
"BIO","Bio-Rad Laboratories, Inc. Class A","NYSE"
"BIO.B","Bio-Rad Laboratories, Inc. Class B","NYSE"
"BIOA","BioAge Labs, Inc.","NASDAQ"
"BIOX","Bioceres Crop Solutions Corp.","NASDAQ"
"BIOY","GraniteShares YieldBOOST Biotech ETF","NASDAQ"
"BIP","Brookfield Infrastructure Partners LP Limited Partnership Units","NYSE"
"BIPC","Brookfield Infrastructure Corporation Brookfield Infrastructure Corporation","NYSE"
"BIPH","Brookfield Infrastructure Corporation 5.000% Subordinated Notes due 2081","NYSE"
"BIPI","BIP Bermuda Holdings I Limited 5.125% Perpetual Subordinated Notes","NYSE"
"BIPJ","Brookfield Infrastructure Corporation 7.250% Subordinated Notes due 2084","NYSE"
"BIRD","Smartbird, Inc.","NASDAQ"
"BIRK","Birkenstock Holding plc","NYSE"
"BIS","ProShares UltraShort Nasdaq Biotechnology","NASDAQ"
"BIT","BlackRock Multi-Sector Income Trust Common Shares of Beneficial Interest","NYSE"
"BITA","iShares Bitcoin Premium Income ETF","NASDAQ"
"BITB","Bitwise Bitcoin ETF","NYSEARCA"
"BITC","Bitwise Trendwise Bitcoin and Treasuries Rotation Strategy ETF","NYSEARCA"
"BITI","ProShares Short Bitcoin ETF","NYSEARCA"
"BITK","Tuttle Capital IBIT 0DTE Covered Call ETF","BATS"
"BITO","ProShares Bitcoin ETF","NYSEARCA"
"BITQ","Bitwise Crypto Industry Innovators ETF","NYSEARCA"
"BITS","Global X Blockchain & Bitcoin Strategy ETF","NASDAQ"
"BITU","ProShares Ultra Bitcoin ETF","NYSEARCA"
"BITW","Common Shares of Beneficial Interest","NYSEARCA"
"BITX","2x Bitcoin Strategy ETF","BATS"
"BITY","Amplify Bitcoin 2% Monthly Option Income ETF","BATS"
"BIV","Vanguard Intermediate-Term Bond ETF","NYSEARCA"
"BIVI","BioVie Inc.","NASDAQ"
"BIVIW","BioVie Inc. - Warrant","NASDAQ"
"BIXI","Bitcoin Infrastructure Acquisition Corp Ltd.","NASDAQ"
"BIXIU","Bitcoin Infrastructure Acquisition Corp Ltd. - Units","NASDAQ"
"BIXIW","Bitcoin Infrastructure Acquisition Corp Ltd. - Warrants","NASDAQ"
"BIYA","Baiya International Group Inc.","NASDAQ"
"BIZD","VanEck BDC Income ETF","NYSEARCA"
"BJ","BJ's Wholesale Club Holdings, Inc.","NYSE"
"BJAN","Innovator U.S. Equity Buffer ETF - January","BATS"
"BJDX","Bluejay Diagnostics, Inc.","NASDAQ"
"BJRI","BJ's Restaurants, Inc.","NASDAQ"
"BJUL","Innovator U.S. Equity Buffer ETF - July","BATS"
"BJUN","Innovator U.S. Equity Buffer ETF - June","BATS"
"BKAG","BNY Mellon Core Bond ETF","NYSEARCA"
"BKCG","BNY Mellon Concentrated Growth ETF","NYSEARCA"
"BKCH","Global X Blockchain ETF","NASDAQ"
"BKCI","BNY Mellon Concentrated International ETF","NYSEARCA"
"BKD","Brookdale Senior Living Inc.","NYSE"
"BKDV","BNY Mellon Dynamic Value ETF","NYSEARCA"
"BKE","Buckle, Inc. (The)","NYSE"
"BKEM","BNY Mellon Emerging Markets Equity ETF","NYSEARCA"
"BKF","iShares MSCI BIC ETF","NYSEARCA"
"BKFI","BNY Mellon Active Core Bond ETF","NYSEARCA"
"BKGI","BNY Mellon Global Infrastructure Income ETF","BATS"
"BKH","Black Hills Corporation","NYSE"
"BKHA","Black Hawk Acquisition Corporation","NASDAQ"
"BKHAR","Black Hawk Acquisition Corporation - Rights","NASDAQ"
"BKHAU","Black Hawk Acquisition Corporation - Units","NASDAQ"
"BKHY","BNY Mellon High Yield ETF","NYSEARCA"
"BKIE","BNY Mellon International Equity ETF","NYSEARCA"
"BKKT","Bakkt, Inc. Class A","NYSE"
"BKKT.W","Bakkt, Inc. Warrants to purchase Class A Common Stock, each Warrant entitles a holder to purchase 1/25th of a share of Class A common stock at an exer","NYSE"
"BKLC","BNY Mellon US Large Cap Core Equity ETF","NYSEARCA"
"BKLG","BNY Mellon US Large Cap Equity Growth ETF","NYSEARCA"
"BKLN","Invesco Senior Loan ETF","NYSEARCA"
"BKMC","BNY Mellon US Mid Cap Core Equity ETF","NYSEARCA"
"BKMI","BNY Mellon Municipal Intermediate ETF","NASDAQ"
"BKMS","BNY Mellon Municipal Short Duration ETF","NASDAQ"
"BKNG","Booking Holdings Inc.","NASDAQ"
"BKR","Baker Hughes Company","NASDAQ"
"BKSE","BNY Mellon US Small Cap Core Equity ETF","NYSEARCA"
"BKSY","BlackSky Technology Inc. Class A","NYSE"
"BKSY.W","BlackSky Technology Inc. Redeemable Warrants, each whole Warrant exercisable for one share of Class A","NYSE"
"BKT","BlackRock Income Trust Inc. (The)","NYSE"
"BKTI","BK Technologies Corporation","AMEX"
"BKU","BankUnited, Inc.","NYSE"
"BKUI","BNY Mellon Ultra Short Income ETF","NYSEARCA"
"BKV","BKV Corporation","NYSE"
"BL","BlackLine, Inc.","NASDAQ"
"BLBD","Blue Bird Corporation","NASDAQ"
"BLCK","Corgi Crypto Infrastructure ETF","BATS"
"BLCN","Siren NexGen Economy ETF","NASDAQ"
"BLCO","Bausch + Lomb Corporation Common Shares","NYSE"
"BLCR","iShares Large Cap Core Active ETF","NASDAQ"
"BLCV","iShares Large Cap Value Active ETF","NYSEARCA"
"BLD","TopBuild Corp.","NYSE"
"BLDG","Cambria Global Real Estate ETF","BATS"
"BLDP","Ballard Power Systems, Inc. - Common Shares","NASDAQ"
"BLDR","Builders FirstSource, Inc.","NYSE"
"BLDX","Impax Global Sustainable Infrastructure ETF","NYSEARCA"
"BLES","Inspire Global Hope ETF","NYSEARCA"
"BLFS","BioLife Solutions, Inc.","NASDAQ"
"BLGR","Bluemonte Large Cap Growth ETF","NYSEARCA"
"BLIN","Bridgeline Digital, Inc.","NASDAQ"
"BLIV","BeLive Holdings","NASDAQ"
"BLK","BlackRock, Inc.","NYSE"
"BLKB","Blackbaud, Inc.","NASDAQ"
"BLLN","BillionToOne, Inc.","NASDAQ"
"BLMN","Bloomin' Brands, Inc.","NASDAQ"
"BLND","Blend Labs, Inc. Class A","NYSE"
"BLNE","Beeline Holdings, Inc.","NASDAQ"
"BLNK","Blink Charging Co.","NASDAQ"
"BLOK","Amplify Blockchain Technology ETF","NYSEARCA"
"BLOX","Nicholas Crypto Income ETF","NYSEARCA"
"BLRK","Bluerock Acquisition Corp.","NASDAQ"
"BLRKU","Bluerock Acquisition Corp. - Units","NASDAQ"
"BLRKW","Bluerock Acquisition Corp. - Warrants","NASDAQ"
"BLRX","BioLineRx Ltd.","NASDAQ"
"BLSG","Leverage Shares 2X Long BLSH Daily ETF","NASDAQ"
"BLSH","Bullish","NYSE"
"BLST","Bluemonte Short Term Bond ETF","NYSEARCA"
"BLTD","Bluemonte Long Term Bond ETF","NYSEARCA"
"BLTE","Belite Bio, Inc","NASDAQ"
"BLUC","Bluemonte Large Cap Core ETF","NYSEARCA"
"BLUI","Bluemonte Diversified Income ETF","NYSEARCA"
"BLUW","Blue Water Acquisition Corp. III","NASDAQ"
"BLUWU","Blue Water Acquisition Corp. III - Unit.","NASDAQ"
"BLUWW","Blue Water Acquisition Corp. III - Warrant.","NASDAQ"
"BLUX","Bluemonte Dynamic Total Market ETF","NYSEARCA"
"BLV","Vanguard Long-Term Bond ETF","NYSEARCA"
"BLW","Blackrock Limited Duration Income Trust","NYSE"
"BLX","Banco Latinoamericano de Comercio Exterior, S.A.","NYSE"
"BLZE","Backblaze, Inc.","NASDAQ"
"BLZR","Trailblazer Acquisition Corp.","NASDAQ"
"BLZRU","Trailblazer Acquisition Corp. - Unit","NASDAQ"
"BLZRW","Trailblazer Acquisition Corp. - Warrant","NASDAQ"
"BMA","Banco Macro S.A.  ADR (representing Ten Class B Common Shares)","NYSE"
"BMAR","Innovator U.S. Equity Buffer ETF - March","BATS"
"BMAY","Innovator U.S. Equity Buffer ETF - May","BATS"
"BMBL","Bumble Inc.","NASDAQ"
"BME","Blackrock Health Sciences Trust","NYSE"
"BMEA","Biomea Fusion, Inc.","NASDAQ"
"BMED","iShares Health Innovation Active ETF","NYSEARCA"
"BMEZ","BlackRock Health Sciences Term Trust Common Shares of Beneficial Interest","NYSE"
"BMGL","Basel Medical Group Ltd","NASDAQ"
"BMHL","Bluemount Holdings Limited","NASDAQ"
"BMI","Badger Meter, Inc.","NYSE"
"BMM","Blue Moon Metals Inc. - Common Shares","NASDAQ"
"BMN","BlackRock 2037 Municipal Target Term Trust Common Shares of Beneficial Interest","NYSE"
"BMNG","Leverage Shares 2X Long BMNR Daily ETF","NASDAQ"
"BMNP","BitMine Immersion Technologies, Inc. 9.5% Series A Perpetual Preferred Stock","NYSE"
"BMNR","BitMine Immersion Technologies, Inc.","NYSE"
"BMNU","T-REX 2X Long BMNR Daily Target ETF","BATS"
"BMNZ","Defiance Daily Target 2X Short BMNR ETF","NYSEARCA"
"BMO","Bank Of Montreal","NYSE"
"BMOP","BNY Mellon Municipal Opportunities ETF","NASDAQ"
"BMR","Beamr Imaging Ltd. - Ordinary Share","NASDAQ"
"BMRA","Biomerica, Inc.","NASDAQ"
"BMRC","Bank of Marin Bancorp","NASDAQ"
"BMRN","BioMarin Pharmaceutical Inc.","NASDAQ"
"BMVP","Invesco Bloomberg MVP Multi-factor ETF","NYSEARCA"
"BMY","Bristol-Myers Squibb Company","NYSE"
"BN","Brookfield Corporation Class A Limited Voting Shares","NYSE"
"BNAI","Brand Engagement Network Inc.","NASDAQ"
"BNAIW","Brand Engagement Network Inc. - Warrant","NASDAQ"
"BNBX","BNB Plus Corp.","NASDAQ"
"BNC","CEA Industries Inc.","NASDAQ"
"BNCWW","CEA Industries Inc. - Warrant","NASDAQ"
"BNCWZ","CEA Industries Inc. - Warrants","NASDAQ"
"BND","Vanguard Total Bond Market ETF","NASDAQ"
"BNDC","FlexShares Core Select Bond Fund","NYSEARCA"
"BNDD","Quadratic Deflation ETF","NYSEARCA"
"BNDI","NEOS Enhanced Income Aggregate Bond ETF","NYSEARCA"
"BNDP","Vanguard Core-Plus Bond Index ETF","NASDAQ"
"BNDS","Infrastructure Capital Bond Income ETF","NYSEARCA"
"BNDW","Vanguard Total World Bond ETF","NASDAQ"
"BNDX","Vanguard Total International Bond ETF","NASDAQ"
"BNDY","Horizon Core Bond ETF","BATS"
"BNED","Barnes & Noble Education, Inc","NYSE"
"BNGE","First Trust S-Network Streaming and Gaming ETF","NYSEARCA"
"BNGO","Bionano Genomics, Inc.","NASDAQ"
"BNH","Brookfield Finance Inc. 4.625% Subordinated Notes due October 16, 2080","NYSE"
"BNJ","Brookfield Finance Inc. 4.50% Perpetual Subordinated Notes","NYSE"
"BNKD","MicroSectors U.S. Big Banks -3 Inverse Leveraged ETNs due February 17, 2045","NYSEARCA"
"BNKK","Bonk, Inc.","NASDAQ"
"BNKU","MicroSectors U.S. Big Banks 3 Leveraged ETNs due February 17, 2045","NYSEARCA"
"BNL","Broadstone Net Lease, Inc.","NYSE"
"BNO","United States Brent Oil Fund, LP ETV","NYSEARCA"
"BNOV","Innovator U.S. Equity Buffer ETF - November","BATS"
"BNR","Burning Rock Biotech Limited","NASDAQ"
"BNRG","Brenmiller Energy Ltd","NASDAQ"
"BNS","Bank Nova Scotia Halifax Pfd 3","NYSE"
"BNT","Brookfield Wealth Solutions Ltd. Class A Exchangeable Limited Voting Shares","NYSE"
"BNTC","Benitec Biopharma Inc.","NASDAQ"
"BNTX","BioNTech SE","NASDAQ"
"BNY","The Bank of New York Mellon Corporation","NYSE"
"BNZI","Banzai International, Inc.","NASDAQ"
"BNZIW","Banzai International, Inc. - Warrant","NASDAQ"
"BOAT","SonicShares Global Shipping ETF","NYSEARCA"
"BOBP","CORE16 Best of Breed Premier Index ETF","NYSEARCA"
"BOBS","Bob's Discount Furniture, Inc.","NYSE"
"BOC","Boston Omaha Corporation Class A","NYSE"
"BOCT","Innovator U.S. Equity Buffer ETF - October","BATS"
"BODI","The Beachbody Company, Inc.","NASDAQ"
"BOE","Blackrock Enhanced Global Dividend Trust Common Shares of Beneficial Interest","NYSE"
"BOEG","Leverage Shares 2X Long BA Daily ETF","NASDAQ"
"BOEU","Direxion Daily BA Bull 2X ETF","NASDAQ"
"BOF","BranchOut Food Inc.","NASDAQ"
"BOH","Bank of Hawaii Corporation","NYSE"
"BOIL","ProShares Ultra Bloomberg Natural Gas","NYSEARCA"
"BOKF","BOK Financial Corporation","NASDAQ"
"BOLD","Boundless Bio, Inc.","NASDAQ"
"BOLT","Bolt Biotherapeutics, Inc.","NASDAQ"
"BON","Bon Natural Life Limited","NASDAQ"
"BOND","PIMCO Active Bond Exchange-Traded Fund Exchange-Traded Fund","NYSE"
"BOOM","DMC Global Inc.","NASDAQ"
"BOOT","Boot Barn Holdings, Inc.","NYSE"
"BORR","Borr Drilling Limited Common Shares","NYSE"
"BOSC","B.O.S. Better Online Solutions","NASDAQ"
"BOT","RoboStrategy, Inc.","NASDAQ"
"BOTJ","Bank of the James Financial Group, Inc.","NASDAQ"
"BOTT","Themes Humanoid Robotics ETF","NASDAQ"
"BOTZ","Global X Robotics & Artificial Intelligence ETF","NASDAQ"
"BOUT","CapForce IBD Breakout Opportunities ETF","NYSEARCA"
"BOW","Bowhead Specialty Holdings Inc.","NYSE"
"BOX","Box, Inc. Class A","NYSE"
"BOXA","Alpha Architect Aggregate Bond ETF","BATS"
"BOXL","Boxlight Corporation","NASDAQ"
"BOXX","Alpha Architect 1-3 Month Box ETF","BATS"
"BP","BP p.l.c.","NYSE"
"BPAC","Blueport Acquisition Ltd","NASDAQ"
"BPACR","Blueport Acquisition Ltd - Rights","NASDAQ"
"BPACU","Blueport Acquisition Ltd - Units","NASDAQ"
"BPAY","iShares FinTech Active ETF","NYSEARCA"
"BPH","BP plc ADRhedged","NYSEARCA"
"BPI","Grayscale Bitcoin Premium Income ETF","NYSEARCA"
"BPOP","Popular, Inc.","NASDAQ"
"BPOPM","Popular, Inc. - Popular Capital Trust II - 6.125% Cumulative Monthly Income Trust Preferred Securities","NASDAQ"
"BPRE","Bluerock Private Real Estate Fund Common Shares of Beneficial Interest","NYSE"
"BPRN","Princeton Bancorp, Inc.","NASDAQ"
"BPRO","Bitwise Proficio Currency Debasement ETF","NYSEARCA"
"BPYPM","Brookfield Property Partners L.P. - 6.25% Class A Cumulative Redeemable Preferred Units, Series 1","NASDAQ"
"BPYPN","Brookfield Property Partners L.P. - 5.750% Class A Cumulative Redeemable Perpetual Preferred Units, Series 3","NASDAQ"
"BPYPO","Brookfield Property Partners L.P. - 6.375% Class A Cumulative Redeemable Perpetual Preferred Units, Series 2","NASDAQ"
"BPYPP","Brookfield Property Partners L.P. - 6.50% Class A Cumulative Redeemable Perpetual Preferred Units","NASDAQ"
"BQ","Boqii Holding Limited Class A","AMEX"
"BR","Broadridge Financial Solutions, Inc.","NYSE"
"BRAG","Bragg Gaming Group Inc. - Common Shares","NASDAQ"
"BRAI","Braiin Limited","NASDAQ"
"BRAZ","Global X Brazil Active ETF","NYSEARCA"
"BRBI","BRBI BR Partners S.A. - ADSs","NASDAQ"
"BRBR","BellRing Brands, Inc.","NYSE"
"BRBS","Blue Ridge Bankshares, Inc.","AMEX"
"BRC","Brady Corporation","NYSE"
"BRCB","Black Rock Coffee Bar, Inc.","NASDAQ"
"BRCC","BRC Inc. Class A","NYSE"
"BRCE","MFS Blended Research Core Equity ETF","NYSE"
"BREE","MFS Blended Research Emerging Markets Equity ETF","NYSE"
"BREM","iShares Emerging Markets Bond Active ETF","NASDAQ"
"BRES","Burney U.S. Equity Select ETF","NASDAQ"
"BREW","Corgi Coffee & Energy Drinks ETF","BATS"
"BREZ","Breeze Acquisition Corp. II","NASDAQ"
"BREZR","Breeze Acquisition Corp. II - Rights","NASDAQ"
"BRF","VanEck Brazil Small-Cap ETF","NYSEARCA"
"BRFH","Barfresh Food Group Inc.","NASDAQ"
"BRHY","iShares High Yield Active ETF","NASDAQ"
"BRIA","BrilliA Inc Class A","AMEX"
"BRIB","FIS Bright Portfolios Core Bond ETF","NYSEARCA"
"BRID","Bridgford Foods Corporation","NASDAQ"
"BRIE","MFS Blended Research International Equity ETF","NYSE"
"BRIF","FIS Bright Portfolios Focused Equity ETF","NYSEARCA"
"BRK.A","Berkshire Hathaway Inc.","NYSE"
"BRK.B","Berkshire Hathaway Inc. New","NYSE"
"BRKC","YieldMax BRK.B Option Income Strategy ETF","NYSEARCA"
"BRKHU","Burtech Acquisition Corp II - Units","NASDAQ"
"BRKR","Bruker Corporation","NASDAQ"
"BRKRP","Bruker Corporation - 6.375% Mandatory Convertible Preferred Stock, Series A","NASDAQ"
"BRKU","Direxion Daily BRKB Bull 2X ETF","NASDAQ"
"BRKW","Roundhill BRKB WeeklyPay ETF","BATS"
"BRLN","iShares Floating Rate Loan Active ETF","BATS"
"BRLS","Borealis Foods Inc.","NASDAQ"
"BRLSW","Borealis Foods Inc. - Warrant","NASDAQ"
"BRLT","Brilliant Earth Group, Inc.","NASDAQ"
"BRN","Barnwell Industries, Inc.","AMEX"
"BRNS","Barinthus Biotherapeutics plc","NASDAQ"
"BRNY","Burney U.S. Factor Rotation ETF","NASDAQ"
"BRO","Brown & Brown, Inc.","NYSE"
"BROL","Baron Risk Optimized Large Cap ETF","NYSE"
"BROS","Dutch Bros Inc. Class A","NYSE"
"BRR","ProCap Financial, Inc.","NASDAQ"
"BRRR","Coinshares Bitcoin ETF","NASDAQ"
"BRRWW","ProCap Financial, Inc. - Warrant.","NASDAQ"
"BRSL","Brightstar Lottery PLC Trading under the Legal Name to begin at the market open on July 21, 2025.","NYSE"
"BRSM","MFS Blended Research Small-Mid Cap ETF","NYSEARCA"
"BRSP","BrightSpire Capital, Inc. Class A","NYSE"
"BRT","BRT Apartments Corp. (MD)","NYSE"
"BRTR","iShares Total Return Active ETF","NASDAQ"
"BRTX","BioRestorative Therapies, Inc.","NASDAQ"
"BRUN","Boost Run Inc.","NASDAQ"
"BRUNW","Boost Run Inc. - Warrant","NASDAQ"
"BRW","Saba Capital Income & Opportunities Fund SBI","NYSE"
"BRX","Brixmor Property Group Inc.","NYSE"
"BRZE","Braze, Inc.","NASDAQ"
"BRZU","Direxion Daily Brazil Bull 2X ETF","NYSEARCA"
"BRZX","Corgi Brazil 2x Daily ETF","BATS"
"BSAA","BEST SPAC I Acquisition Corp.","NASDAQ"
"BSAAR","BEST SPAC I Acquisition Corp. - Rights","NASDAQ"
"BSAAU","BEST SPAC I Acquisition Corp. - Unit","NASDAQ"
"BSAC","Banco Santander - Chile ADS","NYSE"
"BSBK","Bogota Financial Corp.","NASDAQ"
"BSBR","Banco Santander Brasil SA American Depositary Shares, each representing one unit","NYSE"
"BSCA","Invesco BulletShares 2036 Corporate Bond ETF","NASDAQ"
"BSCQ","Invesco BulletShares 2026 Corporate Bond ETF","NASDAQ"
"BSCR","Invesco BulletShares 2027 Corporate Bond ETF","NASDAQ"
"BSCS","Invesco BulletShares 2028 Corporate Bond ETF","NASDAQ"
"BSCT","Invesco BulletShares 2029 Corporate Bond ETF","NASDAQ"
"BSCU","Invesco BulletShares 2030 Corporate Bond ETF","NASDAQ"
"BSCV","Invesco BulletShares 2031 Corporate Bond ETF","NASDAQ"
"BSCW","Invesco BulletShares 2032 Corporate Bond ETF","NASDAQ"
"BSCX","Invesco BulletShares 2033 Corporate Bond ETF","NASDAQ"
"BSCY","Invesco BulletShares 2034 Corporate Bond ETF","NASDAQ"
"BSCZ","Invesco BulletShares 2035 Corporate Bond ETF","NASDAQ"
"BSEP","Innovator U.S. Equity Buffer ETF - September","BATS"
"BSET","Bassett Furniture Industries, Incorporated","NASDAQ"
"BSGR","Invesco BulletShares 2027 Treasury Bond ETF","NASDAQ"
"BSGT","Invesco BulletShares 2029 Treasury Bond ETF","NASDAQ"
"BSIN","Big Sky Industrial Inc.","NASDAQ"
"BSJQ","Invesco BulletShares 2026 High Yield Corporate Bond ETF","NASDAQ"
"BSJR","Invesco BulletShares 2027 High Yield Corporate Bond ETF","NASDAQ"
"BSJS","Invesco BulletShares 2028 High Yield Corporate Bond ETF","NASDAQ"
"BSJT","Invesco BulletShares 2029 High Yield Corporate Bond ETF","NASDAQ"
"BSJU","Invesco BulletShares 2030 High Yield Corporate Bond ETF","NASDAQ"
"BSJV","Invesco BulletShares 2031 High Yield Corporate Bond ETF","NASDAQ"
"BSJW","Invesco BulletShares 2032 High Yield Corporate Bond ETF","NASDAQ"
"BSJX","Invesco BulletShares 2033 High Yield Corporate Bond ETF","NASDAQ"
"BSJY","Invesco BulletShares 2034 High Yield Corporate Bond ETF","NASDAQ"
"BSL","Blackstone Senior Floating Rate 2027 Term Fund Common Shares of Beneficial Interest","NYSE"
"BSM","Black Stone Minerals, L.P. Common units representing limited partner interests","NYSE"
"BSMC","Brandes U.S. Small-Mid Cap Value ETF","BATS"
"BSMQ","Invesco BulletShares 2026 Municipal Bond ETF","NASDAQ"
"BSMR","Invesco BulletShares 2027 Municipal Bond ETF","NASDAQ"
"BSMS","Invesco BulletShares 2028 Municipal Bond ETF","NASDAQ"
"BSMT","Invesco BulletShares 2029 Municipal Bond ETF","NASDAQ"
"BSMU","Invesco BulletShares 2030 Municipal Bond ETF","NASDAQ"
"BSMV","Invesco BulletShares 2031 Municipal Bond ETF","NASDAQ"
"BSMW","Invesco BulletShares 2032 Municipal Bond ETF","NASDAQ"
"BSMY","Invesco BulletShares 2034 Municipal Bond ETF","NASDAQ"
"BSMZ","Invesco BulletShares 2035 Municipal Bond ETF","NASDAQ"
"BSOL","Bitwise Solana Staking ETF","NYSEARCA"
"BSR","Beacon Selective Risk ETF","NYSEARCA"
"BSRR","Sierra Bancorp","NASDAQ"
"BSSX","Invesco BulletShares 2033 Municipal Bond ETF","NASDAQ"
"BST","BlackRock Science and Technology Trust Common Shares of Beneficial Interest","NYSE"
"BSTP","Innovator Buffer Step-Up Strategy ETF","NYSEARCA"
"BSTS","Invesco BulletShares 2028 Treasury Bond ETF","NASDAQ"
"BSTU","Invesco BulletShares 2030 Treasury Bond ETF","NASDAQ"
"BSTV","Invesco BulletShares 2031 Treasury Bond ETF","NASDAQ"
"BSTZ","BlackRock Science and Technology Term Trust Common Shares of Beneficial Interest","NYSE"
"BSV","Vanguard Short-Term Bond ETF","NYSEARCA"
"BSVN","Bank7 Corp.","NASDAQ"
"BSVO","EA Bridgeway Omni Small-Cap Value ETF","NASDAQ"
"BSX","Boston Scientific Corporation","NYSE"
"BSY","Bentley Systems, Incorporated","NASDAQ"
"BTAI","BioXcel Therapeutics, Inc.","NASDAQ"
"BTAL","AGF U.S. Market Neutral Anti-Beta Fund","NYSEARCA"
"BTBD","BT Brands, Inc.","NASDAQ"
"BTBDW","BT Brands, Inc. - Warrant","NASDAQ"
"BTBT","Bit Digital, Inc. - Ordinary Share","NASDAQ"
"BTC","Grayscale Bitcoin Mini Trust (BTC)","NYSEARCA"
"BTCC","Grayscale Bitcoin Covered Call ETF","NYSEARCA"
"BTCI","NEOS Bitcoin High Income ETF","BATS"
"BTCK","7RCC Spot Bitcoin and Carbon Credit Futures ETF","NYSEARCA"
"BTCL","T-Rex 2X Long Bitcoin Daily Target ETF","BATS"
"BTCO","Invesco Galaxy Bitcoin ETF","BATS"
"BTCS","BTCS Inc.","NASDAQ"
"BTCT","BTC Digital Ltd.","NASDAQ"
"BTCU","Direxion Daily Bitcoin Bull 2X ETF","NYSEARCA"
"BTCW","WisdomTree Bitcoin Fund","BATS"
"BTCZ","T-Rex 2X Inverse Bitcoin Daily Target ETF","BATS"
"BTDR","Bitdeer Technologies Group","NASDAQ"
"BTE","Baytex Energy Corp Common Shares","NYSE"
"BTF","CoinShares Bitcoin and Ether ETF","NASDAQ"
"BTG","B2Gold Corp Common shares (Canada)","AMEX"
"BTGD","STKd 100% Bitcoin & 100% Gold ETF","NASDAQ"
"BTGO","BitGo Holdings, Inc. Class A","NYSE"
"BTI","British American Tobacco  Industries, p.l.c. Common Stock ADR","NYSE"
"BTMD","Biote Corp.","NASDAQ"
"BTO","John Hancock Financial Opportunities Fund","NYSE"
"BTOC","Armlogi Holding Corp.","NASDAQ"
"BTOG","Bit Origin Limited","NASDAQ"
"BTOT","iShares Total USD Fixed Income Market ETF","NYSEARCA"
"BTQ","BTQ Technologies Corp.","NASDAQ"
"BTR","Beacon Tactical Risk ETF","NYSEARCA"
"BTRN","Global X Bitcoin Trend Strategy ETF","NYSEARCA"
"BTSG","BrightSpring Health Services, Inc.","NASDAQ"
"BTSGU","BrightSpring Health Services, Inc. - Tangible Equity Unit","NASDAQ"
"BTT","BlackRock Municipal 2030 Target Term Trust","NYSE"
"BTTC","Black Titan Corp","NASDAQ"
"BTU","Peabody Energy Corporation","NYSE"
"BTX","BlackRock Technology and Private Equity Term Trust Common Shares of Beneficial Interest","NYSE"
"BTYB","VistaShares BitBonds 5 Yr Enhanced Weekly Distribution ETF","NYSEARCA"
"BTZ","BlackRock Credit Allocation Income Trust","NYSE"
"BUCK","Simplify Treasury Option Income ETF","NYSEARCA"
"BUD","Anheuser-Busch Inbev SA Sponsored ADR (Belgium)","NYSE"
"BUDA","Buda Juice, Inc.","AMEX"
"BUFB","Innovator Laddered Allocation Buffer ETF","BATS"
"BUFC","AB Conservative Buffer ETF","NASDAQ"
"BUFD","FT Vest Laddered Deep Buffer ETF","BATS"
"BUFE","FT Vest Laddered Emerging Markets Buffer ETF","BATS"
"BUFF","Innovator Laddered Allocation Power Buffer ETF","BATS"
"BUFG","FT Vest Buffered Allocation Growth ETF","BATS"
"BUFH","FT Vest Laddered Max Buffer ETF","BATS"
"BUFI","AB International Buffer ETF","NASDAQ"
"BUFM","AB Moderate Buffer ETF","NASDAQ"
"BUFP","PGIM Laddered S&P 500 Buffer 12 ETF","BATS"
"BUFQ","FT Vest Laddered Nasdaq Buffer ETF","BATS"
"BUFR","FT Vest Laddered Buffer ETF","BATS"
"BUFS","FT Vest Laddered Small Cap Moderate Buffer ETF","BATS"
"BUFT","FT Vest Buffered Allocation Defensive ETF","BATS"
"BUFX","FT Vest Laddered Enhance & Moderate Buffer ETF","BATS"
"BUFY","FT Vest Laddered International Moderate Buffer ETF","BATS"
"BUFZ","FT Vest Laddered Moderate Buffer ETF","BATS"
"BUG","Global X Cybersecurity ETF","NASDAQ"
"BUI","BlackRock Utility, Infrastructure & Power Opportunities Trust","NYSE"
"BUL","Pacer US Cash Cows Growth ETF","NYSEARCA"
"BULD","Pacer BlueStar Engineering the Future ETF","NASDAQ"
"BULG","Leverage Shares 2X Long BULL Daily ETF","NASDAQ"
"BULL","Webull Corporation","NASDAQ"
"BULLW","Webull Corporation - Warrants","NASDAQ"
"BULZ","MicroSectors FANG & Innovation 3x Leveraged ETN","NYSEARCA"
"BUR","Burford Capital Limited","NYSE"
"BURL","Burlington Stores, Inc.","NYSE"
"BURU","Nuburu, Inc.","AMEX"
"BUSA","Brandes U.S. Value ETF","BATS"
"BUSE","First Busey Corporation","NASDAQ"
"BUSEP","First Busey Corporation - Depositary Shares, Each Representing a 1/40th Interest in a Share of 8.25% Fixed-Rate Series B Non-Cumulative Perpetual Pref","NASDAQ"
"BUUU","BUUU Group Limited","NASDAQ"
"BUXX","Strive Enhanced Income Short Maturity ETF","NYSE"
"BUYB","ProShares S&P 500 Buyback Aristocrats ETF","NYSEARCA"
"BUYO","KraneShares Man Buyout Beta Index ETF","NYSEARCA"
"BUYW","Main BuyWrite ETF","BATS"
"BUYZ","Franklin Disruptive Commerce ETF","BATS"
"BUZZ","VanEck Social Sentiment ETF","NYSEARCA"
"BV","BrightView Holdings, Inc.","NYSE"
"BVAL","Bluemonte Large Cap Value ETF","NYSEARCA"
"BVC","BitVentures Limited - Ordinary Share","NASDAQ"
"BVFL","BV Financial, Inc.","NASDAQ"
"BVN","Buenaventura Mining Company Inc.","NYSE"
"BVS","Bioventus Inc.","NASDAQ"
"BW","Babcock & Wilcox Enterprises, Inc.","NYSE"
"BWA","BorgWarner Inc.","NYSE"
"BWAY","BrainsWay Ltd.","NASDAQ"
"BWB","Bridgewater Bancshares, Inc.","NASDAQ"
"BWBBP","Bridgewater Bancshares, Inc. - Depositary Shares, Each Representing a 1/100th Interest in a Share of 5.875% Non-Cumulative Perpetual Preferred Stock, ","NASDAQ"
"BWEN","Broadwind, Inc.","NASDAQ"
"BWET","Breakwave Tanker Shipping ETF","NYSEARCA"
"BWFG","Bankwell Financial Group, Inc.","NASDAQ"
"BWG","BrandywineGLOBAL Global Income Opportunities Fund Inc.","NYSE"
"BWIN","The Baldwin Insurance Group, Inc.","NASDAQ"
"BWIV","Blue Water Acquisition Corp. IV Class A","NYSE"
"BWIV.U","Blue Water Acquisition Corp. IV Units, each consisting of one Class A ordinary share and one-half of one redeemable warrant","NYSE"
"BWIV.W","Blue Water Acquisition Corp. IV Warrants entitling the holder to purchase one Class A ordinary share at a price of $11.50 per share","NYSE"
"BWLP","BW LPG Limited Common Shares","NYSE"
"BWMN","Bowman Consulting Group Ltd.","NASDAQ"
"BWMX","Betterware de Mexico, S.A.P.I. de C.V.","NYSE"
"BWNB","Babcock & Wilcox Enterprises, Inc. 6.50% Senior Notes due 2026","NYSE"
"BWOW","Bitwise Dogecoin ETF","NYSEARCA"
"BWTG","Brendan Wood TopGun Index ETF","BATS"
"BWX","State Street SPDR Bloomberg International Treasury Bond ETF","NYSEARCA"
"BWXT","BWX Technologies, Inc.","NYSE"
"BWZ","State Street SPDR Bloomberg Short Term International Treasury Bond ETF","NYSEARCA"
"BX","Blackstone Inc.","NYSE"
"BXC","Bluelinx Holdings Inc.","NYSE"
"BXDC","Blackstone Digital Infrastructure Trust Inc.","NYSE"
"BXMT","Blackstone Mortgage Trust, Inc.","NYSE"
"BXP","BXP, Inc.","NYSE"
"BXSL","Blackstone Secured Lending Fund Common Shares of Beneficial Interest","NYSE"
"BY","Byline Bancorp, Inc.","NYSE"
"BYAH","Park Ha Biological Technology Co., Ltd.","NASDAQ"
"BYD","Boyd Gaming Corporation","NYSE"
"BYFC","Broadway Financial Corporation","NASDAQ"
"BYLD","iShares Yield Optimized Bond ETF","NYSEARCA"
"BYND","Beyond Meat, Inc.","NASDAQ"
"BYRE","Principal Real Estate Active Opportunities ETF","NYSEARCA"
"BYRN","Byrna Technologies, Inc.","NASDAQ"
"BYSI","BeyondSpring, Inc.","NASDAQ"
"BZ","KANZHUN LIMITED - American Depository Shares","NASDAQ"
"BZAI","Blaize Holdings, Inc.","NASDAQ"
"BZAIW","Blaize Holdings, Inc. - Warrant","NASDAQ"
"BZFD","BuzzFeed, Inc.","NASDAQ"
"BZFDW","BuzzFeed, Inc. - Warrant","NASDAQ"
"BZH","Beazer Homes USA, Inc.","NYSE"
"BZQ","ProShares UltraShort MSCI Brazil Capped","NYSEARCA"
"BZUN","Baozun Inc.","NASDAQ"
"BZZ","Corgi Drones & Urban Air Mobility ETF","BATS"
"C","Citigroup, Inc.","NYSE"
"CAAA","First Trust AAA CMBS ETF","NYSEARCA"
"CAAP","Corporacion America Airports SA Common Shares","NYSE"
"CAAS","China Automotive Systems, Inc. - Ordinary Share","NASDAQ"
"CABA","Cabaletta Bio, Inc.","NASDAQ"
"CABO","Cable One, Inc.","NYSE"
"CABR","Caring Brands, Inc.","NASDAQ"
"CABZ","Roundhill Robotaxi, Autonomous Vehicles & Technology ETF","BATS"
"CAC","Camden National Corporation","NASDAQ"
"CACC","Credit Acceptance Corporation","NASDAQ"
"CACI","CACI International, Inc. Class A","NYSE"
"CADL","Candel Therapeutics, Inc.","NASDAQ"
"CAE","CAE Inc.","NYSE"
"CAES","Cantor Equity Partners VII, Inc.","NASDAQ"
"CAF","Morgan Stanley China A Share Fund Inc.","NYSE"
"CAFG","Pacer US Small Cap Cash Cows Growth Leaders ETF","NASDAQ"
"CAFX","Congress Intermediate Bond ETF","NYSEARCA"
"CAG","ConAgra Brands, Inc.","NYSE"
"CAGE","Calamos Autocallable Growth ETF","NYSEARCA"
"CAH","Cardinal Health, Inc.","NYSE"
"CAI","Caris Life Sciences, Inc.","NASDAQ"
"CAIE","Calamos Autocallable Income ETF","NYSEARCA"
"CAII","Collective Acquisition Corp. II","NASDAQ"
"CAIIU","Collective Acquisition Corp. II - Units","NASDAQ"
"CAIIW","Collective Acquisition Corp. II - Warrants","NASDAQ"
"CAIQ","Calamos Nasdaq Autocallable Income ETF","NASDAQ"
"CAKE","The Cheesecake Factory Incorporated","NASDAQ"
"CAL","Caleres, Inc.","NYSE"
"CALC","CalciMedica, Inc.","NASDAQ"
"CALF","Pacer US Small Cap Cash Cows ETF","BATS"
"CALI","iShares Short-Term California Muni Active ETF","NASDAQ"
"CALM","Cal-Maine Foods, Inc.","NASDAQ"
"CALX","Calix, Inc","NYSE"
"CALY","Callaway Golf Company","NYSE"
"CAM","AB California Intermediate Municipal ETF","NYSEARCA"
"CAML","Congress Large Cap Growth ETF","NYSEARCA"
"CAMP","CAMP4 Therapeutics Corporation","NASDAQ"
"CAMT","Camtek Ltd.","NASDAQ"
"CAMX","Cambiar Aggressive Value ETF","NYSEARCA"
"CAN","Canaan Inc.","NASDAQ"
"CANC","Tema Oncology ETF","NASDAQ"
"CANE","Teucrium Sugar Fund ETV","NYSEARCA"
"CANF","Can-Fite Biopharma Ltd American Depositary Shares, each representing two (2)","AMEX"
"CANG","Cango Inc. Class A","NYSE"
"CANQ","Calamos Nasdaq Equity & Income ETF","NASDAQ"
"CAOS","Alpha Architect Tail Risk ETF","BATS"
"CAPE","DoubleLine Shiller CAPE U.S. Equities ETF","NYSEARCA"
"CAPL","CrossAmerica Partners LP Common Units representing limited partner interests","NYSE"
"CAPN","Cayson Acquisition Corp","NASDAQ"
"CAPNR","Cayson Acquisition Corp - Right","NASDAQ"
"CAPNU","Cayson Acquisition Corp - Units","NASDAQ"
"CAPR","Capricor Therapeutics, Inc.","NASDAQ"
"CAPS","Capstone Holding Corp.","NASDAQ"
"CAQ","Cambridge Acquisition Corp.","NASDAQ"
"CAQUU","Cambridge Acquisition Corp. - Unit","NASDAQ"
"CAQUW","Cambridge Acquisition Corp. - Warrants","NASDAQ"
"CAR","Avis Budget Group, Inc.","NASDAQ"
"CARD","MAX Auto Industry -3x Inverse Leveraged ETN","NYSEARCA"
"CARE","Carter Bankshares, Inc.","NASDAQ"
"CARG","CarGurus, Inc.","NASDAQ"
"CARK","CastleArk Large Growth ETF","NYSEARCA"
"CARL","Carlsmed, Inc.","NASDAQ"
"CARR","Carrier Global Corporation","NYSE"
"CARS","Cars.com Inc.","NYSE"
"CART","Maplebear Inc.","NASDAQ"
"CARU","MAX Auto Industry 3x Leveraged ETN","NYSEARCA"
"CARY","Angel Oak Income ETF","NASDAQ"
"CARZ","First Trust S-Network Future Vehicles & Technology ETF","NASDAQ"
"CAS","Simplify China A Shares PLUS Income ETF","NYSEARCA"
"CASH","Pathward Financial, Inc.","NASDAQ"
"CASS","Cass Information Systems, Inc","NASDAQ"
"CAST","FreeCast, Inc.","NASDAQ"
"CASY","Caseys General Stores, Inc.","NASDAQ"
"CAT","Caterpillar, Inc.","NYSE"
"CATF","American Century California Municipal Bond ETF","NYSEARCA"
"CATG","Leverage Shares 2X Long CAT Daily ETF","BATS"
"CATH","Global X S&P 500 Catholic Values ETF","NASDAQ"
"CATO","Cato Corporation (The) Class A","NYSE"
"CATX","Perspective Therapeutics, Inc.","AMEX"
"CATY","Cathay General Bancorp","NASDAQ"
"CAVA","CAVA Group, Inc.","NYSE"
"CB","Chubb Limited","NYSE"
"CBAN","Colony Bankcorp, Inc.","NYSE"
"CBAT","CBAK Energy Technology, Inc.","NASDAQ"
"CBC","Central Bancompany, Inc.","NASDAQ"
"CBFV","CB Financial Services, Inc.","NASDAQ"
"CBIL","Corgi 3-12 Month T-Bill ETF","BATS"
"CBIO","Crescent Biopharma, Inc.","NASDAQ"
"CBK","Commercial Bancgroup, Inc.","NASDAQ"
"CBL","CBL & Associates Properties, Inc.","NYSE"
"CBLL","CeriBell, Inc.","NASDAQ"
"CBLS","Clough Hedged Equity ETF","NYSEARCA"
"CBNA","Chain Bridge Bancorp, Inc. Class A","NYSE"
"CBNK","Capital Bancorp, Inc.","NASDAQ"
"CBOA","Calamos Bitcoin Structured Alt Protection ETF - April","BATS"
"CBOE","Cboe Global Markets, Inc.","BATS"
"CBOJ","Calamos Bitcoin Structured Alt Protection ETF - January","BATS"
"CBOL","Calamos Laddered Bitcoin Structured Alt Protection ETF","BATS"
"CBON","VanEck China Bond ETF","NYSEARCA"
"CBOO","Calamos Bitcoin Structured Alt Protection ETF - October","BATS"
"CBOT","Corgi Robots & Humanoids ETF","BATS"
"CBOX","Calamos Tax-Aware Collateral ETF","BATS"
"CBOY","Calamos Bitcoin Structured Alt Protection ETF - July","BATS"
"CBRE","CBRE Group Inc Common Stock Class A","NYSE"
"CBRG","Leverage Shares 2X Long CBRS Daily ETF","BATS"
"CBRL","Cracker Barrel Old Country Store, Inc.","NASDAQ"
"CBRS","Cerebras Systems Inc.","NASDAQ"
"CBRX","Tradr 2X Long CBRS Daily ETF","BATS"
"CBRZ","Tradr 2X Short CBRS Daily ETF","BATS"
"CBSE","Clough Select Equity ETF","NYSEARCA"
"CBSH","Commerce Bancshares, Inc.","NASDAQ"
"CBT","Cabot Corporation","NYSE"
"CBTA","Calamos Bitcoin 80 Series Structured Alt Protection ETF - April","BATS"
"CBTJ","Calamos Bitcoin 80 Series Structured Alt Protection ETF - January","BATS"
"CBTL","Calamos Laddered Bitcoin 80 Series Structured Alt Protection ETF","BATS"
"CBTO","Calamos Bitcoin 80 Series Structured Alt Protection ETF - October","BATS"
"CBTY","Calamos Bitcoin 80 Series Structured Alt Protection ETF - July","BATS"
"CBU","Community Financial System, Inc.","NYSE"
"CBUS","Cibus, Inc.","NASDAQ"
"CBXA","Calamos Bitcoin 90 Series Structured Alt Protection ETF - April","BATS"
"CBXJ","Calamos Bitcoin 90 Series Structured Alt Protection ETF - January","BATS"
"CBXL","Calamos Laddered Bitcoin 90 Series Structured Alt Protection ETF","BATS"
"CBXO","Calamos Bitcoin 90 Series Structured Alt Protection ETF - October","BATS"
"CBXY","Calamos Bitcoin 90 Series Structured Alt Protection ETF - July","BATS"
"CBZ","CBIZ, Inc.","NYSE"
"CC","Chemours Company (The)","NYSE"
"CCAP","Crescent Capital BDC, Inc.","NASDAQ"
"CCAQ","Collective Acquisition Corp.","NASDAQ"
"CCAQU","Collective Acquisition Corp. - Units","NASDAQ"
"CCAQW","Collective Acquisition Corp. - Warrants","NASDAQ"
"CCB","Coastal Financial Corporation","NASDAQ"
"CCBG","Capital City Bank Group","NASDAQ"
"CCC","CCC Intelligent Solutions Holdings Inc.","NASDAQ"
"CCCC","C4 Therapeutics, Inc.","NASDAQ"
"CCD","Calamos Dynamic Convertible & Income Fund - Closed End Fund","NASDAQ"
"CCEC","Capital Clean Energy Carriers Corp. - Common Share","NASDAQ"
"CCEF","Calamos CEF Income & Arbitrage ETF","NYSEARCA"
"CCEL","Cryo-Cell International, Inc.","AMEX"
"CCEP","Coca-Cola Europacific Partners plc","NASDAQ"
"CCFE","Concourse Capital Focused Equity ETF","NASDAQ"
"CCG","Cheche Group Inc.","NASDAQ"
"CCGWW","Cheche Group Inc. - Warrant","NASDAQ"
"CCHH","CCH Holdings Ltd","NASDAQ"
"CCI","Crown Castle Inc.","NYSE"
"CCID","Carlyle Credit Income Fund 7.375% Series D Term Preferred Shares due 2028","NYSE"
"CCIF","Carlyle Credit Income Fund Shares of Beneficial Interest","NYSE"
"CCII","Cohen Circle Acquisition Corp. II","NASDAQ"
"CCIIU","Cohen Circle Acquisition Corp. II - Unit","NASDAQ"
"CCIIW","Cohen Circle Acquisition Corp. II - Warrant","NASDAQ"
"CCIX","Churchill Capital Corp IX","NASDAQ"
"CCIXU","Churchill Capital Corp IX - Unit","NASDAQ"
"CCIXW","Churchill Capital Corp IX - Warrant","NASDAQ"
"CCJ","Cameco Corporation","NYSE"
"CCK","Crown Holdings, Inc.","NYSE"
"CCL","Carnival Corporation Ltd. Common Shares","NYSE"
"CCLD","CareCloud, Inc.","NASDAQ"
"CCM","Concord Medical Services Holdings Limited American Depositary Shares (Each represents thirty (30) Class A ordinary shares)","NYSE"
"CCNE","CNB Financial Corporation","NASDAQ"
"CCNEP","CNB Financial Corporation - Depositary shares, each representing a 1/40th ownership interest in a share of 7.125% Series A Fixed- Rate Non-Cumulative ","NASDAQ"
"CCNR","ALPS/CoreCommodity Natural Resources ETF","NASDAQ"
"CCO","Clear Channel Outdoor Holdings, Inc.","NYSE"
"CCOI","Cogent Communications Holdings, Inc.","NASDAQ"
"CCOM","Simplify Chinese Commodities Strategy No K-1 ETF","NYSEARCA"
"CCOR","Core Alternative ETF","NYSEARCA"
"CCPX","Corgi China 2x Daily ETF","BATS"
"CCRN","Cross Country Healthcare, Inc.","NASDAQ"
"CCRP","Columbia Corporate Bond ETF","NYSEARCA"
"CCS","Century Communities, Inc.","NYSE"
"CCSB","Carbon Collective Short Duration Green Bond ETF","NASDAQ"
"CCSI","Consensus Cloud Solutions, Inc.","NASDAQ"
"CCSO","Carbon Collective Climate Solutions U.S. Equity ETF","NASDAQ"
"CCTG","CCSC Technology International Holdings Limited","NASDAQ"
"CCU","Compania Cervecerias Unidas, S.A.","NYSE"
"CCUP","T-REX 2X Long CRCL Daily Target ETF","BATS"
"CCXI","Churchill Capital Corp XI","NASDAQ"
"CCXIU","Churchill Capital Corp XI - Units","NASDAQ"
"CCXIW","Churchill Capital Corp XI - Warrants","NASDAQ"
"CCZ","Comcast Holdings ZONES","NYSE"
"CD","Chaince Digital Holdings Inc. - American","NASDAQ"
"CDC","VictoryShares US EQ Income Enhanced Volatility Wtd ETF","NASDAQ"
"CDE","Coeur Mining, Inc.","NYSE"
"CDEI","Calvert US Large-Cap Diversity, Equity and Inclusion Index ETF","NYSEARCA"
"CDIG","City Different Investments Global Equity ETF","NASDAQ"
"CDIO","Cardio Diagnostics Holdings Inc.","NASDAQ"
"CDIOW","Cardio Diagnostics Holdings Inc. - Warrant","NASDAQ"
"CDL","VictoryShares US Large Cap High Div Volatility Wtd ETF","NASDAQ"
"CDLR","Cadeler A/S American Depositary Share (each representing four (4) Ordinary Shares)","NYSE"
"CDLX","Cardlytics, Inc.","NASDAQ"
"CDNA","CareDx, Inc.","NASDAQ"
"CDNG","Leverage Shares 2X Long CDNS Daily ETF","BATS"
"CDNL","Cardinal Infrastructure Group Inc.","NASDAQ"
"CDNS","Cadence Design Systems, Inc.","NASDAQ"
"CDP","COPT Defense Properties Common Shares of Beneficial Interest","NYSE"
"CDRE","Cadre Holdings, Inc.","NYSE"
"CDRO","Codere Online Luxembourg, S.A.","NASDAQ"
"CDROW","Codere Online Luxembourg, S.A. - Warrants","NASDAQ"
"CDT","CDT Equity Inc.","NASDAQ"
"CDTG","CDT Environmental Technology Investment Holdings Limited","NASDAQ"
"CDTTW","CDT Equity Inc. - Warrant","NASDAQ"
"CDW","CDW Corporation","NASDAQ"
"CDX","Simplify High Yield ETF","NYSEARCA"
"CDXS","Codexis, Inc.","NASDAQ"
"CDZI","Cadiz, Inc.","NASDAQ"
"CDZIP","Cadiz, Inc. - Depositary Shares","NASDAQ"
"CE","Celanese Corporation","NYSE"
"CECO","CECO Environmental Corp.","NASDAQ"
"CEE","The Central and Eastern Europe Fund, Inc. (The)","NYSE"
"CEF","Sprott Physical Gold and Silver Trust Units","NYSEARCA"
"CEFA","Global X S&P Catholic Values Developed ex-U.S. ETF","NASDAQ"
"CEFD","ETRACS Monthly Pay 1.5X Leveraged Closed-End Fund Index ETN","NYSEARCA"
"CEFS","Saba Closed-End Funds ETF","BATS"
"CEFZ","RiverNorth Active Income ETF","BATS"
"CEG","Constellation Energy Corporation - Common Stock When-Issued","NASDAQ"
"CEGX","Tradr 2X Long CEG Daily ETF","BATS"
"CELC","Celcuity Inc.","NASDAQ"
"CELG.R","Bristol-Myers Squibb Company Celegne Contingent Value Rights","NYSE"
"CELH","Celsius Holdings, Inc.","NASDAQ"
"CELU","Celularity Inc.","NASDAQ"
"CELUW","Celularity Inc. - Warrant","NASDAQ"
"CELZ","Creative Medical Technology Holdings, Inc.","NASDAQ"
"CEMB","iShares J.P. Morgan EM Corporate Bond ETF","BATS"
"CENN","Cenntro Inc.","NASDAQ"
"CENT","Central Garden & Pet Company","NASDAQ"
"CENTA","Central Garden & Pet Company","NASDAQ"
"CENX","Century Aluminum Company","NASDAQ"
"CEPF","Cantor Equity Partners IV, Inc.","NASDAQ"
"CEPI","REX Crypto Equity Premium Income ETF","NASDAQ"
"CEPO","Cantor Equity Partners I, Inc.","NASDAQ"
"CEPS","Cantor Equity Partners VI, Inc.","NASDAQ"
"CEPT","Cantor Equity Partners II, Inc.","NASDAQ"
"CEPU","Central Puerto S.A. American Depositary Shares (each represents ten Common Shares)","NYSE"
"CEPV","Cantor Equity Partners V, Inc.","NASDAQ"
"CERS","Cerus Corporation","NASDAQ"
"CERT","Certara, Inc.","NASDAQ"
"CERY","State Street SPDR Bloomberg Enhanced Roll Yield Commodity Strategy No K-1 ETF","NYSEARCA"
"CET","Central Securities Corporation","AMEX"
"CETX","Cemtrex Inc.","NASDAQ"
"CETY","Clean Energy Technologies, Inc.","NASDAQ"
"CEV","Eaton Vance California Municipal Income Trust Shares of Beneficial Interest","AMEX"
"CEVA","CEVA, Inc.","NASDAQ"
"CEW","WisdomTree Emerging Currency Strategy Fund","NYSEARCA"
"CF","CF Industries Holdings, Inc.","NYSE"
"CFA","VictoryShares US 500 Volatility Wtd ETF","NASDAQ"
"CFBK","CF Bankshares Inc.","NASDAQ"
"CFFI","C&F Financial Corporation","NASDAQ"
"CFFN","Capitol Federal Financial, Inc.","NASDAQ"
"CFG","Citizens Financial Group, Inc.","NYSE"
"CFIT","Cambria Fixed Income Trend ETF","BATS"
"CFND","C1 Fund Inc.","NYSE"
"CFO","VictoryShares US 500 Enhanced Volatility Wtd ETF","NASDAQ"
"CFR","Cullen/Frost Bankers, Inc.","NYSE"
"CG","The Carlyle Group Inc.","NASDAQ"
"CGABL","The Carlyle Group Inc. - 4.625% Subordinated Notes due 2061","NASDAQ"
"CGAU","Centerra Gold Inc. Common Shares","NYSE"
"CGBD","Carlyle Secured Lending, Inc. - Closed End Fund","NASDAQ"
"CGBL","Capital Group Core Balanced ETF","NYSEARCA"
"CGC","Canopy Growth Corporation - Common Shares","NASDAQ"
"CGCB","Capital Group Core Bond ETF","NYSEARCA"
"CGCP","Capital Group Core Plus Income ETF","NYSEARCA"
"CGCV","Capital Group Conservative Equity ETF","NYSEARCA"
"CGDG","Capital Group Dividend Growers ETF","NYSEARCA"
"CGDV","Capital Group Dividend Value ETF","NYSEARCA"
"CGEM","Cullinan Therapeutics, Inc.","NASDAQ"
"CGEN","Compugen Ltd.","NASDAQ"
"CGGE","Capital Group Global Equity ETF","NYSEARCA"
"CGGG","Capital Group U.S. Large Growth ETF","NYSEARCA"
"CGGO","Capital Group Global Growth Equity ETF","NYSEARCA"
"CGGR","Capital Group Growth ETF","NYSEARCA"
"CGHM","Capital Group Municipal High-Income ETF","NYSEARCA"
"CGHY","Capital Group High Yield Bond ETF","NYSEARCA"
"CGIB","Capital Group International Bond ETF (USD-Hedged)","NYSEARCA"
"CGIC","Capital Group International Core Equity ETF","NYSEARCA"
"CGIE","Capital Group International Equity ETF","NYSEARCA"
"CGMM","Capital Group U.S. Small and Mid Cap ETF","NYSEARCA"
"CGMS","Capital Group U.S. Multi-Sector Income ETF","NYSEARCA"
"CGMU","Capital Group Municipal Income ETF","NYSEARCA"
"CGNG","Capital Group New Geography Equity ETF","NYSEARCA"
"CGNT","Cognyte Software Ltd.","NASDAQ"
"CGNX","Cognex Corporation","NASDAQ"
"CGO","Calamos Global Total Return Fund - Closed End Fund","NASDAQ"
"CGON","CG Oncology, Inc.","NASDAQ"
"CGOV","Corgi 0-3 Month T-Bill ETF","BATS"
"CGRO","CoreValues Alpha Greater China Growth ETF","NYSEARCA"
"CGSD","Capital Group Short Duration Income ETF","NYSEARCA"
"CGSM","Capital Group Short Duration Municipal Income ETF","NYSEARCA"
"CGTL","Creative Global Technology Holdings Limited","NASDAQ"
"CGTX","Cognition Therapeutics, Inc.","NASDAQ"
"CGUI","Capital Group Ultra Short Income ETF","NYSEARCA"
"CGUS","Capital Group Core Equity ETF","NYSEARCA"
"CGV","Conductor Global Equity Value ETF","NYSE"
"CGVV","Capital Group U.S. Large Value ETF","NYSEARCA"
"CGW","Invesco S&P Global Water Index ETF","NYSEARCA"
"CGXU","Capital Group International Focus Equity ETF","NYSEARCA"
"CHA","Chagee Holdings Limited","NASDAQ"
"CHAI","Core AI Holdings, Inc. - Common Shares","NASDAQ"
"CHAR","Charlton Aria Acquisition Corporation","NASDAQ"
"CHARR","Charlton Aria Acquisition Corporation - Rights","NASDAQ"
"CHARU","Charlton Aria Acquisition Corporation - Units","NASDAQ"
"CHAT","Roundhill Generative AI & Technology ETF","NYSEARCA"
"CHAU","Direxion Daily CSI 300 China A Share Bull 2X ETF","NYSEARCA"
"CHCI","Comstock Holding Companies, Inc.","NASDAQ"
"CHCO","City Holding Company","NASDAQ"
"CHCT","Community Healthcare Trust Incorporated","NYSE"
"CHD","Church & Dwight Company, Inc.","NYSE"
"CHDN","Churchill Downs, Incorporated","NASDAQ"
"CHE","Chemed Corp","NYSE"
"CHEC","Chenghe Acquisition III Co.","NASDAQ"
"CHECU","Chenghe Acquisition III Co. - Units","NASDAQ"
"CHECW","Chenghe Acquisition III Co. - Warrants","NASDAQ"
"CHEF","The Chefs' Warehouse, Inc.","NASDAQ"
"CHGG","Chegg, Inc.","NYSE"
"CHGX","Stance Sustainable Beta ETF","NASDAQ"
"CHH","Choice Hotels International, Inc.","NYSE"
"CHI","Calamos Convertible Opportunities and Income Fund - Closed End Fund","NASDAQ"
"CHIQ","Global X MSCI China Consumer Discretionary ETF","NYSEARCA"
"CHKP","Check Point Software Technologies Ltd.","NASDAQ"
"CHMG","Chemung Financial Corp","NASDAQ"
"CHMI","Cherry Hill Mortgage Investment Corporation","NYSE"
"CHNL","Chainlink ETF","BATS"
"CHNR","China Natural Resources, Inc. - Common Shares","NASDAQ"
"CHNU","2x Chainlink ETF","BATS"
"CHOW","ChowChow Cloud International Holdings Limited","AMEX"
"CHPG","ChampionsGate Acquisition Corporation","NASDAQ"
"CHPGR","ChampionsGate Acquisition Corporation - Rights","NASDAQ"
"CHPGU","ChampionsGate Acquisition Corporation - Unit","NASDAQ"
"CHPS","Xtrackers Semiconductor Select Equity ETF","NASDAQ"
"CHPT","ChargePoint Holdings, Inc.","NYSE"
"CHPX","Global X AI Semiconductor & Quantum ETF","NASDAQ"
"CHPY","YieldMax Semiconductor Portfolio Option Income ETF","NYSEARCA"
"CHR","Cheer Holding, Inc.","NASDAQ"
"CHRD","Chord Energy Corporation","NASDAQ"
"CHRI","Global X S&P 500 Christian Values ETF","NASDAQ"
"CHRN","ChronoScale Corporation","NASDAQ"
"CHRS","Coherus Oncology, Inc.","NASDAQ"
"CHRW","C.H. Robinson Worldwide, Inc.","NASDAQ"
"CHSCL","CHS Inc","NASDAQ"
"CHSCM","CHS Inc","NASDAQ"
"CHSCN","CHS Inc - Preferred Class B Series 2 Reset Rate","NASDAQ"
"CHSCO","CHS Inc","NASDAQ"
"CHSCP","CHS Inc - 8%  Cumulative Redeemable Preferred Stock","NASDAQ"
"CHSN","Chanson International Holding","NASDAQ"
"CHT","Chunghwa Telecom Co., Ltd.","NYSE"
"CHTR","Charter Communications, Inc.","NASDAQ"
"CHW","Calamos Global Dynamic Income Fund - Closed End Fund","NASDAQ"
"CHWY","Chewy, Inc. Class A","NYSE"
"CHY","Calamos Convertible and High Income Fund - Closed End Fund","NASDAQ"
"CHYG","Corgi 0-5 Year High Yield Corporate Bond ETF","BATS"
"CHYM","Chime Financial, Inc.","NASDAQ"
"CI","The Cigna Group","NYSE"
"CIA","Citizens, Inc. Class A Common Stock ($1.00 Par)","NYSE"
"CIB","Grupo Cibest S.A. American Depositary Shares each representing four Preferred Shares","NYSE"
"CIBR","First Trust NASDAQ Cybersecurity ETF","NASDAQ"
"CICB","CION Investment Corporation 7.50% Notes due 2029","NYSE"
"CICC","CION Investment Corporation 7.50% Notes due 2031","NYSE"
"CIEG","Leverage Shares 2X Long CIEN Daily ETF","BATS"
"CIEI","Corgi 3-7 Year Treasury Bond ETF","BATS"
"CIEN","Ciena Corporation","NYSE"
"CIFG","Leverage Shares 2X Long CIFR Daily ETF","NASDAQ"
"CIFR","Cipher Digital Inc.","NASDAQ"
"CIFU","T-REX 2X Long CIFR Daily Target ETF","BATS"
"CIG","Comp En De Mn Cemig ADS American Depositary Shares","NYSE"
"CIG.C","Comp En De Mn Cemig ADS American Depositary Receipts","NYSE"
"CIGI","Colliers International Group Inc.  - Subordinate Voting Shares","NASDAQ"
"CII","BlackRock Enhanced Large Cap Core Fund, Inc.","NYSE"
"CIIT","Tianci International, Inc.","NASDAQ"
"CIK","Credit Suisse Asset Management Income Fund, Inc.","AMEX"
"CIM","Chimera Investment Corporation","NYSE"
"CIMN","Chimera Investment Corporation 9.000% Senior Notes due 2029","NYSE"
"CIMO","Chimera Investment Corporation 9.250% Senior Notes due 2029","NYSE"
"CIMP","Chimera Investment Corporation 8.875% Senior Notes due 2030","NYSE"
"CINF","Cincinnati Financial Corporation","NASDAQ"
"CING","Cingulate Inc.","NASDAQ"
"CINGW","Cingulate Inc. - Warrants","NASDAQ"
"CINT","CI&T Inc Class A Common Shares","NYSE"
"CION","CION Investment Corporation","NYSE"
"CISO","CISO Global, Inc.","NASDAQ"
"CISS","C3is Inc.","NASDAQ"
"CITR","CitroTech Inc.","AMEX"
"CIVB","Civista Bancshares, Inc.","NASDAQ"
"CIVG","Corgi 1-5 Year Investment Grade Corporate Bond ETF","BATS"
"CIX","CompX International Inc.","AMEX"
"CJMB","Callan JMB Inc.","NASDAQ"
"CJUN","Corgi U.S. Equities 15% Structured Buffer ETF - June Series","BATS"
"CKX","CKX Lands, Inc.","AMEX"
"CL","Colgate-Palmolive Company","NYSE"
"CLAR","Clarus Corporation","NASDAQ"
"CLB","Core Laboratories Inc.","NYSE"
"CLBK","Columbia Financial, Inc.","NASDAQ"
"CLBR","Colombier Acquisition Corp. III Class A","NYSE"
"CLBR.U","Colombier Acquisition Corp. III Units, each consisting of one Class A ordinary share and one-eighth of one warrant","NYSE"
"CLBR.W","Colombier Acquisition Corp. III Warrants, each whole warrant exercisable for one Class A ordinary share at an exercise price of $11.50 per share","NYSE"
"CLBT","Cellebrite DI Ltd.","NASDAQ"
"CLCG","Crossmark Large Cap Growth ETF","NYSEARCA"
"CLCV","Crossmark Large Cap Value ETF","NYSEARCA"
"CLDI","Calidi Biotherapeutics, Inc.","AMEX"
"CLDT","Chatham Lodging Trust (REIT) Common Shares of Beneficial Interest","NYSE"
"CLDX","Celldex Therapeutics, Inc.","NASDAQ"
"CLF","Cleveland-Cliffs Inc.","NYSE"
"CLFD","Clearfield, Inc.","NASDAQ"
"CLGN","CollPlant Biotechnologies Ltd.","NASDAQ"
"CLH","Clean Harbors, Inc.","NYSE"
"CLIK","Click Holdings Limited - Ordinary Share","NASDAQ"
"CLIM","Climate Global - Climate Resilient REIT Index ETF","NYSEARCA"
"CLIP","Global X 1-3 Month T-Bill ETF","NYSEARCA"
"CLIR","ClearSign Technologies Corporation","NASDAQ"
"CLIX","ProShares Long Online/Short Stores ETF","NYSEARCA"
"CLLS","Cellectis S.A.","NASDAQ"
"CLM","Cornerstone Strategic Investment Fund, Inc. Common Shares","AMEX"
"CLMB","Climb Global Solutions, Inc.","NASDAQ"
"CLMT","Calumet, Inc","NASDAQ"
"CLNE","Clean Energy Fuels Corp.","NASDAQ"
"CLNK","Common Shares of Beneficial Interest of Bitwise Chainlink ETF","NYSEARCA"
"CLNN","Clene Inc.","NASDAQ"
"CLOA","iShares AAA CLO Active ETF","NASDAQ"
"CLOB","VanEck AA-BB CLO ETF","NYSEARCA"
"CLOC","AAM Crescent CLO ETF","NYSEARCA"
"CLOD","Themes Cloud Computing ETF","NASDAQ"
"CLOI","VanEck CLO ETF","NYSEARCA"
"CLOO","NYLI Investment Grade CLO ETF","NYSEARCA"
"CLOU","Global X Cloud Computing ETF","NASDAQ"
"CLOV","Clover Health Investments, Corp.","NASDAQ"
"CLOX","Eldridge AAA CLO ETF","NYSEARCA"
"CLOZ","Eldridge BBB-B CLO ETF","NYSEARCA"
"CLPR","Clipper Realty Inc.","NYSE"
"CLPS","CLPS Incorporation","NASDAQ"
"CLPT","ClearPoint Neuro Inc.","NASDAQ"
"CLRB","Cellectar Biosciences, Inc.","NASDAQ"
"CLRO","ClearOne, Inc.","NASDAQ"
"CLS","Celestica, Inc.","NYSE"
"CLSE","Convergence Long/Short Equity ETF","BATS"
"CLSK","CleanSpark, Inc.","NASDAQ"
"CLSKW","CleanSpark, Inc. - Warrant","NASDAQ"
"CLSM","ETC Cabana Target Leading Sector Moderate ETF","NASDAQ"
"CLST","Catalyst Bancorp, Inc.","NASDAQ"
"CLSX","Tradr 2X Long CLSK Daily ETF","BATS"
"CLUB","Billionaires Club ETF","NYSEARCA"
"CLVT","Clarivate Plc","NYSE"
"CLW","Clearwater Paper Corporation","NYSE"
"CLWT","Euro Tech Holdings Company Limited","NASDAQ"
"CLX","Clorox Company (The)","NYSE"
"CLYM","Climb Bio, Inc.","NASDAQ"
"CM","Canadian Imperial Bank of Commerce","NYSE"
"CMAG","Corgi Mag 7 ETF","BATS"
"CMAY","Corgi U.S. Equities 15% Structured Buffer ETF - May Series","BATS"
"CMBO","Wayfinder Dynamic U.S. Interest Rate ETF","NASDAQ"
"CMBS","iShares CMBS Bond ETF","NYSEARCA"
"CMBT","CMB.TECH NV","NYSE"
"CMC","Commercial Metals Company","NYSE"
"CMCI","VanEck CMCI Commodity Strategy ETF","BATS"
"CMCL","Caledonia Mining Corporation Plc Common Shares","AMEX"
"CMCM","Cheetah Mobile Inc. American Depositary Shares, each representing fifty (50) Class A","NYSE"
"CMCO","Columbus McKinnon Corporation","NASDAQ"
"CMCSA","Comcast Corporation","NASDAQ"
"CMCT","Creative Media","NASDAQ"
"CMDB","Costamare Bulkers Holdings Limited","NYSE"
"CMDT","PIMCO Commodity Strategy Active Exchange-Traded Fund","NYSEARCA"
"CMDY","iShares Bloomberg Roll Select Commodity Strategy ETF","NYSEARCA"
"CME","CME Group Inc.","NASDAQ"
"CMF","iShares California Muni Bond ETF","NYSEARCA"
"CMG","Chipotle Mexican Grill, Inc.","NYSE"
"CMGG","Leverage Shares 2X Long CMG Daily ETF","NASDAQ"
"CMI","Cummins Inc.","NYSE"
"CMII","Columbus Circle Capital Corp II","NASDAQ"
"CMIIU","Columbus Circle Capital Corp II - Unit","NASDAQ"
"CMIIW","Columbus Circle Capital Corp II - Warrant","NASDAQ"
"CMMB","Chemomab Therapeutics Ltd.","NASDAQ"
"CMND","Clearmind Medicine Inc. - Common Shares","NASDAQ"
"CMP","Compass Minerals Intl Inc","NYSE"
"CMPR","Cimpress plc","NASDAQ"
"CMPS","COMPASS Pathways Plc - American Depository Shares","NASDAQ"
"CMPX","Compass Therapeutics, Inc.","NASDAQ"
"CMRC","Commerce.com, Inc. - Series 1","NASDAQ"
"CMRE","Costamare Inc. Common Stock $0.0001 par value","NYSE"
"CMS","CMS Energy Corporation","NYSE"
"CMSA","CMS Energy Corporation 5.625% Junior Subordinated Notes due 2078","NYSE"
"CMSC","CMS Energy Corporation 5.875% Junior Subordinated Notes due 2078","NYSE"
"CMSD","CMS Energy Corporation 5.875% Junior Subordinated Notes due 2079","NYSE"
"CMT","Core Molding Technologies Inc","AMEX"
"CMTG","Claros Mortgage Trust, Inc.","NYSE"
"CMTL","Comtech Telecommunications Corp.","NASDAQ"
"CMTV","Community Bancorp.","NASDAQ"
"CNA","CNA Financial Corporation","NYSE"
"CNAV","Mohr Company Nav ETF","BATS"
"CNBS","Amplify Seymour Cannabis ETF","NYSEARCA"
"CNC","Centene Corporation","NYSE"
"CNCG","Leverage Shares 2X Long CNC Daily ETF","NASDAQ"
"CNCK","Coincheck Group N.V.","NASDAQ"
"CNCKW","Coincheck Group N.V. - Warrants","NASDAQ"
"CNDT","Conduent Incorporated","NASDAQ"
"CNEQ","Alger Concentrated Equity ETF","NYSEARCA"
"CNET","ZW Data Action Technologies Inc.","NASDAQ"
"CNEY","CN Energy Group Inc.","NASDAQ"
"CNF","CNFinance Holdings Limited American Depositary Shares, each representing two hundred (200)","NYSE"
"CNH","CNH Industrial N.V. Common Shares","NYSE"
"CNI","Canadian National Railway Company","NYSE"
"CNK","Cinemark Holdings Inc Cinemark Holdings, Inc.","NYSE"
"CNL","Collective Mining Ltd. Common Shares","AMEX"
"CNM","Core & Main, Inc. Class A","NYSE"
"CNMD","CONMED Corporation","NYSE"
"CNNE","Cannae Holdings, Inc.","NYSE"
"CNO","CNO Financial Group, Inc.","NYSE"
"CNOB","ConnectOne Bancorp, Inc.","NASDAQ"
"CNOBP","ConnectOne Bancorp, Inc. - Depositary Shares (each representing a 1/40th interest in a share of 5.25% Fixed-Rate Reset Non-Cumulative Perpetual Prefer","NASDAQ"
"CNP","CenterPoint Energy, Inc (Holding Co)","NYSE"
"CNQ","Canadian Natural Resources Limited","NYSE"
"CNQQ","Rayliant-ChinaAMC Transformative China Tech ETF","NASDAQ"
"CNR","Core Natural Resources, Inc.","NYSE"
"CNRG","State Street SPDR S&P Kensho Clean Power ETF","NYSEARCA"
"CNS","Cohen & Steers Inc","NYSE"
"CNSP","CNS Pharmaceuticals, Inc.","NASDAQ"
"CNTA","Centessa Pharmaceuticals plc","NASDAQ"
"CNTB","Connect Biopharma Holdings Limited","NASDAQ"
"CNTN","Canton Strategic Holdings, Inc.","NASDAQ"
"CNTX","Context Therapeutics Inc.","NASDAQ"
"CNTY","Century Casinos, Inc.","NASDAQ"
"CNVS","Cineverse Corp.","NASDAQ"
"CNX","CNX Resources Corporation","NYSE"
"CNXC","Concentrix Corporation","NASDAQ"
"CNXN","PC Connection, Inc.","NASDAQ"
"CNXT","VanEck ChiNext Innovators ETF","NYSEARCA"
"CNXU","Conexeu Sciences Inc.","NASDAQ"
"CNYA","iShares MSCI China A ETF","BATS"
"COAG","Hemab Therapeutics Holdings, Inc.","NASDAQ"
"COAL","Range Global Coal Index ETF","NYSEARCA"
"COCH","Envoy Medical, Inc.","NASDAQ"
"COCHW","Envoy Medical, Inc. - Warrant","NASDAQ"
"COCO","The Vita Coco Company, Inc.","NASDAQ"
"COCP","Cocrystal Pharma, Inc.","NASDAQ"
"CODA","Coda Octopus Group, Inc.","NASDAQ"
"CODI","D/B/A Compass Diversified Holdings Shares of Beneficial Interest","NYSE"
"CODX","Co-Diagnostics, Inc.","NASDAQ"
"COE","51Talk Online Education Group American depositary shares, each representing 60 Class A","AMEX"
"COF","Capital One Financial Corporation","NYSE"
"COFS","ChoiceOne Financial Services, Inc.","NASDAQ"
"COGT","Cogent Biosciences, Inc.","NASDAQ"
"COHH","Leverage Shares 2X Long COHR Daily ETF","BATS"
"COHN","Cohen & Company Inc.","AMEX"
"COHR","Coherent Corp.","NYSE"
"COHU","Cohu, Inc.","NASDAQ"
"COHX","Tradr 2X Long COHR Daily ETF","BATS"
"COIA","ProShares Ultra COIN","NYSEARCA"
"COIG","Leverage Shares 2X Long COIN Daily ETF","NASDAQ"
"COIN","Coinbase Global, Inc.","NASDAQ"
"COIW","Roundhill COIN WeeklyPay ETF","BATS"
"COKE","Coca-Cola Consolidated, Inc.","NASDAQ"
"COLA","Columbus Acquisition Corp","NASDAQ"
"COLAR","Columbus Acquisition Corp - Rights","NASDAQ"
"COLAU","Columbus Acquisition Corp - Unit","NASDAQ"
"COLB","Columbia Banking System, Inc.","NASDAQ"
"COLD","Americold Realty Trust, Inc.","NYSE"
"COLL","Collegium Pharmaceutical, Inc.","NASDAQ"
"COLM","Columbia Sportswear Company","NASDAQ"
"COLO","Global X MSCI Colombia ETF","NYSEARCA"
"COM","Direxion Auspice Broad Commodity Strategy ETF","NYSEARCA"
"COMB","GraniteShares Bloomberg Commodity Broad Strategy No K-1 ETF","NYSEARCA"
"COMD","Global X Commodity Strategy ETF","BATS"
"COMP","Compass, Inc. Class A","NYSE"
"COMT","iShares GSCI Commodity Dynamic Roll Strategy ETF","NASDAQ"
"CON","Concentra Group Holdings Parent, Inc.","NYSE"
"CONI","GraniteShares 2x Short COIN Daily ETF","NASDAQ"
"CONL","GraniteShares 2x Long COIN Daily ETF","NASDAQ"
"CONX","Direxion Daily COIN Bull 2X ETF","NASDAQ"
"CONY","YieldMax COIN Option Income Strategy ETF","NYSEARCA"
"COO","The Cooper Companies, Inc.","NASDAQ"
"COOK","Traeger, Inc.","NYSE"
"COOT","Australian Oilseeds Holdings Limited","NASDAQ"
"COOTW","Australian Oilseeds Holdings Limited - Warrant","NASDAQ"
"COP","ConocoPhillips","NYSE"
"COPA","Themes Copper Miners ETF","BATS"
"COPJ","Sprott Junior Copper Miners ETF","NASDAQ"
"COPL","Copley Acquisition Corp","NYSE"
"COPL.U","Copley Acquisition Corp Units, each consisting of one ordinary share and one-half warrant","NYSE"
"COPL.W","Copley Acquisition Corp Redeemable warrants, each whole warrant exercisable for one Class A ordinary share at an exercise price of $11.50","NYSE"
"COPP","Sprott Copper Miners ETF","NASDAQ"
"COPX","Global X Copper Miners ETF","NYSEARCA"
"COPY","Tweedy, Browne Insider + Value ETF","NYSEARCA"
"COPZ","Defiance Daily Target 2X Long Copper Miners ETF","NYSEARCA"
"COR","Cencora, Inc.","NYSE"
"CORB","AB Core Bond ETF","NYSEARCA"
"CORD","T-REX 2X Inverse CRWV Daily Target ETF","BATS"
"CORN","Teucrium Corn Fund ETV","NYSEARCA"
"CORO","iShares International Country Rotation Active ETF","NASDAQ"
"CORP","PIMCO Investment Grade Corporate Bond Index Exchange-Traded Fund","NYSEARCA"
"CORT","Corcept Therapeutics Incorporated","NASDAQ"
"CORZ","Core Scientific, Inc.","NASDAQ"
"CORZW","Core Scientific, Inc. - Tranche 1 Warrants","NASDAQ"
"CORZZ","Core Scientific, Inc. - Tranche 2 Warrants","NASDAQ"
"COSM","Cosmos Health Inc.","NASDAQ"
"COSO","CoastalSouth Bancshares, Inc.","NYSE"
"COST","Costco Wholesale Corporation","NASDAQ"
"COSW","Roundhill COST WeeklyPay ETF","BATS"
"COTG","Leverage Shares 2X Long COST Daily ETF","NASDAQ"
"COTY","Coty Inc. Class A","NYSE"
"COUR","Coursera, Inc.","NYSE"
"COWG","Pacer US Large Cap Cash Cows Growth Leaders ETF","NASDAQ"
"COWS","Amplify Cash Flow Dividend Leaders ETF","NASDAQ"
"COWZ","Pacer US Cash Cows 100 ETF","BATS"
"COYA","Coya Therapeutics, Inc.","NASDAQ"
"COYY","GraniteShares YieldBOOST COIN ETF","NASDAQ"
"COZX","Tradr 2X Long CORZ Daily ETF","BATS"
"CP","Canadian Pacific Kansas City Limited Common Shares","NYSE"
"CPA","Copa Holdings, S.A. Class A","NYSE"
"CPAC","Cementos Pacasmayo S.A.A. American Depositary Shares (Each representing five Common Shares)","NYSE"
"CPAG","F/m Compoundr U.S. Aggregate Bond ETF","NASDAQ"
"CPAI","Counterpoint Quantitative Equity ETF","NYSE"
"CPAY","Corpay, Inc.","NYSE"
"CPB","The Campbell's Company","NASDAQ"
"CPBI","Central Plains Bancshares, Inc.","NASDAQ"
"CPER","United States Copper Index Fund ETV","NYSEARCA"
"CPF","Central Pacific Financial Corp New","NYSE"
"CPHC","Canterbury Park Holding Corporation","NASDAQ"
"CPHI","China Pharma Holdings, Inc.","AMEX"
"CPHY","F/m Compoundr High Yield Bond ETF","NASDAQ"
"CPII","American Beacon Ionic Inflation Protection ETF","NYSEARCA"
"CPIX","Cumberland Pharmaceuticals Inc.","NASDAQ"
"CPK","Chesapeake Utilities Corporation","NYSE"
"CPLB","NYLI MacKay Core Plus Bond ETF","NYSEARCA"
"CPLS","AB Core Plus Bond ETF","NASDAQ"
"CPNG","Coupang, Inc. Class A","NYSE"
"CPNJ","Calamos Nasdaq - 100 Structured Alt Protection ETF -June","NYSEARCA"
"CPNM","Calamos Nasdaq-100 Structured Alt Protection ETF - March","NYSEARCA"
"CPNQ","Calamos Nasdaq-100 Structured Alt Protection ETF December","NYSEARCA"
"CPNS","Calamos Nasdaq-100 Structured Alt Protection ETF  September","NYSEARCA"
"CPNX","Tradr 2X Long CPNG Daily ETF","BATS"
"CPOP","Pop Culture Group Co., Ltd","NASDAQ"
"CPRA","Calamos Russell 2000 Structured Alt Protection ETF - April","NYSEARCA"
"CPRI","Capri Holdings Limited","NYSE"
"CPRJ","Calamos Russell 2000 Structured Alt Protection ETF  July","NYSEARCA"
"CPRO","Calamos Russell 2000 Structured Alt Protection ETF - October","NYSEARCA"
"CPRT","Copart, Inc.","NASDAQ"
"CPRX","Catalyst Pharmaceuticals, Inc.","NASDAQ"
"CPRY","Calamos Russell 2000 Structured Alt Protection ETF January","NYSEARCA"
"CPS","Cooper-Standard Holdings Inc.","NYSE"
"CPSA","Calamos S&P 500 Structured Alt Protection ETF  August","NYSEARCA"
"CPSD","Calamos S&P 500 Structured Alt Protection ETF December","NYSEARCA"
"CPSF","Calamos S&P 500 Structured Alt Protection ETF February","NYSEARCA"
"CPSH","CPS Technologies Corp.","NASDAQ"
"CPSJ","Calamos S&P 500 Structured Alt Protection ETF  July","NYSEARCA"
"CPSL","Calamos Laddered S&P 500 Structured Alt Protection ETF","BATS"
"CPSM","Calamos S&P 500 Structured Alt Protection ETF  May","NYSEARCA"
"CPSN","Calamos S&P 500 Structured Alt Protection ETF November","NYSEARCA"
"CPSO","Calamos S&P 500 Structured Alt Protection ETF - October","NYSEARCA"
"CPSP","Calamos S&P 500 Structured Alt Protection ETF - April","NYSEARCA"
"CPSR","Calamos S&P 500 Structured Alt Protection ETF - March","NYSEARCA"
"CPSS","Consumer Portfolio Services, Inc.","NASDAQ"
"CPST","Calamos S&P 500 Structured Alt Protection ETF  September","NYSEARCA"
"CPSU","Calamos S&P 500 Structured Alt Protection ETF June","NYSEARCA"
"CPSY","Calamos S&P 500 Structured Alt Protection ETF January","NYSEARCA"
"CPT","Camden Property Trust","NYSE"
"CPXR","USCF Daily Target 2X Copper Index ETF","NYSEARCA"
"CPZ","Calamos Long/Short Equity & Dynamic Income Trust - Closed End Fund","NASDAQ"
"CQP","Cheniere Energy Partners, LP Common Units","NYSE"
"CQQQ","Invesco China Technology ETF","NYSEARCA"
"CQTM","Corgi Quantum Computing ETF","BATS"
"CR","Crane Company","NYSE"
"CRAC","Crown Reserve Acquisition Corp. I","NASDAQ"
"CRACR","Crown Reserve Acquisition Corp. I - Rights","NASDAQ"
"CRACU","Crown Reserve Acquisition Corp. I - Unit","NASDAQ"
"CRACW","Crown Reserve Acquisition Corp. I - Warrant","NASDAQ"
"CRAI","CRA International,Inc.","NASDAQ"
"CRAK","VanEck Oil Refiners ETF","NYSEARCA"
"CRAN","Crane Harbor Acquisition Corp. II","NASDAQ"
"CRANR","Crane Harbor Acquisition Corp. II - Rights","NASDAQ"
"CRANU","Crane Harbor Acquisition Corp. II - Units","NASDAQ"
"CRAQ","Cal Redwood Acquisition Corp.","NASDAQ"
"CRAQR","Cal Redwood Acquisition Corp. - Right","NASDAQ"
"CRAQU","Cal Redwood Acquisition Corp. - Units","NASDAQ"
"CRBD","Corebridge Financial Inc. 6.375% Junior Subordinated Notes due 2064","NYSE"
"CRBG","Corebridge Financial Inc.","NYSE"
"CRBN","iShares Low Carbon Optimized MSCI ACWI ETF","NYSEARCA"
"CRBP","Corbus Pharmaceuticals Holdings, Inc.","NASDAQ"
"CRBU","Caribou Biosciences, Inc.","NASDAQ"
"CRC","California Resources Corporation","NYSE"
"CRCA","ProShares Ultra CRCL","NYSEARCA"
"CRCD","T-REX 2X Inverse CRCL Daily Target ETF","BATS"
"CRCG","Leverage Shares 2X Long CRCL Daily ETF","NASDAQ"
"CRCL","Circle Internet Group, Inc. Class A","NYSE"
"CRCO","YieldMax CRCL Option Income Strategy ETF","NYSEARCA"
"CRCT","Cricut, Inc.","NASDAQ"
"CRD.A","Crawford & Company","NYSE"
"CRD.B","Crawford & Company","NYSE"
"CRDD","Cardano ETF","BATS"
"CRDF","Cardiff Oncology, Inc.","NASDAQ"
"CRDL","Cardiol Therapeutics Inc.","NASDAQ"
"CRDO","Credo Technology Group Holding Ltd","NASDAQ"
"CRDT","Simplify Opportunistic Income ETF","NYSEARCA"
"CRDU","Tradr 2X Long CRDO Daily ETF","BATS"
"CRDX","2x Cardano ETF","BATS"
"CRE","Cre8 Enterprise Limited","NASDAQ"
"CRED","Columbia Research Enhanced Real Estate ETF","NYSEARCA"
"CREG","Smart Powerr Corp.","NASDAQ"
"CRESY","Cresud S.A.C.I.F. y A.","NASDAQ"
"CREX","Creative Realities, Inc.","NASDAQ"
"CRF","Cornerstone Total Return Fund, Inc. (The)","AMEX"
"CRGO","Freightos Limited","NASDAQ"
"CRGOW","Freightos Limited - Warrants","NASDAQ"
"CRGY","Crescent Energy Company Class A","NYSE"
"CRH","CRH PLC","NYSE"
"CRI","Carter's, Inc.","NYSE"
"CRIB","Russell Investments Global Real Estate ETF","NYSEARCA"
"CRIS","Curis, Inc.","NASDAQ"
"CRK","Comstock Resources, Inc.","NYSE"
"CRL","Charles River Laboratories International, Inc.","NYSE"
"CRM","Salesforce, Inc.","NYSE"
"CRMD","CorMedix Inc.","NASDAQ"
"CRMG","Leverage Shares 2X Long CRM Daily ETF","NASDAQ"
"CRML","Critical Metals Corp.","NASDAQ"
"CRMLW","Critical Metals Corp. - Warrants","NASDAQ"
"CRMT","America's Car-Mart, Inc.","NASDAQ"
"CRMU","Leverage Shares 2x Long CRML Daily ETF","NASDAQ"
"CRMX","Tradr 2X Long CRML Daily ETF","BATS"
"CRNC","Cerence Inc.","NASDAQ"
"CRNT","Ceragon Networks Ltd.","NASDAQ"
"CRNX","Crinetics Pharmaceuticals, Inc.","NASDAQ"
"CRON","Cronos Group Inc. - Common Share","NASDAQ"
"CROX","Crocs, Inc.","NASDAQ"
"CRPT","First Trust SkyBridge Crypto Industry and Digital Economy ETF","NYSEARCA"
"CRS","Carpenter Technology Corporation","NYSE"
"CRSH","YieldMax Short TSLA Option Income Strategy ETF","NYSEARCA"
"CRSP","CRISPR Therapeutics AG - Common Shares","NASDAQ"
"CRSR","Corsair Gaming, Inc.","NASDAQ"
"CRT","Cross Timbers Royalty Trust","NYSE"
"CRTC","Xtrackers US National Critical Technologies ETF","NYSEARCA"
"CRTO","Criteo S.A.","NASDAQ"
"CRUS","Cirrus Logic, Inc.","NASDAQ"
"CRUX","Columbia Core Bond ETF","NYSEARCA"
"CRVL","CorVel Corp.","NASDAQ"
"CRVO","CervoMed Inc.","NASDAQ"
"CRVS","Corvus Pharmaceuticals, Inc.","NASDAQ"
"CRWD","CrowdStrike Holdings, Inc.","NASDAQ"
"CRWG","Leverage Shares 2X Long CRWV Daily ETF","NASDAQ"
"CRWL","GraniteShares 2x Long CRWD Daily ETF","NASDAQ"
"CRWS","Crown Crafts, Inc.","NASDAQ"
"CRWU","T-REX 2X Long CRWV Daily Target ETF","BATS"
"CRWV","CoreWeave, Inc.","NASDAQ"
"CRXP","Columbia Core Plus Bond ETF","NYSEARCA"
"CRY","GraniteShares YieldBOOST CRCL ETF","NASDAQ"
"CSAI","Cloudastructure, Inc.","NASDAQ"
"CSAN","Cosan S.A. ADS","NYSE"
"CSB","VictoryShares US Small Cap High Div Volatility Wtd ETF","NASDAQ"
"CSBR","Champions Oncology, Inc.","NASDAQ"
"CSCL","Direxion Daily CSCO Bull 2X ETF","NASDAQ"
"CSCO","Cisco Systems, Inc.","NASDAQ"
"CSCS","Direxion Daily CSCO Bear 1X ETF","NASDAQ"
"CSD","Invesco S&P Spin-Off ETF","NYSEARCA"
"CSEN","Cohen & Steers Future of Energy Active ETF","NASDAQ"
"CSEX","Tradr 2X Long CLS Daily ETF","BATS"
"CSGP","CoStar Group, Inc.","NASDAQ"
"CSHI","NEOS Enhanced Income 1-3 Month T-Bill ETF","NYSEARCA"
"CSHP","iShares Dynamic Short-Term Active ETF","NYSEARCA"
"CSHR","CoinShares PLC","NASDAQ"
"CSHRW","CoinShares PLC - Warrants","NASDAQ"
"CSIO","Cohen & Steers Infrastructure Opportunities Active ETF","NYSEARCA"
"CSIQ","Canadian Solar Inc. - Common Shares","NASDAQ"
"CSL","Carlisle Companies Incorporated","NYSE"
"CSM","ProShares Large Cap Core Plus","BATS"
"CSMD","Congress SMid Growth ETF","NYSEARCA"
"CSNR","Cohen & Steers Natural Resources Active ETF","NYSEARCA"
"CSPF","Cohen & Steers Preferred and Income Opportunities Active ETF","NYSEARCA"
"CSPI","CSP Inc.","NASDAQ"
"CSQ","Calamos Strategic Total Return Fund - Closed End Fund","NASDAQ"
"CSR","D/B/A Centerspace","NYSE"
"CSRE","Cohen & Steers Real Estate Active ETF","NYSEARCA"
"CSSD","Cohen & Steers Short Duration Preferred and Income Active ETF","NYSEARCA"
"CSTE","Caesarstone Ltd.","NASDAQ"
"CSTK","Invesco Comstock Contrarian Equity ETF","BATS"
"CSTL","Castle Biosciences, Inc.","NASDAQ"
"CSTM","Constellium SE Ordinary Shares (France)","NYSE"
"CSV","Carriage Services, Inc.","NYSE"
"CSW","CSW Industrials, Inc.","NYSE"
"CSWC","Capital Southwest Corporation","NASDAQ"
"CSX","CSX Corporation","NASDAQ"
"CTA","Simplify Managed Futures Strategy ETF","NYSEARCA"
"CTAA","ClearThink 1 Acquisition Corp.","NASDAQ"
"CTAAR","ClearThink 1 Acquisition Corp. - Rights","NASDAQ"
"CTAAU","ClearThink 1 Acquisition Corp. - Units","NASDAQ"
"CTAP","Simplify US Equity PLUS Managed Futures Strategy ETF","NYSEARCA"
"CTAS","Cintas Corporation","NASDAQ"
"CTBI","Community Trust Bancorp, Inc.","NASDAQ"
"CTEC","Global X ClimateTech ETF","NASDAQ"
"CTEF","Castellan Targeted Equity ETF","BATS"
"CTEV","Claritev Corporation Class A","NYSE"
"CTEX","ProShares S&P Kensho Cleantech ETF","NYSEARCA"
"CTGG","Qwest Corporation 6.500% Senior Notes due 2051 (denominations of $25)","NYSE"
"CTGO","Contango Silver & Gold Inc.","AMEX"
"CTHH","Qwest Corporation 6.750% Senior Notes due 2052 (denominations of $25)","NYSE"
"CTIF","Castellan Targeted Income ETF","BATS"
"CTJN","Corgi U.S. Equities 30% Structured Buffer ETF - June Series","BATS"
"CTKB","Cytek Biosciences, Inc.","NASDAQ"
"CTM","Castellum, Inc.","AMEX"
"CTMA","Corgi U.S. Equities 30% Structured Buffer ETF - May Series","BATS"
"CTMX","CytomX Therapeutics, Inc.","NASDAQ"
"CTNM","Contineum Therapeutics, Inc.","NASDAQ"
"CTNT","Cheetah Net Supply Chain Service Inc.","NASDAQ"
"CTO","CTO Realty Growth, Inc.","NYSE"
"CTOR","Citius Oncology, Inc.","NASDAQ"
"CTOS","Custom Truck One Source, Inc.","NYSE"
"CTRE","CareTrust REIT, Inc.","NYSE"
"CTRI","Centuri Holdings, Inc.","NYSE"
"CTRM","Castor Maritime Inc. - Common Shares","NASDAQ"
"CTRN","Citi Trends, Inc.","NASDAQ"
"CTS","CTS Corporation","NYSE"
"CTSH","Cognizant Technology Solutions Corporation","NASDAQ"
"CTSO","Cytosorbents Corporation","NASDAQ"
"CTVA","Corteva, Inc.","NYSE"
"CTW","CTW","NASDAQ"
"CTWO","Common units","NYSEARCA"
"CTXR","Citius Pharmaceuticals, Inc.","NASDAQ"
"CUB","Lionheart Holdings","NASDAQ"
"CUBB","Customers Bancorp, Inc 5.375% Subordinated Notes Due 2034","NYSE"
"CUBE","CubeSmart Common Shares","NYSE"
"CUBI","Customers Bancorp, Inc","NYSE"
"CUBWU","Lionheart Holdings - Unit","NASDAQ"
"CUBWW","Lionheart Holdings - Warrant","NASDAQ"
"CUE","Cue Biopharma, Inc.","NASDAQ"
"CULP","Culp, Inc. - Common Shares","NASDAQ"
"CUPR","Cuprina Holdings (Cayman) Limited","NASDAQ"
"CURB","Curbline Properties Corp.","NYSE"
"CURE","Direxion Daily Healthcare Bull 3X ETF","NYSEARCA"
"CURI","CuriosityStream Inc.","NASDAQ"
"CURR","Currenc Group Inc.","NASDAQ"
"CURV","Torrid Holdings Inc.","NYSE"
"CURX","Curanex Pharmaceuticals Inc","NASDAQ"
"CUSD","CrossingBridge Ultra-Short Duration ETF","NASDAQ"
"CUST","Corgi 1-3 Year Treasury Bond ETF","BATS"
"CUT","Invesco MSCI Global Timber ETF","NYSEARCA"
"CUZ","Cousins Properties Incorporated","NYSE"
"CV","CapsoVision, Inc.","NASDAQ"
"CVAR","Cultivar ETF","BATS"
"CVBF","CVB Financial Corporation","NASDAQ"
"CVCO","Cavco Industries, Inc.","NASDAQ"
"CVE","Cenovus Energy Inc","NYSE"
"CVEO","Civeo Corporation (Canada) Common Shares","NYSE"
"CVGD","CresAlta Global Dividend ETF","NYSEARCA"
"CVGI","Commercial Vehicle Group, Inc.","NASDAQ"
"CVI","CVR Energy Inc.","NYSE"
"CVIE","Calvert International Responsible Index ETF","NYSEARCA"
"CVKD","Cadrenal Therapeutics, Inc.","NASDAQ"
"CVLC","Calvert US Large-Cap Core Responsible Index ETF","NYSEARCA"
"CVLG","Covenant Logistics Group, Inc. Class A","NYSE"
"CVLT","Commvault Systems, Inc.","NASDAQ"
"CVM","Cel-Sci Corporation","AMEX"
"CVMC","Calvert US Mid-Cap Core Responsible Index ETF","NYSEARCA"
"CVNA","Carvana Co. Class A","NYSE"
"CVNY","YieldMax CVNA Option Income Strategy ETF","NYSEARCA"
"CVR","Chicago Rivet & Machine Co.","AMEX"
"CVRD","Madison Covered Call ETF","NYSEARCA"
"CVRT","Calamos Convertible Equity Alternative ETF","NYSEARCA"
"CVRX","CVRx, Inc.","NASDAQ"
"CVS","CVS Health Corporation","NYSE"
"CVSA","Covista Inc. Common Shares","NYSE"
"CVSB","Calvert Ultra-Short Investment Grade ETF","NYSEARCA"
"CVSM","CresAlta Small and Mid-Cap ETF","NYSEARCA"
"CVU","CPI Aerostructures, Inc.","AMEX"
"CVV","CVD Equipment Corporation","NASDAQ"
"CVX","Chevron Corporation","NYSE"
"CVY","Invesco Zacks Multi-Asset Income ETF","NYSEARCA"
"CW","Curtiss-Wright Corporation","NYSE"
"CWAN","Clearwater Analytics Holdings, Inc. Class A","NYSE"
"CWB","State Street SPDR Bloomberg Convertible Securities ETF","NYSEARCA"
"CWBC","Community West Bancshares","NASDAQ"
"CWCO","Consolidated Water Co. Ltd.","NASDAQ"
"CWD","CaliberCos Inc.","NASDAQ"
"CWEB","Direxion Daily CSI China Internet Index Bull 2X ETF","NYSEARCA"
"CWEN","Clearway Energy, Inc. Class C","NYSE"
"CWH","Camping World Holdings, Inc. Class A","NYSE"
"CWI","State Street SPDR MSCI ACWI ex-US ETF","NYSEARCA"
"CWK","Cushman & Wakefield Ltd. Common Shares","NYSE"
"CWS","AdvisorShares Focused Equity ETF","NYSEARCA"
"CWST","Casella Waste Systems, Inc.","NASDAQ"
"CWT","California Water Service Group","NYSE"
"CWVX","Tradr 2X Long CRWV Daily ETF","BATS"
"CWY","GraniteShares YieldBOOST CRWV ETF","NASDAQ"
"CX","Cemex, S.A.B. de C.V. Sponsored ADR","NYSE"
"CXAI","CXApp Inc.","NASDAQ"
"CXAIW","CXApp Inc. - Warrant","NASDAQ"
"CXDO","Crexendo, Inc.","NASDAQ"
"CXII","Churchill Capital Corp XII","NASDAQ"
"CXIIU","Churchill Capital Corp XII - Units","NASDAQ"
"CXIIW","Churchill Capital Corp XII - Warrants","NASDAQ"
"CXM","Sprinklr, Inc. Class A","NYSE"
"CXRN","Teucrium 2x Daily Corn ETF","NYSEARCA"
"CXSE","WisdomTree China ex-State-Owned Enterprises Fund","NASDAQ"
"CXT","Crane NXT, Co.","NYSE"
"CXW","CoreCivic, Inc.","NYSE"
"CYAB","Cyabra, Inc.","NASDAQ"
"CYCN","Cyclerion Therapeutics, Inc.","NASDAQ"
"CYCU","Cycurion, Inc.","NASDAQ"
"CYCUW","Cycurion, Inc. - Warrants","NASDAQ"
"CYD","China Yuchai International Limited","NYSE"
"CYH","Community Health Systems, Inc.","NYSE"
"CYN","Cyngn Inc.","NASDAQ"
"CYPH","Cypherpunk Technologies Inc.","NASDAQ"
"CYRX","CryoPort, Inc.","NASDAQ"
"CYTK","Cytokinetics, Incorporated","NASDAQ"
"CZA","Invesco Zacks Mid-Cap ETF","NYSEARCA"
"CZAR","Themes Natural Monopoly ETF","NASDAQ"
"CZFS","Citizens Financial Services, Inc.","NASDAQ"
"CZNC","Citizens & Northern Corp","NASDAQ"
"CZR","Caesars Entertainment, Inc.","NASDAQ"
"CZWI","Citizens Community Bancorp, Inc.","NASDAQ"
"D","Dominion Energy, Inc.","NYSE"
"DAAQ","Digital Asset Acquisition Corp.","NASDAQ"
"DAAQU","Digital Asset Acquisition Corp. - Units","NASDAQ"
"DAAQW","Digital Asset Acquisition Corp. - Warrant","NASDAQ"
"DABS","DoubleLine Asset-Backed Securities ETF","NYSEARCA"
"DAC","Danaos Corporation","NYSE"
"DADS","Digital Asset Debt Strategy ETF","NASDAQ"
"DAIC","CID HoldCo, Inc.","NASDAQ"
"DAICW","CID HoldCo, Inc. - Warrants","NASDAQ"
"DAIO","Data I/O Corporation","NASDAQ"
"DAK","Dakota Active Equity ETF","NASDAQ"
"DAKT","Daktronics, Inc.","NASDAQ"
"DAL","Delta Air Lines, Inc.","NYSE"
"DALI","First Trust Dorsey Wright DALI Equity ETF","NASDAQ"
"DAMD","Defiance Daily Target 2X Short AMD ETF","NYSEARCA"
"DAN","Dana Incorporated","NYSE"
"DANA","Dana Limited Volatility ETF","NYSEARCA"
"DAO","Youdao, Inc. American Depositary Shares, each representing one Class A Ordinary Share","NYSE"
"DAPP","VanEck Digital Transformation ETF","NASDAQ"
"DAPR","FT Vest U.S. Equity Deep Buffer ETF - April","BATS"
"DAR","Darling Ingredients Inc.","NYSE"
"DARE","Dare Bioscience, Inc.","NASDAQ"
"DARP","Grizzle Growth ETF","NYSEARCA"
"DASH","DoorDash, Inc.","NASDAQ"
"DAT","ProShares Big Data Refiners ETF","NYSEARCA"
"DAUG","FT Vest U.S. Equity Deep Buffer ETF - August","BATS"
"DAVA","Endava plc American Depositary Shares (each representing one Class A Ordinary Share)","NYSE"
"DAVE","Dave Inc.","NASDAQ"
"DAVEW","Dave Inc.  - Warrants","NASDAQ"
"DAX","Global X DAX Germany ETF","NASDAQ"
"DB","Deutsche Bank AG","NYSE"
"DBA","Invesco DB Agriculture Fund","NYSEARCA"
"DBAW","Xtrackers MSCI All World ex US Hedged Equity ETF","NYSEARCA"
"DBB","Invesco DB Base Metals Fund","NYSEARCA"
"DBC","Invesco DB Commodity Index Tracking Fund","NYSEARCA"
"DBCA","D. Boral Acquisition I Corp.","NASDAQ"
"DBCAU","D. Boral Acquisition I Corp. - Unit","NASDAQ"
"DBCAW","D. Boral Acquisition I Corp. - Warrants","NASDAQ"
"DBD","Diebold Nixdorf Incorporated","NYSE"
"DBE","Invesco DB Energy Fund","NYSEARCA"
"DBEF","Xtrackers MSCI EAFE Hedged Equity ETF","NYSEARCA"
"DBEM","Xtrackers MSCI Emerging Markets Hedged Equity ETF","NYSEARCA"
"DBEU","Xtrackers MSCI Europe Hedged Equity ETF","NYSEARCA"
"DBEZ","Xtrackers MSCI Eurozone Hedged Equity ETF","NYSEARCA"
"DBGI","Digital Brands Group, Inc.","NASDAQ"
"DBI","Designer Brands Inc. Class A","NYSE"
"DBJP","Xtrackers MSCI Japan Hedged Equity ETF","NYSEARCA"
"DBL","DoubleLine Opportunistic Credit Fund Common Shares of Beneficial Interest","NYSE"
"DBMF","iMGP DBi Managed Futures Strategy ETF","NYSEARCA"
"DBND","DoubleLine Opportunistic Core Bond ETF","NYSEARCA"
"DBO","Invesco DB Oil Fund","NYSEARCA"
"DBP","Invesco DB Precious Metals Fund","NYSEARCA"
"DBRG","DigitalBridge Group, Inc.","NYSE"
"DBVT","DBV Technologies S.A.","NASDAQ"
"DBX","Dropbox, Inc.","NASDAQ"
"DC","Dakota Gold Corp.","AMEX"
"DCBG","Dime Commercial Bancshares, Inc. 9.000% Junior Subordinated Notes","NYSE"
"DCBO","Docebo Inc. - Common Shares","NASDAQ"
"DCGO","DocGo Inc.","NASDAQ"
"DCH","Dauch Corporation","NYSE"
"DCI","Donaldson Company, Inc.","NYSE"
"DCMT","DoubleLine Commodity Strategy ETF","NYSEARCA"
"DCO","Ducommun Incorporated","NYSE"
"DCOM","Dime Commercial Bancshares, Inc.","NYSE"
"DCOR","Dimensional US Core Equity 1 ETF","NYSEARCA"
"DCOY","Decoy Therapeutics Inc.","NASDAQ"
"DCRE","DoubleLine Commercial Real Estate Debt ETF","NYSEARCA"
"DCTH","Delcath Systems, Inc.","NASDAQ"
"DCX","Digital Currency X Technology Inc.","NASDAQ"
"DD","DuPont de Nemours, Inc.","NYSE"
"DDC","DDC Enterprise Limited Class A","AMEX"
"DDD","3D Systems Corporation","NYSE"
"DDDD","YieldMax U.S. Stocks Target Double Distribution ETF","NYSEARCA"
"DDEC","FT Vest U.S. Equity Deep Buffer ETF - December","BATS"
"DDFA","Innovator Equity Dual Directional 15 Buffer ETF - April","BATS"
"DDFD","Innovator Equity Dual Directional 15 Buffer ETF - December","BATS"
"DDFF","Innovator Equity Dual Directional 15 Buffer ETF - February","BATS"
"DDFJ","Innovator Equity Dual Directional 15 Buffer ETF - January","BATS"
"DDFL","Innovator Equity Dual Directional 15 Buffer ETF - July","BATS"
"DDFM","Innovator Equity Dual Directional 15 Buffer ETF - March","BATS"
"DDFN","Innovator Equity Dual Directional 15 Buffer ETF - November","BATS"
"DDFO","Innovator Equity Dual Directional 15 Buffer ETF - October","BATS"
"DDFS","Innovator Equity Dual Directional 15 Buffer ETF - September","BATS"
"DDFY","Innovator Equity Dual Directional 15 Buffer ETF - May","BATS"
"DDFZ","Innovator Equity Dual Directional 15 Buffer ETF - June","BATS"
"DDI","DoubleDown Interactive Co., Ltd. - American Depository Shares","NASDAQ"
"DDIV","First Trust Dorsey Wright Momentum & Dividend ETF","NASDAQ"
"DDL","Dingdong (Cayman) Limited American Depositary Shares (each two representing three Ordinary Shares)","NYSE"
"DDLS","WisdomTree Dynamic International SmallCap Equity Fund","BATS"
"DDM","ProShares Ultra Dow30","NYSEARCA"
"DDNQ","Innovator Growth-100 Dual Directional 5 Buffer ETF - Quarterly","BATS"
"DDOG","Datadog, Inc.","NASDAQ"
"DDS","Dillard's, Inc.","NYSE"
"DDSQ","Innovator Equity Dual Directional 5 Buffer ETF - Quarterly","BATS"
"DDT","Dillard's Capital Trust I","NYSE"
"DDTA","Innovator Equity Dual Directional 10 Buffer ETF - April","BATS"
"DDTD","Innovator Equity Dual Directional 10 Buffer ETF - December","BATS"
"DDTF","Innovator Equity Dual Directional 10 Buffer ETF - February","BATS"
"DDTJ","Innovator Equity Dual Directional 10 Buffer ETF - January","BATS"
"DDTL","Innovator Equity Dual Directional 10 Buffer ETF - July","BATS"
"DDTM","Innovator Equity Dual Directional 10 Buffer ETF - March","BATS"
"DDTN","Innovator Equity Dual Directional 10 Buffer ETF - November","BATS"
"DDTO","Innovator Equity Dual Directional 10 Buffer ETF - October","BATS"
"DDTS","Innovator Equity Dual Directional 10 Buffer ETF - September","BATS"
"DDTY","Innovator Equity Dual Directional 10 Buffer ETF - May","BATS"
"DDTZ","Innovator Equity Dual Directional 10 Buffer ETF - June","BATS"
"DDV","Defined Duration 5 ETF","BATS"
"DDWM","WisdomTree Dynamic International Equity Fund","BATS"
"DDX","Defined Duration 10 ETF","BATS"
"DDXX","Defined Duration 20 ETF","BATS"
"DE","Deere & Company","NYSE"
"DEA","Easterly Government Properties, Inc.","NYSE"
"DEC","Diversified Energy Company","NYSE"
"DECK","Deckers Outdoor Corporation","NYSE"
"DECM","FT Vest U.S. Equity Max Buffer ETF - December","BATS"
"DECO","State Street Galaxy Digital Asset Ecosystem ETF","NASDAQ"
"DECP","PGIM S&P 500 Buffer 12 ETF - December","BATS"
"DECT","AllianzIM U.S. Large Cap Buffer10 Dec ETF","BATS"
"DECU","AllianzIM U.S. Equity Buffer15 Uncapped Dec ETF","BATS"
"DECW","AllianzIM U.S. Large Cap Buffer20 Dec ETF","BATS"
"DECZ","TrueShares Structured Outcome (December) ETF","BATS"
"DEED","First Trust Securitized Plus ETF","NYSEARCA"
"DEEF","Xtrackers FTSE Developed ex US Multifactor ETF","NYSEARCA"
"DEEP","Acquirers Small and Micro Deep Value ETF","NYSEARCA"
"DEFI","Hashdex Bitcoin ETF","NYSEARCA"
"DEFR","Aptus Deferred Income ETF","BATS"
"DEFT","Defi Technologies, Inc.","NASDAQ"
"DEHP","Dimensional Emerging Markets High Profitability ETF","NYSEARCA"
"DEI","Douglas Emmett, Inc.","NYSE"
"DELL","Dell Technologies Inc. Class C","NYSE"
"DEM","WisdomTree Emerging Markets High Dividend Fund","NYSEARCA"
"DEMZ","Democratic Large Cap Core ETF","NASDAQ"
"DEO","Diageo plc","NYSE"
"DERM","Journey Medical Corporation","NASDAQ"
"DES","WisdomTree U.S. SmallCap Dividend Fund","NYSEARCA"
"DESK","VanEck Office and Commercial REIT ETF","NYSEARCA"
"DETX","Liberty Defense Holdings, Ltd. - Common Shares","NASDAQ"
"DEUS","Xtrackers Russell US Multifactor ETF","NYSEARCA"
"DEVS","DevvStream Corp.","NASDAQ"
"DEW","WisdomTree Global High Dividend Fund","NYSEARCA"
"DEXC","Dimensional Emerging Markets ex China Core Equity ETF","NYSEARCA"
"DFAC","Dimensional U.S. Core Equity 2 ETF","NYSEARCA"
"DFAE","Dimensional Emerging Core Equity Market ETF","NYSEARCA"
"DFAI","Dimensional International Core Equity Market ETF","NYSEARCA"
"DFAL","Dimensional US Large Cap Core Equity Market ETF","BATS"
"DFAR","Dimensional US Real Estate ETF","NYSEARCA"
"DFAS","Dimensional U.S. Small Cap ETF","NYSEARCA"
"DFAT","Dimensional U.S. Targeted Value ETF","NYSEARCA"
"DFAU","Dimensional US Core Equity Market ETF","NYSEARCA"
"DFAW","Dimensional World Equity ETF","NYSEARCA"
"DFAX","Dimensional World ex U.S. Core Equity 2 ETF","NYSEARCA"
"DFCA","Dimensional California Municipal Bond ETF","NYSEARCA"
"DFCF","Dimensional Core Fixed Income ETF","NYSEARCA"
"DFDV","DeFi Development Corp.","NASDAQ"
"DFDVW","DeFi Development Corp. - Warrant","NASDAQ"
"DFE","WisdomTree Europe SmallCap Dividend Fund","NYSEARCA"
"DFEB","FT Vest U.S. Equity Deep Buffer ETF - February","BATS"
"DFEM","Dimensional Emerging Markets Core Equity 2 ETF","NYSEARCA"
"DFEN","Direxion Daily Aerospace & Defense Bull 3X ETF","NYSEARCA"
"DFEV","Dimensional Emerging Markets Value ETF","NYSEARCA"
"DFGP","Dimensional Global Core Plus Fixed Income ETF","NASDAQ"
"DFGR","Dimensional Global Real Estate ETF","NYSEARCA"
"DFGX","Dimensional International Core Fixed Income ETF","NASDAQ"
"DFH","Dream Finders Homes, Inc. Class A","NYSE"
"DFIC","Dimensional International Core Equity 2 ETF","BATS"
"DFII","FT Vest Bitcoin Strategy & Target Income ETF","NYSEARCA"
"DFIN","Donnelley Financial Solutions, Inc.","NYSE"
"DFIP","Dimensional Inflation-Protected Securities ETF","NYSEARCA"
"DFIS","Dimensional International Small Cap ETF","BATS"
"DFIV","Dimensional International Value ETF","NYSEARCA"
"DFJ","WisdomTree Japan SmallCap Fund","NYSEARCA"
"DFLI","Dragonfly Energy Holdings Corp","NASDAQ"
"DFLIW","Dragonfly Energy Holdings Corp - Warrant","NASDAQ"
"DFLV","Dimensional US Large Cap Value ETF","NYSEARCA"
"DFMC","U.S. Micro Cap Portfolio: ETF Class Shares","NYSEARCA"
"DFNL","Davis Select Financial ETF","BATS"
"DFNM","Dimensional National Municipal Bond ETF","NYSEARCA"
"DFNS","T3 Defense Inc.","NASDAQ"
"DFNSW","T3 Defense Inc. - Warrants","NASDAQ"
"DFP","Flaherty & Crumrine Dynamic Preferred and Income Fund Inc.","NYSE"
"DFSB","Dimensional Global Sustainability Fixed Income ETF","NYSEARCA"
"DFSC","DEFSEC Technologies Inc. - common stock, no R/S concurrent with offering","NASDAQ"
"DFSCW","DEFSEC Technologies Inc. - warrant","NASDAQ"
"DFSD","Dimensional Short-Duration Fixed Income ETF","NYSEARCA"
"DFSE","Dimensional Emerging Markets Sustainability Core 1 ETF","NYSEARCA"
"DFSI","Dimensional International Sustainability Core 1 ETF","NYSEARCA"
"DFSU","Dimensional US Sustainability Core 1 ETF","NYSEARCA"
"DFSV","Dimensional US Small Cap Value ETF","NYSEARCA"
"DFTT","DF Tactical 30 ETF","NYSEARCA"
"DFTX","Definium Therapeutics, Inc.  - Common Shares","NASDAQ"
"DFUS","Dimensional U.S. Equity Market ETF","NYSEARCA"
"DFUV","Dimensional US Marketwide Value ETF","NYSEARCA"
"DFVE","DoubleLine Fortune 500 Equal Weight ETF","NYSEARCA"
"DFVX","Dimensional US Large Cap Vector ETF","NYSEARCA"
"DG","Dollar General Corporation","NYSE"
"DGAC.U","Disciplined Growth Acquisition Corporation Units, each consisting of one Class A Ordinary Share and one Right","NYSE"
"DGAP","FT Vest U.S. Equity Buffer & Digital Return ETF - April","BATS"
"DGCB","Dimensional Global Credit ETF","NASDAQ"
"DGICA","Donegal Group, Inc.","NASDAQ"
"DGICB","Donegal Group, Inc.","NASDAQ"
"DGII","Digi International Inc.","NASDAQ"
"DGIN","VanEck Digital India ETF","NYSEARCA"
"DGJA","FT Vest U.S. Equity Buffer & Digital Return ETF - January","BATS"
"DGLO","First Trust RBA Deglobalization ETF","NASDAQ"
"DGNX","Diginex Limited","NASDAQ"
"DGOC","FT Vest U.S. Equity Buffer & Digital Return ETF - October","BATS"
"DGP","DB Gold Double Long ETN due February 15, 2038","NYSEARCA"
"DGRE","WisdomTree Emerging Markets Quality Dividend Growth Fund","NASDAQ"
"DGRO","iShares Core Dividend Growth ETF","NYSEARCA"
"DGRS","WisdomTree U.S. SmallCap Quality Dividend Growth Fund","NASDAQ"
"DGRW","WisdomTree U.S. Quality Dividend Growth Fund","NASDAQ"
"DGS","WisdomTree Emerging Market SmallCap Fund","NYSEARCA"
"DGT","State Street SPDR Global Dow ETF","NYSEARCA"
"DGX","Quest Diagnostics Incorporated","NYSE"
"DGXX","Digi Power X Inc. - Common Subordinate Voting Shares","NASDAQ"
"DGZ","DB Gold Short ETN due February 15, 2038","NYSEARCA"
"DH","Definitive Healthcare Corp.","NASDAQ"
"DHC","Diversified Healthcare Trust  - Common Shares of Beneficial Interest","NASDAQ"
"DHCNI","Diversified Healthcare Trust  - 5.625% Senior Notes due 2042","NASDAQ"
"DHCNL","Diversified Healthcare Trust  - 6.25% Senior Notes Due 2046","NASDAQ"
"DHDG","FT Vest U.S. Equity Quarterly 2.5 to 15 Buffer ETF","BATS"
"DHF","BNY Mellon High Yield Strategies Fund","NYSE"
"DHI","D.R. Horton, Inc.","NYSE"
"DHLX","Diamond Hill Large Cap Concentrated ETF","NYSEARCA"
"DHR","Danaher Corporation","NYSE"
"DHS","WisdomTree U.S. High Dividend Fund","NYSEARCA"
"DHSB","Day Hagan Smart Buffer ETF","NYSEARCA"
"DHT","DHT Holdings, Inc.","NYSE"
"DHX","DHI Group, Inc.","NYSE"
"DHY","Credit Suisse High Yield Credit Fund","AMEX"
"DIA","State Street SPDR Dow Jones Industrial Average ETF Trust","NYSEARCA"
"DIAL","Columbia Diversified Fixed Income Allocation ETF","NYSEARCA"
"DIBS","1stdibs.com, Inc.","NASDAQ"
"DIEM","Franklin Emerging Market Core Dividend Tilt Index ETF","NYSEARCA"
"DIG","ProShares Ultra Energy","NYSEARCA"
"DIHP","Dimensional International High Profitability ETF","BATS"
"DIM","WisdomTree International MidCap Dividend Fund","NYSEARCA"
"DIME","CoinShares Altcoins ETF","NASDAQ"
"DIN","Dine Brands Global, Inc.","NYSE"
"DINE","Simplify Tax Aware Diversified Income Strategy ETF","NASDAQ"
"DINO","HF Sinclair Corporation","NYSE"
"DINT","Davis Select International ETF","BATS"
"DIOD","Diodes Incorporated","NASDAQ"
"DIPR","Corgi Space & Satellite Communications ETF","BATS"
"DIPS","YieldMax Short NVDA Option Income Strategy ETF","NYSEARCA"
"DIS","Walt Disney Company (The)","NYSE"
"DISV","Dimensional International Small Cap Value ETF","BATS"
"DIT","AMCON Distributing Company","AMEX"
"DIV","Global X Super Dividend ETF","NYSEARCA"
"DIVB","iShares Core Dividend ETF","BATS"
"DIVD","Altrius Global Dividend ETF","NASDAQ"
"DIVE","Dana Concentrated Dividend ETF","NYSEARCA"
"DIVG","Invesco S&P 500 High Dividend Growers ETF","NYSEARCA"
"DIVI","Franklin International Core Dividend Tilt Index ETF","NYSEARCA"
"DIVL","Madison Dividend Value ETF","NYSEARCA"
"DIVN","Horizon Dividend Income ETF","BATS"
"DIVO","Amplify CWP Enhanced Dividend Income ETF","NYSEARCA"
"DIVP","Cullen Enhanced Equity Income ETF","NYSEARCA"
"DIVS","Guinness Atkinson Dividend Builder ETF","NYSEARCA"
"DIVY","Sound Equity Dividend Income ETF","NYSE"
"DIVZ","Polen Dividend Income ETF","NYSEARCA"
"DJAN","FT Vest U.S. Equity Deep Buffer ETF - January","BATS"
"DJCO","Daily Journal Corp. (S.C.)","NASDAQ"
"DJD","Invesco Dow Jones Industrial Average Dividend ETF","NYSEARCA"
"DJIA","Global X Dow 30 Covered Call ETF","NYSEARCA"
"DJP","iPath Bloomberg Commodity Index Total Return ETN","NYSEARCA"
"DJT","Trump Media & Technology Group Corp.","NASDAQ"
"DJTU","T-REX 2X Long DJT Daily Target ETF","BATS"
"DJTWW","Trump Media & Technology Group Corp. - Warrants","NASDAQ"
"DJUL","FT Vest U.S. Equity Deep Buffer ETF - July","BATS"
"DJUN","FT Vest U.S. Equity Deep Buffer ETF - June","BATS"
"DK","Delek US Holdings, Inc.","NYSE"
"DKI","DarkIris Inc.","NASDAQ"
"DKL","Delek Logistics Partners, L.P. Common Units representing Limited Partner Interests","NYSE"
"DKNG","DraftKings Inc.","NASDAQ"
"DKNX","Defiance Daily Target 2X Long DKNG ETF","NASDAQ"
"DKS","Dick's Sporting Goods Inc","NYSE"
"DLAG","FT Vest U.S. Equity Dual Directional Buffer ETF - August","BATS"
"DLB","Dolby Laboratories","NYSE"
"DLFE","FT Vest U.S. Equity Dual Directional Buffer ETF - February","BATS"
"DLHC","DLH Holdings Corp.","NASDAQ"
"DLLL","GraniteShares 2x Long DELL Daily ETF","NASDAQ"
"DLMY","FT Vest U.S. Equity Dual Directional Buffer ETF - May","BATS"
"DLN","WisdomTree U.S. LargeCap Dividend Fund","NYSEARCA"
"DLNG","Dynagas LNG Partners LP Common Units","NYSE"
"DLNV","FT Vest U.S. Equity Dual Directional Buffer ETF - November","BATS"
"DLO","DLocal Limited","NASDAQ"
"DLPN","Dolphin Entertainment, Inc.","NASDAQ"
"DLR","Digital Realty Trust, Inc.","NYSE"
"DLS","WisdomTree International SmallCap Fund","NYSEARCA"
"DLTH","Duluth Holdings Inc.","NASDAQ"
"DLTR","Dollar Tree, Inc.","NASDAQ"
"DLUX","DoubleLine Ultrashort Income ETF","NYSEARCA"
"DLX","Deluxe Corporation","NYSE"
"DLXY","Delixy Holdings Limited","NASDAQ"
"DLY","DoubleLine Yield Opportunities Fund Common Shares of Beneficial Interest","NYSE"
"DMA","Destra Multi-Alternative Fund","NYSE"
"DMAA","Drugs Made In America Acquisition Corp.","NASDAQ"
"DMAAR","Drugs Made In America Acquisition Corp. - Rights","NASDAQ"
"DMAAU","Drugs Made In America Acquisition Corp. - Units","NASDAQ"
"DMAC","DiaMedica Therapeutics Inc.","NASDAQ"
"DMAR","FT Vest U.S. Equity Deep Buffer ETF - March","BATS"
"DMAX","iShares Large Cap Max Buffer Dec ETF","BATS"
"DMAY","FT Vest U.S. Equity Deep Buffer ETF - May","BATS"
"DMB","BNY Mellon Municipal Bond Infrastructure Fund, Inc.","NYSE"
"DMBS","DoubleLine Mortgage ETF","NYSEARCA"
"DMII","Drugs Made In America Acquisition II Corp.","NASDAQ"
"DMIIR","Drugs Made In America Acquisition II Corp. - Right","NASDAQ"
"DMIIU","Drugs Made In America Acquisition II Corp. - Unit","NASDAQ"
"DMLP","Dorchester Minerals, L.P. - Common Units Representing Limited Partnership Interests","NASDAQ"
"DMO","Western Asset Mortgage Opportunity Fund Inc.","NYSE"
"DMRA","Damora Therapeutics, Inc.","NASDAQ"
"DMRC","Digimarc Corporation","NASDAQ"
"DMX","DoubleLine Multi-Sector Income ETF","NYSEARCA"
"DMXF","iShares ESG Advanced MSCI EAFE ETF","NASDAQ"
"DNA","Ginkgo Bioworks Holdings, Inc. Class A","NYSE"
"DNL","WisdomTree Global ex-U.S. Quality Growth Fund","NYSEARCA"
"DNLI","Denali Therapeutics Inc.","NASDAQ"
"DNMX","Dynamix Corporation III","NASDAQ"
"DNMXU","Dynamix Corporation III - Unit","NASDAQ"
"DNMXW","Dynamix Corporation III - Warrants","NASDAQ"
"DNN","Denison Mines Corp Ordinary Shares (Canada)","AMEX"
"DNNG","Leverage Shares 2x Long DNN Daily ETF","NASDAQ"
"DNOV","FT Vest U.S. Equity Deep Buffer ETF - November","BATS"
"DNOW","DNOW Inc.","NYSE"
"DNP","DNP Select Income Fund, Inc.","NYSE"
"DNTH","Dianthus Therapeutics, Inc.","NASDAQ"
"DNUT","Krispy Kreme, Inc.","NASDAQ"
"DOC","Healthpeak Properties, Inc.","NYSE"
"DOCK","Corgi Ports, Rail & Freight ETF","BATS"
"DOCN","DigitalOcean Holdings, Inc.","NYSE"
"DOCS","Doximity, Inc. Class A","NYSE"
"DOCT","FT Vest U.S. Equity Deep Buffer ETF - October","BATS"
"DOCU","DocuSign, Inc.","NASDAQ"
"DOG","ProShares Short Dow30","NYSEARCA"
"DOGG","FT Vest DJIA Dogs 10 Target Income ETF","BATS"
"DOGZ","Dogness (International) Corporation","NASDAQ"
"DOJE","REX-Osprey DOGE ETF","BATS"
"DOL","WisdomTree True Developed International Fund","NYSEARCA"
"DOLE","Dole plc","NYSE"
"DOMH","Dominari Holdings Inc.","NASDAQ"
"DOMO","Domo, Inc.","NASDAQ"
"DON","WisdomTree U.S. MidCap Dividend Fund","NYSEARCA"
"DOO","BRP Inc. - Common Subordinate Voting Shares","NASDAQ"
"DORM","Dorman Products, Inc.","NASDAQ"
"DOUG","Douglas Elliman Inc.","NYSE"
"DOV","Dover Corporation","NYSE"
"DOW","Dow Inc.","NYSE"
"DOX","Amdocs Limited","NASDAQ"
"DOYU","DouYu International Holdings Limited","NASDAQ"
"DPG","Duff & Phelps Utility and Infrastructure Fund Inc.","NYSE"
"DPRE","Virtus Duff & Phelps Real Estate Income ETF","NYSEARCA"
"DPRO","Draganfly Inc. - Common Shares","NASDAQ"
"DPST","Direxion Daily Regional Banks Bull 3X ETF","NYSEARCA"
"DPZ","Domino's Pizza Inc","NASDAQ"
"DQ","DAQO New Energy Corp. American Depositary Shares, each representing five","NYSE"
"DQJN","FT Vest Nasdaq-100 Dual Directional Buffer ETF - June","BATS"
"DRAI","Draco Evolution AI ETF","NYSEARCA"
"DRAM","Roundhill Memory ETF","BATS"
"DRAY","YieldMax DKNG Option Income Strategy ETF","NYSEARCA"
"DRCT","Direct Digital Holdings, Inc.","NASDAQ"
"DRD","DRDGOLD Limited American Depositary Shares","NYSE"
"DRDB","Roman DBDR Acquisition Corp. II","NASDAQ"
"DRDBU","Roman DBDR Acquisition Corp. II - Unit","NASDAQ"
"DRDBW","Roman DBDR Acquisition Corp. II - Warrants","NASDAQ"
"DRES","GMO Domestic Resilience ETF","NYSEARCA"
"DRGN","Themes China Generative Artificial Intelligence ETF","BATS"
"DRH","Diamondrock Hospitality Company","NASDAQ"
"DRI","Darden Restaurants, Inc.","NYSE"
"DRIO","DarioHealth Corp.","NASDAQ"
"DRIP","Direxion Daily S&P Oil & Gas Exp. & Prod. Bear 2X ETF","NYSEARCA"
"DRIV","Global X Autonomous & Electric Vehicles ETF","NASDAQ"
"DRKY","VistaShares Target 15 DRUKMacro Distribution ETF","NYSEARCA"
"DRLL","Strive U.S. Energy ETF","NYSE"
"DRMA","Dermata Therapeutics, Inc.","NASDAQ"
"DRMAW","Dermata Therapeutics, Inc. - Warrant","NASDAQ"
"DRMP","Tuttle Capital Memory Stack Income Blast ETF","BATS"
"DRN","Direxion Daily Real Estate Bull 3X ETF","NYSEARCA"
"DRNL","Defiance 2X Daily Long Pure Drone and Aerial Automation ETF","BATS"
"DRNZ","REX Drone ETF","NASDAQ"
"DRS","Leonardo DRS, Inc.","NASDAQ"
"DRSK","Aptus Defined Risk ETF","BATS"
"DRTS","Alpha Tau Medical Ltd.","NASDAQ"
"DRTSW","Alpha Tau Medical Ltd. - Warrant","NASDAQ"
"DRUG","Bright Minds Biosciences Inc.","NASDAQ"
"DRUP","GraniteShares Nasdaq Select Disruptors ETF","NYSEARCA"
"DRV","Direxion Daily Real Estate Bear 3X ETF","NYSEARCA"
"DRVN","Driven Brands Holdings Inc.","NASDAQ"
"DSAC","Daedalus Special Acquisition Corp.","NASDAQ"
"DSACU","Daedalus Special Acquisition Corp. - Unit","NASDAQ"
"DSACW","Daedalus Special Acquisition Corp. - Warrant","NASDAQ"
"DSCO","DoubleLine Securitized Credit ETF","NYSEARCA"
"DSEP","FT Vest U.S. Equity Deep Buffer ETF - September","BATS"
"DSGN","Design Therapeutics, Inc.","NASDAQ"
"DSGR","Distribution Solutions Group, Inc.","NASDAQ"
"DSGX","The Descartes Systems Group Inc.","NASDAQ"
"DSI","iShares ESG MSCI KLD 400 ETF","NYSEARCA"
"DSL","DoubleLine Income Solutions Fund Common Shares of Beneficial Interests","NYSE"
"DSM","BNY Mellon Strategic Municipal Bond Fund, Inc.","NYSE"
"DSMC","Distillate Small/Mid Cash Flow ETF","NYSE"
"DSP","Viant Technology Inc.","NASDAQ"
"DSPY","Tema S&P 500 Historical Weight ETF Strategy","NYSEARCA"
"DSS","DSS, Inc.","AMEX"
"DSTL","Distillate U.S. Fundamental Stability & Value ETF","NYSEARCA"
"DSTX","Distillate International Fundamental Stability & Value ETF","NYSE"
"DSU","Blackrock Debt Strategies Fund, Inc.","NYSE"
"DSWL","Deswell Industries, Inc. - Common Shares","NASDAQ"
"DSX","Diana Shipping inc.","NYSE"
"DSX.W","Diana Shipping inc. Warrants","NYSE"
"DSY","Big Tree Cloud Holdings Limited","NASDAQ"
"DSYWW","Big Tree Cloud Holdings Limited - Warrants","NASDAQ"
"DT","Dynatrace, Inc.","NYSE"
"DTAN","Sparkline International Intangible Value ETF","NYSEARCA"
"DTB","DTE Energy Company 2020 Series G 4.375% Junior Subordinated Debentures due 2080","NYSE"
"DTCR","Global X Data Center & Digital Infrastructure ETF","NASDAQ"
"DTCX","Datacentrex, Inc.","NASDAQ"
"DTD","WisdomTree U.S. Total Dividend Fund","NYSEARCA"
"DTE","DTE Energy Company","NYSE"
"DTEC","ALPS Disruptive Technologies ETF","NYSEARCA"
"DTF","DTF Tax-Free Income 2028 Term Fund Inc.","NYSE"
"DTG","DTE Energy Company 2021 Series E 4.375% Junior Subordinated Debentures","NYSE"
"DTH","WisdomTree International High Dividend Fund","NYSEARCA"
"DTI","Drilling Tools International Corporation","NASDAQ"
"DTIL","Precision BioSciences, Inc.","NASDAQ"
"DTK","DTE Energy Company 2025 Series H 6.25% Junior Subordinated Debentures due 2085","NYSE"
"DTM","DT Midstream, Inc.","NYSE"
"DTRE","First Trust Alerian Disruptive Technology Real Estate ETF","NYSEARCA"
"DTSQ","DT Cloud Star Acquisition Corporation","NASDAQ"
"DTSQR","DT Cloud Star Acquisition Corporation - Right","NASDAQ"
"DTSQU","DT Cloud Star Acquisition Corporation - Units","NASDAQ"
"DTSS","Datasea Intelligent Technology Ltd.","NASDAQ"
"DTST","Data Storage Corporation","NASDAQ"
"DTW","DTE Energy Company 2017 Series E 5.25% Junior Subordinated Debentures due 2077","NYSE"
"DUBS","Aptus Large Cap Enhanced Yield ETF","BATS"
"DUG","ProShares UltraShort Energy","NYSEARCA"
"DUHP","Dimensional US High Profitability ETF","NYSEARCA"
"DUK","Duke Energy Corporation (Holding Company)","NYSE"
"DUKB","Duke Energy Corporation 5.625% Junior Subordinated Debentures due 2078","NYSE"
"DUKH","Ocean Park High Income ETF","NASDAQ"
"DUKQ","Ocean Park Domestic ETF","NYSEARCA"
"DUKR","DUKE Robotics Corp.","NASDAQ"
"DUKRW","DUKE Robotics Corp. - Warrant","NASDAQ"
"DUKX","Ocean Park International ETF","NASDAQ"
"DUKZ","Ocean Park Diversified Income ETF","NYSEARCA"
"DULL","MicroSectors Gold -3X Inverse Leveraged ETNs due January 29, 2043","NYSEARCA"
"DUNK","Dana Unconstrained Equity ETF","NYSEARCA"
"DUO","Fangdd Network Group Ltd.","NASDAQ"
"DUOG","Leverage Shares 2X Long DUOL Daily ETF","NASDAQ"
"DUOL","Duolingo, Inc.","NASDAQ"
"DUOT","Duos Technologies Group, Inc.","NASDAQ"
"DURA","VanEck Durable High Dividend ETF","BATS"
"DUSA","Davis Select U.S. Equity ETF","BATS"
"DUSB","Dimensional Ultrashort Fixed Income ETF","NYSEARCA"
"DUSG","U.S. Small Cap Growth Portfolio: ETF Class Shares","NASDAQ"
"DUSL","Direxion Daily Industrials Bull 3X ETF","NYSEARCA"
"DUST","Direxion Daily Gold Miners Index Bear 2X ETF","NYSEARCA"
"DUTY","U.S. Defense ETF","NYSEARCA"
"DV","DoubleVerify Holdings, Inc.","NYSE"
"DVA","DaVita Inc.","NYSE"
"DVAL","BrandywineGLOBAL-Dynamic US Large Cap Value ETF","NASDAQ"
"DVDN","Kingsbarn Dividend Opportunity ETF","NYSEARCA"
"DVGR","DAC 3D Dividend Growth ETF","NASDAQ"
"DVIN","WEBs Industrials XLI Defined Volatility ETF","NASDAQ"
"DVLT","Datavault AI Inc.","NASDAQ"
"DVLU","First Trust Dorsey Wright Momentum & Value ETF","NASDAQ"
"DVN","Devon Energy Corporation","NYSE"
"DVND","Touchstone Dividend Select ETF","NYSEARCA"
"DVOL","First Trust Dorsey Wright Momentum & Low Volatility ETF","NASDAQ"
"DVQQ","WEBs QQQ Defined Volatility ETF","NASDAQ"
"DVRE","WEBs Real Estate XLRE Defined Volatility ETF","NASDAQ"
"DVSP","WEBs SPY Defined Volatility ETF","NASDAQ"
"DVUT","WEBs Utilities XLU Defined Volatility ETF","NASDAQ"
"DVVY","Invesco Diversified Dividend Opportunities ETF","BATS"
"DVXB","WEBs Materials XLB Defined Volatility ETF","NASDAQ"
"DVXC","WEBs Communication Services XLC Defined Volatility ETF","NASDAQ"
"DVXE","WEBs Energy XLE Defined Volatility ETF","NASDAQ"
"DVXF","WEBs Financial XLF Defined Volatility ETF","NASDAQ"
"DVXK","WEBs Technology XLK Defined Volatility ETF","NASDAQ"
"DVXP","WEBs Consumer Staples XLP Defined Volatility ETF","NASDAQ"
"DVXV","WEBs Health Care XLV Defined Volatility ETF","NASDAQ"
"DVXY","WEBs Consumer Discretionary XLY Defined Volatility ETF","NASDAQ"
"DVY","iShares Select Dividend ETF","NASDAQ"
"DVYA","iShares Asia / Pacific Dividend 30 Index Fund Exchange Traded Fund","NYSEARCA"
"DVYE","iShares Emerging Markets Dividend Index Fund Exchange Traded Fund","NYSEARCA"
"DWAS","Invesco Dorsey Wright SmallCap Momentum ETF","NASDAQ"
"DWAW","AdvisorShares Dorsey Wright FSM All Cap World ETF","NASDAQ"
"DWLD","Davis Select Worldwide ETF","BATS"
"DWM","WisdomTree International Equity Fund","NYSEARCA"
"DWMF","WisdomTree International Multifactor Fund","NYSEARCA"
"DWSH","AdvisorShares Dorsey Wright Short ETF","NASDAQ"
"DWSN","Dawson Geophysical Company","NASDAQ"
"DWTX","Dogwood Therapeutics, Inc.","NASDAQ"
"DWUS","AdvisorShares Dorsey Wright FSM US Core ETF","NASDAQ"
"DWWN","Principal Long Duration ETF","BATS"
"DWX","State Street SPDR S&P International Dividend ETF","NYSEARCA"
"DX","Dynex Capital, Inc.","NYSE"
"DXC","DXC Technology Company","NYSE"
"DXCM","DexCom, Inc.","NASDAQ"
"DXD","ProShares UltraShort Dow30","NYSEARCA"
"DXF","Eason Technology Limited American Depositary Shares (each representing sixty-thousand (60,000) Ordinary Shares)","AMEX"
"DXIV","Dimensional International Vector Equity ETF","NYSEARCA"
"DXJ","WisdomTree Japan Hedged Equity Fund","NYSEARCA"
"DXLG","Destination XL Group, Inc.","NASDAQ"
"DXPE","DXP Enterprises, Inc.","NASDAQ"
"DXR","Daxor Corporation - Closed End Fund","NASDAQ"
"DXST","Decent Holding Inc.","NASDAQ"
"DXUV","Dimensional US Vector Equity ETF","NYSEARCA"
"DXYZ","Destiny Tech100 Inc.","NYSE"
"DY","Dycom Industries, Inc.","NYSE"
"DYAI","Dyadic International, Inc.","NASDAQ"
"DYFI","IDX Dynamic Fixed Income ETF","NASDAQ"
"DYLD","LeaderShares Dynamic Yield ETF","NYSEARCA"
"DYLG","Global X Dow 30 Covered Call & Growth ETF","NYSEARCA"
"DYN","Dyne Therapeutics, Inc.","NASDAQ"
"DYNB","Hartford Dynamic Bond ETF","NASDAQ"
"DYNC","Dynamix Corporation","NASDAQ"
"DYNCU","Dynamix Corporation - Unit","NASDAQ"
"DYNCW","Dynamix Corporation - Warrant","NASDAQ"
"DYNF","iShares U.S. Equity Factor Rotation Active ETF","NYSEARCA"
"DYOR","Insight Digital Partners II","NASDAQ"
"DYORU","Insight Digital Partners II - Units","NASDAQ"
"DYORW","Insight Digital Partners II - Warrants","NASDAQ"
"DYTA","SGI Dynamic Tactical ETF","NASDAQ"
"DZZ","DB Gold Double Short ETN due February 15, 2038","NYSEARCA"
"E","ENI S.p.A.","NYSE"
"EA","Electronic Arts Inc.","NASDAQ"
"EAD","Allspring Income Opportunities Fund Common Shares","AMEX"
"EAF","GrafTech International Ltd.","NYSE"
"EAFG","Pacer Developed Markets Cash Cows Growth Leaders ETF","NYSEARCA"
"EAGG","iShares ESG Aware U.S. Aggregate Bond ETF","NYSEARCA"
"EAGL","Eagle Capital Select Equity ETF","NYSEARCA"
"EAI","Entergy Arkansas, LLC First Mortgage Bonds, 4.875% Series Due September 1, 2066","NYSE"
"EALT","Innovator U.S. Equity 5 to 15 Buffer ETF - Quarterly","BATS"
"EAOA","iShares ESG Aware 80/20 Aggressive Allocation ETF","BATS"
"EAOK","iShares ESG Aware 30/70 Conservative Allocation ETF","BATS"
"EAOM","iShares ESG Aware 40/60 Moderate Allocation ETF","BATS"
"EAOR","iShares ESG Aware 60/40 Balanced Allocation ETF","BATS"
"EAPR","Innovator Emerging Markets Power Buffer ETF April","NYSEARCA"
"EARN","Ellington Credit Company Common Shares of Beneficial Interest","NYSE"
"EART","Global X Rare Earth & Critical Materials ETF","NASDAQ"
"EASG","Xtrackers MSCI EAFE Selection Equity ETF","NYSEARCA"
"EASY","Liberty One Defensive Dividend Growth ETF","NASDAQ"
"EAT","Brinker International, Inc.","NYSE"
"EBAY","eBay Inc.","NASDAQ"
"EBC","Eastern Bankshares, Inc.","NASDAQ"
"EBF","Ennis, Inc.","NYSE"
"EBI","Longview Advantage ETF","NASDAQ"
"EBIT","Harbor AlphaEdge Small Cap Earners ETF","NYSEARCA"
"EBIZ","Global X E-commerce ETF","NASDAQ"
"EBMT","Eagle Bancorp Montana, Inc.","NASDAQ"
"EBND","State Street SPDR Bloomberg Emerging Markets Local Bond ETF","NYSEARCA"
"EBON","Ebang International Holdings Inc.","NASDAQ"
"EBS","Emergent BioSolutions Inc.","NYSE"
"EBUF","Innovator Emerging Markets 10 Buffer ETF - Quarterly","NYSEARCA"
"EC","Ecopetrol S.A. American Depositary Shares","NYSE"
"ECAT","BlackRock ESG Capital Allocation Term Trust Common Shares of Beneficial Interest","NYSE"
"ECBK","ECB Bancorp, Inc.","NASDAQ"
"ECC","Eagle Point Credit Company Common Share of Beneficial Interest","NYSE"
"ECCC","Eagle Point Credit Company 6.50% Series C Term Preferred Stock due 2031","NYSE"
"ECCU","Eagle Point Credit Company 7.75% Notes due 2030","NYSE"
"ECCV","Eagle Point Credit Company 5.375% Notes due 2029","NYSE"
"ECF","Ellsworth Growth and Income Fund Ltd.","AMEX"
"ECG","Everus Construction Group, Inc.","NYSE"
"ECH","iShares MSCI Chile ETF","BATS"
"ECL","Ecolab Inc.","NYSE"
"ECML","Euclidean Fundamental Value ETF","NYSEARCA"
"ECNS","iShares MSCI China Small-Cap ETF","NYSEARCA"
"ECO","Okeanis Eco Tankers Corp.","NYSE"
"ECON","Columbia Research Enhanced Emerging Economies ETF","NYSEARCA"
"ECOR","electroCore, Inc.","NASDAQ"
"ECOW","Pacer Emerging Markets Cash Cows 100 ETF","NASDAQ"
"ECPG","Encore Capital Group Inc","NASDAQ"
"ECVT","Ecovyst Inc.","NYSE"
"ECX","ECARX Holdings Inc.","NASDAQ"
"ECXWW","ECARX Holdings Inc. - Warrants","NASDAQ"
"ED","Consolidated Edison, Inc.","NYSE"
"EDBL","Edible Garden AG Incorporated","NASDAQ"
"EDBLW","Edible Garden AG Incorporated - Warrant","NASDAQ"
"EDC","Direxion Emerging Markets Bull 3X ETF","NYSEARCA"
"EDD","Morgan Stanley Emerging Markets Domestic Debt Fund, Inc.","NYSE"
"EDEN","iShares MSCI Denmark ETF","BATS"
"EDF","Virtus Stone Harbor Emerging Markets Income Fund Common Shares of Beneficial Interest","NYSE"
"EDGE","MRBL Enhanced Equity ETF","BATS"
"EDGF","3EDGE Dynamic Fixed Income ETF","NYSEARCA"
"EDGH","3EDGE Dynamic Hard Assets ETF","NYSEARCA"
"EDGI","3EDGE Dynamic International Equity ETF","NYSEARCA"
"EDGQ","Global X Nasdaq-100 Income Edge ETF","NYSEARCA"
"EDGU","3EDGE Dynamic US Equity ETF","NYSEARCA"
"EDGX","Global X U.S. 500 Income Edge ETF","NYSEARCA"
"EDHL","Everbright Digital Holding Limited","NASDAQ"
"EDIT","Editas Medicine, Inc.","NASDAQ"
"EDIV","State Street SPDR S&P Emerging Markets Dividend ETF","NYSEARCA"
"EDN","Empresa Distribuidora Y Comercializadora Norte S.A. (Edenor) American Depositary Shares","NYSE"
"EDOG","ALPS Emerging Sector Dividend Dogs ETF","NYSEARCA"
"EDOW","First Trust Dow 30 Equal Weight ETF","NYSEARCA"
"EDRY","EuroDry Ltd. - Common Shares","NASDAQ"
"EDSA","Edesa Biotech, Inc. - Common Shares","NASDAQ"
"EDTK","Skillful Craftsman Education Technology Limited - Ordinary Share","NASDAQ"
"EDU","New Oriental Education & Technology Group, Inc. Sponsored ADR representing 10 Ordinary Share (Cayman Islands)","NYSE"
"EDUC","Educational Development Corporation","NASDAQ"
"EDV","Vanguard Extended Duration Treasury ETF","NYSEARCA"
"EDZ","Direxion Emerging Markets Bear 3X ETF","NYSEARCA"
"EE","Excelerate Energy, Inc. Class A","NYSE"
"EEA","The European Equity Fund, Inc.","NYSE"
"EEE","CYBER HORNET S&P 500 and Ethereum 75/25 Strategy ETF","NASDAQ"
"EEFT","Euronet Worldwide, Inc.","NASDAQ"
"EEIQ","EpicQuest Education Group International Limited","NASDAQ"
"EELV","Invesco S&P Emerging Markets Low Volatility ETF","NYSEARCA"
"EEM","iShares MSCI Emerging Index Fund","NYSEARCA"
"EEMA","iShares MSCI Emerging Markets Asia ETF","NASDAQ"
"EEMO","Invesco S&P Emerging Markets Momentum ETF","NYSEARCA"
"EEMS","iShares MSCI Emerging Markets Small Cap ETF","NYSEARCA"
"EEMV","iShares MSCI Emerging Markets Min Vol Factor ETF","BATS"
"EEMX","State Street SPDR MSCI Emerging Markets Fossil Fuel Reserves Free ETF","NYSEARCA"
"EES","WisdomTree U.S. SmallCap Fund","NYSEARCA"
"EET","ProShares Ultra MSCI Emerging Markets","NYSEARCA"
"EETH","ProShares Ether ETF","NYSEARCA"
"EEV","ProShares UltraShort MSCI Emerging Markets","NYSEARCA"
"EEX","Emerald Holding, Inc.","NYSE"
"EFA","iShares MSCI EAFE ETF","NYSEARCA"
"EFAA","Invesco MSCI EAFE Income Advantage ETF","NYSEARCA"
"EFAD","ProShares MSCI EAFE Dividend Growers ETF","BATS"
"EFAS","Global X MSCI SuperDividend EAFE ETF","NASDAQ"
"EFAV","iShares MSCI EAFE Min Vol Factor ETF","BATS"
"EFAX","State Street SPDR MSCI EAFE Fossil Fuel Reserves Free ETF","NYSEARCA"
"EFC","Ellington Financial Inc.","NYSE"
"EFFE","Harbor Osmosis Emerging Markets Resource Efficient ETF","NYSEARCA"
"EFFI","Harbor Osmosis International Resource Efficient ETF","NYSEARCA"
"EFG","iShares MSCI EAFE Growth ETF","BATS"
"EFIV","State Street SPDR S&P 500 ESG ETF","NYSEARCA"
"EFNL","iShares MSCI Finland ETF","BATS"
"EFO","ProShares Ultra MSCI EAFE","NYSEARCA"
"EFOI","Energy Focus, Inc.","NASDAQ"
"EFOR","Everforth, Inc.","NYSE"
"EFR","Eaton Vance Senior Floating-Rate Fund Common Shares of Beneficial Interest","NYSE"
"EFRA","iShares Environmental Infrastructure and Industrials ETF","NASDAQ"
"EFSC","Enterprise Financial Services Corporation","NASDAQ"
"EFSCP","Enterprise Financial Services Corporation - Depositary Shares Each Representing a 1/40th Interest in a Share of 5% Fixed Rate Non-Cumulative Perpetual","NASDAQ"
"EFSI","Eagle Financial Services Inc","NASDAQ"
"EFT","Eaton Vance Floating Rate Income Trust Common Shares of Beneficial Interest","NYSE"
"EFTY","Etoiles Capital Group Co., Ltd.","NASDAQ"
"EFU","ProShares UltraShort MSCI EAFE","NYSEARCA"
"EFV","iShares MSCI EAFE Value ETF","BATS"
"EFX","Equifax, Inc.","NYSE"
"EFXT","Enerflex Ltd Common Shares","NYSE"
"EFZ","ProShares Short MSCI EAFE","NYSEARCA"
"EG","Everest Group, Ltd.","NYSE"
"EGAN","eGain Corporation","NASDAQ"
"EGBN","Eagle Bancorp, Inc.","NASDAQ"
"EGG","Enigmatig Limited Class A","AMEX"
"EGGQ","NestYield Visionary ETF","NASDAQ"
"EGGS","NestYield Total Return Guard ETF","NYSEARCA"
"EGGY","NestYield Dynamic Income ETF","NYSEARCA"
"EGHA","EGH Acquisition Corp.","NASDAQ"
"EGHAR","EGH Acquisition Corp. - rights","NASDAQ"
"EGHAU","EGH Acquisition Corp. - Unit","NASDAQ"
"EGHT","8x8 Inc","NASDAQ"
"EGLE","Global X S&P 500 U.S. Revenue Leaders ETF","NYSEARCA"
"EGO","Eldorado Gold Corporation","NYSE"
"EGP","EastGroup Properties, Inc.","NYSE"
"EGUS","iShares ESG Aware MSCI USA Growth ETF","BATS"
"EGY","VAALCO Energy, Inc.","NYSE"
"EH","EHang Holdings Limited - ADS","NASDAQ"
"EHC","Encompass Health Corporation","NYSE"
"EHCC","Global X Ethereum Covered Call ETF","BATS"
"EHGO","Eshallgo Inc.","NASDAQ"
"EHI","Western Asset Global High Income Fund Inc","NYSE"
"EHLD","Euroholdings Ltd.","NASDAQ"
"EHLS","Even Herd Long Short ETF","NASDAQ"
"EHTH","eHealth, Inc.","NASDAQ"
"EHY","Amplify Ethereum Max Income Covered Call ETF","BATS"
"EIC","Eagle Point Income Company Inc.","NYSE"
"EICA","Eagle Point Income Company Inc. 5.00% Series A Term Preferred Stock due 2026","NYSE"
"EIDO","iShares MSCI Indonesia ETF","NYSEARCA"
"EIG","Employers Holdings Inc","NYSE"
"EIIA","Eagle Point Institutional Income Fund 8.125% Series A Term Preferred Shares Due 2029","NYSE"
"EIKN","Eikon Therapeutics, Inc.","NASDAQ"
"EIM","Eaton Vance Municipal Bond Fund Common Shares of Beneficial Interest, $.01 par value","AMEX"
"EINC","VanEck Energy Income ETF","NYSEARCA"
"EIPI","FT Energy Income Partners Enhanced Income ETF","NYSEARCA"
"EIPX","FT Energy Income Partners Strategy ETF","NYSEARCA"
"EIRL","iShares MSCI Ireland ETF","NYSEARCA"
"EIS","iShares MSCI Israel ETF","NYSEARCA"
"EIX","Edison International","NYSE"
"EJAN","Innovator Emerging Markets Power Buffer ETF January","NYSEARCA"
"EJH","E-Home Household Service Holdings Limited","NASDAQ"
"EJUL","Innovator Emerging Markets Power Buffer ETF July","NYSEARCA"
"EKG","First Trust Nasdaq Lux Digital Health Solutions ETF","NASDAQ"
"EL","Estee Lauder Companies, Inc. (The)","NYSE"
"ELA","Envela Corporation","AMEX"
"ELAB","PMGC Holdings Inc.","NASDAQ"
"ELAN","Elanco Animal Health Incorporated","NYSE"
"ELBM","Electra Battery Materials Corporation","NASDAQ"
"ELC","Entergy Louisiana, Inc. Collateral Trust Mortgage Bonds, 4.875 % Series due September 1, 2066","NYSE"
"ELCV","Strategy Shares Eventide High Dividend ETF","NYSEARCA"
"ELD","WisdomTree Emerging Markets Local Debt Fund","NYSEARCA"
"ELDN","Eledon Pharmaceuticals, Inc.","NASDAQ"
"ELE","Elemental Royalty Corporation","NASDAQ"
"ELF","e.l.f. Beauty, Inc.","NYSE"
"ELFY","ALPS Electrification Infrastructure ETF","NASDAQ"
"ELIL","Direxion Daily LLY Bull 2X ETF","NASDAQ"
"ELLA","Ellington Credit Company 8.50% Notes due 2031","NYSE"
"ELLO","Ellomay Capital Ltd Ordinary Shares (Israel)","AMEX"
"ELM","Elm Market Navigator ETF","NYSEARCA"
"ELMD","Electromed, Inc.","AMEX"
"ELME","Elme Communities","NYSE"
"ELMT","The Elmet Group Co.","NASDAQ"
"ELOG","Eastern International Ltd.","NASDAQ"
"ELOX","Eloxx Pharmaceuticals, Inc.","NASDAQ"
"ELPC","Companhia Paranaense de Energia (COPEL) American Depositary Shares (each representing four (4) Common Shares)","NYSE"
"ELPW","Elong Power Holding Limited","NASDAQ"
"ELS","Equity Lifestyle Properties, Inc.","NYSE"
"ELSE","Electro-Sensors, Inc.","NASDAQ"
"ELTK","Eltek Ltd.","NASDAQ"
"ELTX","Elicio Therapeutics, Inc.","NASDAQ"
"ELUT","Elutia, Inc.","NASDAQ"
"ELV","Elevance Health, Inc.","NYSE"
"ELVA","Electrovaya Inc. - Common Shares","NASDAQ"
"ELVN","Enliven Therapeutics, Inc.","NASDAQ"
"ELVR","Elevra Lithium Limited - American Depository Shares","NASDAQ"
"ELWT","Elauwit Connection, Inc.","NASDAQ"
"EMA","Emera Incorporated Common Shares","NYSE"
"EMAT","Evolution Metals & Technologies Corp.","NASDAQ"
"EMB","iShares J.P. Morgan USD Emerging Markets Bond ETF","NASDAQ"
"EMBC","Embecta Corp.","NASDAQ"
"EMBD","Global X Emerging Markets Bond ETF","NYSEARCA"
"EMBJ","Embraer S.A.","NYSE"
"EMBX","VanEck Emerging Markets Bond ETF","NYSEARCA"
"EMC","Global X Emerging Markets Great Consumer ETF","NYSEARCA"
"EMCB","WisdomTree Emerging Markets Corporate Bond Fund","NASDAQ"
"EMCR","Xtrackers Emerging Markets Carbon Reduction and Climate Improvers ETF","NYSEARCA"
"EMCS","Xtrackers MSCI Emerging Markets Select ETF","NYSEARCA"
"EMD","Western Asset Emerging Markets Debt Fund Inc","NYSE"
"EMDM","First Trust Bloomberg Emerging Market Democracies ETF","NYSEARCA"
"EMDV","ProShares MSCI Emerging Markets Dividend Growers ETF","BATS"
"EME","EMCOR Group, Inc.","NYSE"
"EMEM","Sophus Capital Emerging Market ETF","NASDAQ"
"EMEQ","Nomura Focused Emerging Markets Equity ETF","NASDAQ"
"EMES","Harbor Emerging Markets Select ETF","NYSEARCA"
"EMET","VanEck Copper and Electrification Metals ETF","NYSEARCA"
"EMF","Templeton Emerging Markets Fund","NYSE"
"EMFI","Pictet Emerging Markets Debt ETF","NYSEARCA"
"EMGF","iShares Emerging Markets Equity Factor ETF","BATS"
"EMHC","State Street SPDR Bloomberg Emerging Markets USD Bond ETF","NYSEARCA"
"EMHY","iShares J.P. Morgan EM High Yield Bond ETF","BATS"
"EMIF","iShares Emerging Markets Infrastructure ETF","NASDAQ"
"EMIS","Emmis Acquisition Corp.","NASDAQ"
"EMISR","Emmis Acquisition Corp. - Rights","NASDAQ"
"EMJN","Corgi Emerging Markets Equities 15% Structured Buffer ETF - June Series","BATS"
"EMKT","Lazard Emerging Markets Opportunities ETF","NYSEARCA"
"EML","Eastern Company (The)","NASDAQ"
"EMLC","VanEck J. P. Morgan EM Local Currency Bond ET","NYSEARCA"
"EMLP","First Trust North American Energy Infrastructure Fund","NYSEARCA"
"EMM","Global X Emerging Markets ex-China ETF","NYSEARCA"
"EMMF","WisdomTree Emerging Markets Multifactor Fund","NYSEARCA"
"EMMY","Corgi Emerging Markets Equities 15% Structured Buffer ETF - May Series","BATS"
"EMN","Eastman Chemical Company","NYSE"
"EMNT","PIMCO Enhanced Short Maturity Active ESG Exchange-Traded Fund","NYSEARCA"
"EMO","ClearBridge Energy Midstream Opportunity Fund Inc.","NYSE"
"EMOP","AB Emerging Markets Opportunities ETF","NYSEARCA"
"EMOT","First Trust S&P 500 Economic Moat ETF","NYSEARCA"
"EMP","Entergy Mississippi, LLC First Mortgage Bonds, 4.90% Series Due October 1, 2066","NYSE"
"EMPB","Efficient Market Portfolio Plus ETF","NYSEARCA"
"EMPD","Empery Digital Inc.","NASDAQ"
"EMPG","Empro Group Inc.","NASDAQ"
"EMQQ","EMQQ The Emerging Markets Internet ETF","NYSEARCA"
"EMR","Emerson Electric Company","NYSE"
"EMSC","Sophus Capital Emerging Market Small Cap ETF","NASDAQ"
"EMSF","Matthews Emerging Markets Sustainable Future Active ETF","NYSEARCA"
"EMTL","State Street DoubleLine Emerging Markets Fixed Income ETF","BATS"
"EMTY","ProShares Decline of the Retail Store ETF","NYSEARCA"
"EMXC","iShares MSCI Emerging Markets ex China ETF","NASDAQ"
"EMXF","iShares ESG Advanced MSCI EM ETF","NASDAQ"
"EMXX","Corgi Emerging Markets 2x Daily ETF","BATS"
"ENB","Enbridge Inc","NYSE"
"ENDW","Cambria Endowment Style ETF","NASDAQ"
"ENFR","Alerian Energy Infrastructure ETF","NYSEARCA"
"ENGN","enGene Therapeutics Inc.","NASDAQ"
"ENGNW","enGene Therapeutics Inc. - Warrants","NASDAQ"
"ENGS","Energys Group Limited","NASDAQ"
"ENHA","Enhanced Group Inc. Class A","NYSE"
"ENHI","iShares Enhanced International Active ETF","NASDAQ"
"ENHU","iShares Enhanced Large Cap Core Active ETF","NASDAQ"
"ENIC","Enel Chile S.A. American Depositary Shares (Each representing 50 shares of Common Stock)","NYSE"
"ENJ","Entergy New Orleans, LLC First Mortgage Bonds, 5.0% Series due December 1, 2052","NYSE"
"ENLT","Enlight Renewable Energy Ltd.","NASDAQ"
"ENLV","Enlivex Ltd.","NASDAQ"
"ENO","Entergy New Orleans, LLC First Mortgage Bonds, 5.50% Series due April 1, 2066","NYSE"
"ENOR","iShares MSCI Norway ETF","BATS"
"ENOV","Enovis Corporation","NYSE"
"ENPH","Enphase Energy, Inc.","NASDAQ"
"ENR","Energizer Holdings, Inc.","NYSE"
"ENRD","Einride AB","NASDAQ"
"ENRDW","Einride AB - Warrants","NASDAQ"
"ENS","EnerSys","NYSE"
"ENSC","Ensysce Biosciences, Inc.","NASDAQ"
"ENSG","The Ensign Group, Inc.","NASDAQ"
"ENTA","Enanta Pharmaceuticals, Inc.","NASDAQ"
"ENTG","Entegris, Inc.","NASDAQ"
"ENTL","Leverage Shares 2X Long ENTG Daily ETF","BATS"
"ENTX","Entera Bio Ltd.","NASDAQ"
"ENVA","Enova International, Inc.","NYSE"
"ENVB","Enveric Biosciences, Inc.","NASDAQ"
"ENVX","Enovix Corporation","NASDAQ"
"ENZL","iShares MSCI New Zealand ETF","NASDAQ"
"EOCT","Innovator Emerging Markets Power Buffer ETF - October","NYSEARCA"
"EOD","Allspring Global Dividend Opportunity Fund Common Shares of Beneficial Interest","NYSE"
"EOG","EOG Resources, Inc.","NYSE"
"EOI","Eaton Vance Enhance Equity Income Fund Eaton Vance Enhanced Equity Income Fund Shares of Beneficial Interest","NYSE"
"EOLS","Evolus, Inc.","NASDAQ"
"EONR","EON Resources Inc. Class A","AMEX"
"EONR.W","EON Resources Inc. Warrants, each whole warrant exercisable for three quarters of one share of Class A Common Stock at an exercise price of $11.50 per","AMEX"
"EOS","Eaton Vance Enhance Equity Income Fund II","NYSE"
"EOSE","Eos Energy Enterprises, Inc.","NASDAQ"
"EOSU","T-REX 2X Long EOSE Daily Target ETF","BATS"
"EOT","Eaton Vance Municipal Income Trust EATON VANCE NATIONAL MUNICIPAL OPPORTUNITIES TRUST","NYSE"
"EP","Empire Petroleum Corporation","AMEX"
"EPAC","Enerpac Tool Group Corp.","NYSE"
"EPAI","Harbor AI Inflection Strategy ETF","NYSEARCA"
"EPAM","EPAM Systems, Inc.","NYSE"
"EPC","Edgewell Personal Care Company","NYSE"
"EPD","Enterprise Products Partners L.P.","NYSE"
"EPEM","Harbor Emerging Markets Equity ETF","NYSEARCA"
"EPHE","iShares MSCI Philippines ETF","NYSEARCA"
"EPI","WisdomTree India Earnings Fund","NYSEARCA"
"EPIN","Harbor International Equity ETF","NYSEARCA"
"EPM","Evolution Petroleum Corporation, Inc.","AMEX"
"EPMB","Harbor Mid Cap Core ETF","NYSEARCA"
"EPMV","Harbor Mid Cap Value ETF","NYSEARCA"
"EPOL","iShares MSCI Poland ETF","NYSEARCA"
"EPOW","E-Power Inc.","NASDAQ"
"EPP","iShares MSCI Pacific Ex-Japan Index Fund","NYSEARCA"
"EPR","EPR Properties","NYSE"
"EPRF","Innovator S&P Investment Grade Preferred ETF","BATS"
"EPRT","Essential Properties Realty Trust, Inc.","NYSE"
"EPRX","Eupraxia Pharmaceuticals Inc.","NASDAQ"
"EPS","WisdomTree U.S. LargeCap Fund","NYSEARCA"
"EPSB","Harbor SMID Cap Core ETF","NYSEARCA"
"EPSM","Epsium Enterprise Limited","NASDAQ"
"EPSN","Epsilon Energy Ltd. - Common Shares","NASDAQ"
"EPSV","Harbor SMID Cap Value ETF","NYSEARCA"
"EPU","iShares MSCI Peru and Global Exposure ETF","NYSEARCA"
"EPV","ProShares UltraShort FTSE Europe ETF","NYSEARCA"
"EQ","Equillium, Inc.","NASDAQ"
"EQAL","Invesco Russell 1000 Equal Weight ETF","NYSEARCA"
"EQBK","Equity Bancshares, Inc. Class A","NYSE"
"EQH","Equitable Holdings, Inc.","NYSE"
"EQIN","Columbia U.S. Equity Income ETF","NYSEARCA"
"EQIX","Equinix, Inc.","NASDAQ"
"EQL","ALPS Equal Sector Weight ETF","NYSEARCA"
"EQLT","iShares MSCI Emerging Markets Quality Factor ETF","BATS"
"EQNR","Equinor ASA","NYSE"
"EQPT","EquipmentShare.com Inc","NASDAQ"
"EQR","Equity Residential Common Shares of Beneficial Interest","NYSE"
"EQRR","ProShares Equities for Rising Rates ETF","NASDAQ"
"EQS","Equus Total Return, Inc.","NYSE"
"EQT","EQT Corporation","NYSE"
"EQTY","Kovitz Core Equity ETF","NYSEARCA"
"EQWL","Invesco S&P 100 Equal Weight ETF","NYSEARCA"
"EQX","Equinox Gold Corp. Common Shares","AMEX"
"ERAS","Erasca, Inc.","NASDAQ"
"ERC","Allspring Multi-Sector Income Fund","AMEX"
"ERET","iShares Environmentally Aware Real Estate ETF","NASDAQ"
"ERH","Allspring Utilities and High Income Fund Common Shares","AMEX"
"ERIC","Ericsson","NASDAQ"
"ERIE","Erie Indemnity Company","NASDAQ"
"ERII","Energy Recovery, Inc.","NASDAQ"
"ERNA","Ernexa Therapeutics Inc.","NASDAQ"
"ERNAW","Ernexa Therapeutics Inc. - Warrants","NASDAQ"
"ERO","Ero Copper Corp. Common Shares","NYSE"
"EROC","ERock, Inc. Class A","NYSE"
"EROK","EagleRock Land, LLC Class A shares representing limited liability company interests","NYSE"
"ERTH","Invesco MSCI Sustainable Future ETF","NYSEARCA"
"ERX","Direxion Energy Bull 2X ETF","NYSEARCA"
"ERY","Direxion Daily Energy Bear 2X ETF","NYSEARCA"
"ES","Eversource Energy (D/B/A)","NYSE"
"ESAB","ESAB Corporation","NYSE"
"ESBA","Empire State Realty OP, L.P. Series ES Operating Partnership Units Representing Limited Partnership Interests","NYSEARCA"
"ESBG","First Trust Enhanced Stocks, Bonds & Gold ETF","NYSEARCA"
"ESCA","Escalade, Incorporated","NASDAQ"
"ESE","ESCO Technologies Inc.","NYSE"
"ESEA","Euroseas Ltd.","NASDAQ"
"ESG","FlexShares STOXX US ESG Select Index Fund","BATS"
"ESGD","iShares ESG Aware MSCI EAFE ETF","NASDAQ"
"ESGE","iShares ESG Aware MSCI EM ETF","NASDAQ"
"ESGG","FlexShares STOXX Global ESG Select Index Fund","BATS"
"ESGU","iShares ESG Aware MSCI USA ETF","NASDAQ"
"ESGV","Vanguard ESG U.S. Stock ETF","BATS"
"ESI","Element Solutions Inc.","NYSE"
"ESIM","Eventide International ETF","NYSEARCA"
"ESLA","Estrella Immunopharma, Inc.","NASDAQ"
"ESLAW","Estrella Immunopharma, Inc. - Warrant","NASDAQ"
"ESLG","Eventide Large Cap Growth ETF","NYSEARCA"
"ESLT","Elbit Systems Ltd.","NASDAQ"
"ESLV","Eventide Large Cap Value ETF","NYSEARCA"
"ESML","iShares ESG Aware MSCI USA Small-Cap ETF","BATS"
"ESMV","iShares ESG Optimized MSCI USA Min Vol Factor ETF","NASDAQ"
"ESN","Essential 40 Stock ETF","NASDAQ"
"ESNT","Essent Group Ltd. Common Shares","NYSE"
"ESOA","Energy Services of America Corporation","NASDAQ"
"ESP","Espey Mfg. & Electronics Corp.","AMEX"
"ESPO","VanEck Video Gaming and eSports ETF","NASDAQ"
"ESPR","Esperion Therapeutics, Inc.","NASDAQ"
"ESQ","Esquire Financial Holdings, Inc.","NASDAQ"
"ESRT","Empire State Realty Trust, Inc. Class A","NYSE"
"ESS","Essex Property Trust, Inc.","NYSE"
"ESSC","Eventide Small Cap ETF","NYSEARCA"
"ESTA","Establishment Labs Holdings Inc. - Common Shares","NASDAQ"
"ESTC","Elastic N.V.","NYSE"
"ESUM","Eventide US Market ETF","NYSEARCA"
"ET","Energy Transfer LP Common Units","NYSE"
"ETB","Eaton Vance Tax-Managed Buy-Write Income Fund Eaton Vance Tax-Managed Buy-Write Income Fund Common Shares of Beneficial Interest","NYSE"
"ETCO","Grayscale Ethereum Covered Call ETF","NYSEARCA"
"ETD","Ethan Allen Interiors Inc.","NYSE"
"ETEC","iShares Breakthrough Environmental Solutions ETF","NASDAQ"
"ETFT","Fundsmith Equity ETF","NYSEARCA"
"ETG","Eaton Vance Tax-Advantaged Global Dividend Income Fund Common Shares of Beneficial Interest","NYSE"
"ETH","Grayscale Ethereum Staking Mini ETF Shares","NYSEARCA"
"ETHA","iShares Ethereum Trust ETF","NASDAQ"
"ETHB","iShares Staked Ethereum Trust ETF","NASDAQ"
"ETHD","ProShares UltraShort Ether ETF","NYSEARCA"
"ETHE","Grayscale Ethereum Staking ETF Shares","NYSEARCA"
"ETHO","Amplify Etho Climate Leadership U.S. ETF","NYSEARCA"
"ETHT","ProShares Ultra Ether ETF","NYSEARCA"
"ETHU","2x Ether ETF","BATS"
"ETHV","VanEck Ethereum ETF","BATS"
"ETHW","Bitwise Ethereum ETF","NYSEARCA"
"ETJ","Eaton Vance Risk-Managed Diversified Equity Income Fund Common Shares of Beneficial Interest","NYSE"
"ETN","Eaton Corporation, PLC","NYSE"
"ETNG","Leverage Shares 2X Long ETN Daily ETF","BATS"
"ETO","Eaton Vance Tax-Advantage Global Dividend Opp","NYSE"
"ETON","Eton Pharmaceuticals, Inc.","NASDAQ"
"ETOR","eToro Group Ltd.","NASDAQ"
"ETR","Entergy Corporation","NYSE"
"ETS","Elite Express Holding Inc.","NASDAQ"
"ETSS","Energy Transition Special Opportunities Class A","NYSE"
"ETSS.U","Energy Transition Special Opportunities Units, each consisting of one Class A ordinary share and one-half of one redeemable warrant","NYSE"
"ETSS.W","Energy Transition Special Opportunities Warrants, each whole warrant exercisable for one Class A ordinary share at an exercise price of $11.50","NYSE"
"ETSY","Etsy, Inc.","NYSE"
"ETTY","Amplify Ethereum 3% Monthly Option Income ETF","BATS"
"ETU","T-Rex 2X Long Ether Daily Target ETF","BATS"
"ETV","Eaton Vance Corporation Eaton Vance Tax-Managed Buy-Write Opportunities Fund Common Shares of Beneficial Interest","NYSE"
"ETW","Eaton Vance Corporation Eaton Vance Tax-Managed Global Buy-Write Opportunites Fund Common Shares of Beneficial Interest","NYSE"
"ETX","Eaton Vance Municipal Income 2028 Term Trust Common Shares of Beneficial Interest","NYSE"
"ETY","Eaton Vance Tax-Managed Diversified Equity Income Fund Common Shares of Beneficial Interest,","NYSE"
"EU","enCore Energy Corp.","NASDAQ"
"EUAD","Select STOXX Europe Aerospace & Defense ETF","BATS"
"EUDA","Euda Health Holdings Limited","NASDAQ"
"EUDAW","Euda Health Holdings Limited - Warrant","NASDAQ"
"EUDG","WisdomTree Europe Quality Dividend Growth Fund","NYSEARCA"
"EUDV","ProShares MSCI Europe Dividend Growers ETF","BATS"
"EUFN","iShares MSCI Europe Financials ETF","NASDAQ"
"EUHY","iShares Euro High Yield Corporate Bond USD Hedged ETF","BATS"
"EUIG","iShares Euro Investment Grade Corporate Bond USD Hedged ETF","BATS"
"EUM","ProShares Short MSCI Emerging Markets","NYSEARCA"
"EUO","ProShares UltraShort Euro","NYSEARCA"
"EURK","Eureka Acquisition Corp","NASDAQ"
"EURKR","Eureka Acquisition Corp - Right","NASDAQ"
"EURKU","Eureka Acquisition Corp - Unit","NASDAQ"
"EURL","Direxion Daily FTSE Europe Bull 3X ETF","NYSEARCA"
"EUSA","iShares MSCI USA Equal Weighted ETF","NYSEARCA"
"EUSB","iShares ESG Advanced Universal USD Bond ETF","NYSEARCA"
"EUV","Corgi Lithography & Semiconductor Photonics ETF","BATS"
"EUVX","Corgi Lithography & Semiconductor Photonics 2x Daily ETF","BATS"
"EVAC","EQV Ventures Acquisition Corp. II Class A","NYSE"
"EVAC.U","EQV Ventures Acquisition Corp. II Units, each unit consists of one Class A ordinary share and one-third of one redeemable warrant","NYSE"
"EVAC.W","EQV Ventures Acquisition Corp. II Redeemable Warrants, each whole warrant exercisable for one Class A ordinary share at an exercise price of $11.50 pe","NYSE"
"EVAX","Evaxion A/S - American Depositary Share","NASDAQ"
"EVC","Entravision Communications Corporation","NYSE"
"EVCM","EverCommerce Inc.","NASDAQ"
"EVER","EverQuote, Inc.","NASDAQ"
"EVEX","Eve Holding, Inc.","NYSE"
"EVEX.W","Eve Holding, Inc. Warrants, each exercisable for one share of Common Stock at an exercise price of $11.50 per share","NYSE"
"EVF","Eaton Vance Senior Income Trust","NYSE"
"EVG","Eaton Vance Short Diversified Income Fund Eaton Vance Short Duration Diversified Income Fund Common Shares of Beneficial Interest","NYSE"
"EVGN","Evogene Ltd.","NASDAQ"
"EVGO","EVgo Inc.","NASDAQ"
"EVGOW","EVgo Inc. - Warrants, each whole warrant exercisable for one share of Class A Common Stock at an exercise price of $11.50","NASDAQ"
"EVH","Evolent Health, Inc Class A","NYSE"
"EVHY","Eaton Vance High Yield ETF","NYSEARCA"
"EVI","EVI Industries, Inc.","AMEX"
"EVIM","Eaton Vance Intermediate Municipal Income ETF","NYSEARCA"
"EVLN","Eaton Vance Floating-Rate ETF","NYSEARCA"
"EVLU","iShares MSCI Emerging Markets Value Factor ETF","BATS"
"EVLV","Evolv Technologies Holdings, Inc.","NASDAQ"
"EVLVW","Evolv Technologies Holdings, Inc. - Warrant","NASDAQ"
"EVMN","Evommune, Inc.","NYSE"
"EVMO","Eaton Vance Mortgage Opportunities ETF","NYSEARCA"
"EVMT","Invesco Electric Vehicle Metals Commodity Strategy No K-1 ETF","NASDAQ"
"EVMU","Direxion Daily Ether Bull 2X ETF","NYSEARCA"
"EVN","Eaton Vance Municipal Income Trust","NYSE"
"EVNT","AltShares Event-Driven ETF","NYSEARCA"
"EVO","Evotec SE","NASDAQ"
"EVOX","Evolution Global Acquisition Corp","NASDAQ"
"EVOXU","Evolution Global Acquisition Corp - Units","NASDAQ"
"EVOXW","Evolution Global Acquisition Corp - Warrants","NASDAQ"
"EVPF","Eaton Vance Preferred Securities and Income ETF","NASDAQ"
"EVR","Evercore Inc. Class A","NYSE"
"EVRG","Evergy, Inc.","NASDAQ"
"EVSB","Eaton Vance Ultra-Short Income ETF","NYSEARCA"
"EVSD","Eaton Vance Short Duration Income ETF","NASDAQ"
"EVSM","Eaton Vance Short Duration Municipal Income ETF","NYSEARCA"
"EVT","Eaton Vance Tax Advantaged Dividend Income Fund Common Shares of Beneficial Interest","NYSE"
"EVTC","Evertec, Inc.","NYSE"
"EVTL","Vertical Aerospace Ltd.","NYSE"
"EVTR","Eaton Vance Total Return Bond ETF","NYSE"
"EVTV","Envirotech Vehicles, Inc.","NASDAQ"
"EVUS","iShares ESG Aware MSCI USA Value ETF","BATS"
"EVV","Eaton Vance Limited Duration Income Fund Common Shares of Beneficial Interest","AMEX"
"EVX","VanEck Environmental Services ETF","NYSEARCA"
"EVYM","Eaton Vance High Income Municipal ETF","NASDAQ"
"EW","Edwards Lifesciences Corporation","NYSE"
"EWA","iShares MSCI Australia Index Fund","NYSEARCA"
"EWBC","East West Bancorp, Inc.","NASDAQ"
"EWC","iShares MSCI Canada Index Fund","NYSEARCA"
"EWD","iShares MSCI Sweden ETF","NYSEARCA"
"EWG","iShares MSCI Germany Index Fund","NYSEARCA"
"EWH","iShares MSCI Hong Kong Index Fund","NYSEARCA"
"EWI","iShares MSCI Italy ETF","NYSEARCA"
"EWJ","iShares MSCI Japan Index Fund","NYSEARCA"
"EWJV","iShares MSCI Japan Value ETF","NASDAQ"
"EWK","iShares MSCI Belgium ETF","NYSEARCA"
"EWL","iShares MSCI Switzerland ETF","NYSEARCA"
"EWM","iShares MSCI Malaysia Index Fund","NYSEARCA"
"EWN","iShares MSCI Netherlands Index Fund","NYSEARCA"
"EWO","iShares MSCI Austria ETF","NYSEARCA"
"EWP","iShares MSCI Spain ETF","NYSEARCA"
"EWQ","iShares MSCI France Index Fund","NYSEARCA"
"EWS","iShares MSCI Singapore ETF","NYSEARCA"
"EWT","iShares MSCI Taiwan ETF","NYSEARCA"
"EWTX","Edgewise Therapeutics, Inc.","NASDAQ"
"EWU","iShares MSCI United Kingdom ETF","NYSEARCA"
"EWUS","iShares MSCI United Kingdom Small Cap ETF","BATS"
"EWV","ProShares UltraShort MSCI Japan","NYSEARCA"
"EWW","iShares MSCI Mexico ETF","NYSEARCA"
"EWX","State Street SPDR S&P Emerging Markets Small Cap ETF","NYSEARCA"
"EWY","iShares MSCI South Korea ETF","NYSEARCA"
"EWZ","iShares MSCI Brazil ETF","NYSEARCA"
"EWZS","iShares MSCI Brazil Small-Cap ETF","NASDAQ"
"EXC","Exelon Corporation","NASDAQ"
"EXE","Expand Energy Corporation","NASDAQ"
"EXEL","Exelixis, Inc.","NASDAQ"
"EXEQ","Wedbush ReturnOnLeadership U.S. Large-Cap ETF","NYSEARCA"
"EXFY","Expensify, Inc.","NASDAQ"
"EXG","Eaton Vance Tax-Managed Global Diversified Equity Income Fund Common Shares of Beneficial Interest","NYSE"
"EXI","iShares Global Industrials ETF","NYSEARCA"
"EXK","Endeavour Silver Corporation Ordinary Shares (Canada)","NYSE"
"EXLS","ExlService Holdings, Inc.","NASDAQ"
"EXOD","Exodus Movement, Inc. Class A","AMEX"
"EXOZ","eXoZymes Inc.","NASDAQ"
"EXP","Eagle Materials Inc","NYSE"
"EXPD","Expeditors International of Washington, Inc.","NYSE"
"EXPE","Expedia Group, Inc.","NASDAQ"
"EXPO","Exponent, Inc.","NASDAQ"
"EXR","Extra Space Storage Inc","NYSE"
"EXTR","Extreme Networks, Inc.","NASDAQ"
"EXUS","Nomura Focused International Core ETF","NASDAQ"
"EXYN","Exyn Technologies, Inc.","NASDAQ"
"EXYNW","Exyn Technologies, Inc. - Warrant","NASDAQ"
"EYE","National Vision Holdings, Inc.","NASDAQ"
"EYEG","AB Corporate Bond ETF","NASDAQ"
"EYES","Corgi Data & Surveillance ETF","BATS"
"EYLD","Cambria Emerging Shareholder Yield ETF","BATS"
"EYPT","EyePoint, Inc.","NASDAQ"
"EZA","iShares MSCI South Africa Index Fund","NYSEARCA"
"EZBC","Franklin Templeton Digital Holdings Trust Shares of Franklin Bitcoin ETF","BATS"
"EZET","Franklin Ethereum ETF","BATS"
"EZGO","EZGO Technologies Ltd.","NASDAQ"
"EZJ","ProShares Ultra MSCI Japan","NYSEARCA"
"EZM","WisdomTree U.S. MidCap Fund","NYSEARCA"
"EZMO","AlphaDroid Broad Markets Momentum ETF","NASDAQ"
"EZPW","EZCORP, Inc.","NASDAQ"
"EZPZ","Franklin Crypto Index ETF","BATS"
"EZRA","Reliance Global Group, Inc.","NASDAQ"
"EZRO","AlphaDroid Defensive Sector Rotation ETF","NASDAQ"
"EZU","iShares MSCI Eurozone ETF","BATS"
"F","Ford Motor Company","NYSE"
"FA","First Advantage Corporation","NASDAQ"
"FAAA","Fidelity AAA CLO ETF","NASDAQ"
"FAAR","First Trust Alternative Absolute Return Strategy ETF","NASDAQ"
"FAB","First Trust Multi Cap Value AlphaDEX Fund","NASDAQ"
"FABC","Fabric.AI, Inc.","NASDAQ"
"FAC","Factorial Energy Inc.","NASDAQ"
"FACT","FACT II Acquisition Corp.","NASDAQ"
"FACTU","FACT II Acquisition Corp. - Unit","NASDAQ"
"FACTW","FACT II Acquisition Corp. - Warrant","NASDAQ"
"FACWW","Factorial Energy Inc. - Warrant","NASDAQ"
"FAD","First Trust Multi Cap Growth AlphaDEX Fund","NASDAQ"
"FAF","First American Corporation (New)","NYSE"
"FAI","First Trust Bloomberg Artificial Intelligence ETF","NYSEARCA"
"FALN","iShares Fallen Angels USD Bond ETF","NASDAQ"
"FAMI","Farmmi, Inc.","NASDAQ"
"FAN","First Trust Global Wind Energy ETF","NYSEARCA"
"FANG","Diamondback Energy, Inc.","NASDAQ"
"FAPR","FT Vest U.S. Equity Buffer ETF - April","BATS"
"FARX","Frontier Asset Absolute Return ETF","NYSEARCA"
"FAS","Direxion Financial Bull 3X ETF","NYSEARCA"
"FAST","Fastenal Company","NASDAQ"
"FATE","Fate Therapeutics, Inc.","NASDAQ"
"FATN","FatPipe, Inc.","NASDAQ"
"FAUG","FT Vest U.S. Equity Buffer ETF - August","BATS"
"FAX","abrdn Asia-Pacific Income Fund, Inc.","AMEX"
"FAZ","Direxion Financial Bear 3X ETF","NYSEARCA"
"FB","ProShares S&P 500 Dynamic Buffer ETF","BATS"
"FBCG","Fidelity Blue Chip Growth ETF","BATS"
"FBCV","Fidelity Blue Chip Value ETF","BATS"
"FBDC","FT Confluence BDC & Specialty Finance Income ETF","NYSEARCA"
"FBGL","FBS Global Limited","NASDAQ"
"FBIN","Fortune Brands Innovations, Inc.","NYSE"
"FBIO","Fortress Biotech, Inc.","NASDAQ"
"FBIOP","Fortress Biotech, Inc. - 9.375% Series A Cumulative Redeemable Perpetual Preferred Stock","NASDAQ"
"FBIZ","First Business Financial Services, Inc.","NASDAQ"
"FBK","FB Financial Corporation","NYSE"
"FBL","GraniteShares 2x Long META Daily ETF","NASDAQ"
"FBLA","FB Bancorp, Inc.","NASDAQ"
"FBLG","FibroBiologics, Inc.","NASDAQ"
"FBNC","First Bancorp","NASDAQ"
"FBND","Fidelity Total Bond ETF","NYSEARCA"
"FBOT","Fidelity Disruptive Automation ETF","NASDAQ"
"FBP","First BanCorp. New","NYSE"
"FBRT","Franklin BSP Realty Trust, Inc.","NYSE"
"FBRX","Forte Biosciences, Inc.","NASDAQ"
"FBT","First Trust Amex Biotech Index Fund","NYSEARCA"
"FBTC","Fidelity Wise Origin Bitcoin Fund","BATS"
"FBUF","Fidelity Dynamic Buffered Equity ETF","BATS"
"FBY","YieldMax META Option Income Strategy ETF","NYSEARCA"
"FBYD","Falcon's Beyond Global, Inc.","NASDAQ"
"FBYDP","Falcon's Beyond Global, Inc. - 11% Series B Cumulative Convertible Preferred Stock","NASDAQ"
"FBYDW","Falcon's Beyond Global, Inc. - Warrants","NASDAQ"
"FBYY","GraniteShares YieldBOOST META ETF","NASDAQ"
"FC","Franklin Covey Company","NYSE"
"FCA","First Trust China AlphaDEX Fund","NASDAQ"
"FCAL","First Trust California Municipal High income ETF","NASDAQ"
"FCAP","First Capital, Inc.","NASDAQ"
"FCBC","First Community Bankshares, Inc.","NASDAQ"
"FCBD","Frontier Asset Core Bond ETF","NYSEARCA"
"FCBM","First Carolina Financial Services, Inc.","NYSE"
"FCCO","First Community Corporation","NASDAQ"
"FCEF","First Trust Income Opportunities ETF","NASDAQ"
"FCEL","FuelCell Energy, Inc.","NASDAQ"
"FCF","First Commonwealth Financial Corporation","NYSE"
"FCFS","FirstCash Holdings, Inc.","NASDAQ"
"FCFY","First Trust S&P 500 Diversified Free Cash Flow ETF","NYSEARCA"
"FCG","First Trust Natural Gas ETF","NYSEARCA"
"FCHL","Fitness Champs Holdings Limited","NASDAQ"
"FCLD","Fidelity Cloud Computing ETF","BATS"
"FCLO","Fidelity CLO ETF","NASDAQ"
"FCN","FTI Consulting, Inc.","NYSE"
"FCNCA","First Citizens BancShares, Inc.","NASDAQ"
"FCNCN","First Citizens BancShares, Inc. - Depositary Shares, each representing a 1/40th interest in a share of 6.625% Non-Cumulative Perpetual Preferred Stock","NASDAQ"
"FCNCO","First Citizens BancShares, Inc. - 5.625% Non-Cumulative Perpetual Preferred Stock, Series C","NASDAQ"
"FCNCP","First Citizens BancShares, Inc. - Depositary Shares Each Representing a 1/40th Interest in a Share of 5.375% Non-Cumulative Perpetual Preferred Stock,","NASDAQ"
"FCOM","Fidelity MSCI Communication Services Index ETF","NYSEARCA"
"FCOR","Fidelity Corporate Bond ETF","NYSEARCA"
"FCPI","Fidelity Stocks for Inflation ETF","BATS"
"FCPT","Four Corners Property Trust, Inc.","NYSE"
"FCRS","FutureCrest Acquisition Corp. Class A","NYSE"
"FCRS.U","FutureCrest Acquisition Corp. Units, each consisting of one Class A ordinary share and one-quarter of one redeemable warrant","NYSE"
"FCRS.W","FutureCrest Acquisition Corp. Redeemable warrants, each whole warrant exercisable for one Class A ordinary share at an exercise price of $11.50","NYSE"
"FCSH","Federated Hermes Short Duration Corporate ETF","NYSEARCA"
"FCT","First Trust Senior Floating Rate Income Fund II Common Shares of Beneficial Interest","NYSE"
"FCTE","SMI 3Fourteen Full-Cycle Trend ETF","NASDAQ"
"FCTR","First Trust Lunt U.S. Factor Rotation ETF","BATS"
"FCUS","Pinnacle Focused Opportunities ETF","NYSEARCA"
"FCUV","Focus Universal Inc.","NASDAQ"
"FCVT","First Trust SSI Strategic Convertible Securities ETF","NASDAQ"
"FCX","Freeport-McMoRan, Inc.","NYSE"
"FCXG","Leverage Shares 2x Long FCX Daily ETF","NASDAQ"
"FDAT","Tactical Advantage ETF","NYSEARCA"
"FDBC","Fidelity D & D Bancorp, Inc.","NASDAQ"
"FDCF","Fidelity Disruptive Communications ETF","NASDAQ"
"FDD","First Trust STOXX European Select Dividend Index Fund","NYSEARCA"
"FDEC","FT Vest U.S. Equity Buffer ETF - December","BATS"
"FDEM","Fidelity Emerging Markets Multifactor ETF","BATS"
"FDEV","Fidelity International Multifactor ETF","BATS"
"FDFF","Fidelity Disruptive Finance ETF","NASDAQ"
"FDG","American Century Focused Dynamic Growth ETF","NYSEARCA"
"FDHY","Fidelity Enhanced High Yield ETF","NYSEARCA"
"FDIF","Fidelity Disruptors ETF","NASDAQ"
"FDIG","Fidelity Crypto Industry and Digital Payments ETF","NASDAQ"
"FDIQ","Invesco Bloomberg Financial Data Providers ETF","NASDAQ"
"FDIS","Fidelity MSCI Consumer Discretionary Index ETF","NYSEARCA"
"FDIV","MarketDesk Focused U.S. Dividend ETF","NASDAQ"
"FDL","First Trust Morningstar ETF","NYSEARCA"
"FDLO","Fidelity Low Volatility Factor ETF","NYSEARCA"
"FDLS","Inspire Fidelis Multi Factor ETF","NYSEARCA"
"FDM","First Trust DJ Select MicroCap ETF","NYSEARCA"
"FDMO","Fidelity Momentum Factor ETF","NYSEARCA"
"FDMT","4D Molecular Therapeutics, Inc.","NASDAQ"
"FDN","First Trust DJ Internet Index Fund","NYSEARCA"
"FDND","FT Vest Dow Jones Internet & Target Income ETF","BATS"
"FDNI","First Trust Dow Jones International Internet ETF","NASDAQ"
"FDP","Del Monte Corporation","NYSE"
"FDRR","Fidelity Dividend ETF for Rising Rates","NYSEARCA"
"FDRS","Founder-Led ETF","NASDAQ"
"FDRV","Fidelity Electric Vehicles and Future Transportation ETF","BATS"
"FDRX","Founder-Led 2X Daily ETF","NASDAQ"
"FDS","FactSet Research Systems Inc.","NYSE"
"FDSB","Fifth District Bancorp, Inc.","NASDAQ"
"FDT","First Trust Developed Markets Ex-US AlphaDEX Fund","NASDAQ"
"FDTS","First Trust Developed Markets ex-US Small Cap AlphaDEX Fund","NASDAQ"
"FDTX","Fidelity Disruptive Technology ETF","NASDAQ"
"FDUS","Fidus Investment Corporation - Closed End Fund","NASDAQ"
"FDV","Federated Hermes U.S. Strategic Dividend ETF","NYSEARCA"
"FDVV","Fidelity High Dividend ETF","NYSEARCA"
"FDX","FedEx Corporation","NYSE"
"FDXF","FedEx Freight Holding Company, Inc.","NYSE"
"FE","FirstEnergy Corp.","NYSE"
"FEAC","Fidelity Enhanced U.S. All-Cap Equity ETF","NYSEARCA"
"FEAM","5E Advanced Materials, Inc.","NASDAQ"
"FEBM","FT Vest U.S. Equity Max Buffer ETF - February","BATS"
"FEBO","Fenbo Holdings Limited","NASDAQ"
"FEBP","PGIM S&P 500 Buffer 12 ETF - February","BATS"
"FEBT","AllianzIM U.S. Large Cap Buffer10 Feb ETF","BATS"
"FEBU","AllianzIM U.S. Equity Buffer15 Uncapped Feb ETF","BATS"
"FEBW","AllianzIM U.S. Large Cap Buffer20 Feb ETF","BATS"
"FEBZ","TrueShares Structured Outcome (February) ETF","BATS"
"FEDM","FlexShares ESG & Climate Developed Markets ex-US Core Index Fund","NYSEARCA"
"FEDU","Four Seasons Education (Cayman) Inc. American Depositary Shares, each ADS representing 10","NYSE"
"FEED","ENvue Medical, Inc.","NASDAQ"
"FEGE","First Eagle Global Equity ETF","NYSE"
"FEIG","FlexShares ESG & Climate Investment Grade Corporate Core Index Fund","NYSEARCA"
"FEIM","Frequency Electronics, Inc.","NASDAQ"
"FELC","Fidelity Enhanced Large Cap Core ETF","NYSEARCA"
"FELE","Franklin Electric Co., Inc.","NASDAQ"
"FELG","Fidelity Enhanced Large Cap Growth ETF","NYSEARCA"
"FELV","Fidelity Enhanced Large Cap Value ETF","NYSEARCA"
"FEM","First Trust Emerging Markets AlphaDEX Fund","NASDAQ"
"FEMB","First Trust Emerging Markets Local Currency Bond ETF","NASDAQ"
"FEMD","First Eagle Mid Cap Equity ETF","NYSEARCA"
"FEMG","Fidelity Enhanced Mid Cap Growth ETF","NYSEARCA"
"FEMR","Fidelity Enhanced Emerging Markets ETF","NYSEARCA"
"FEMS","First Trust Emerging Markets Small Cap AlphaDEX Fund","NASDAQ"
"FEMV","Fidelity Enhanced Mid Cap Value ETF","NYSEARCA"
"FEMY","Femasys Inc.","NASDAQ"
"FENC","Fennec Pharmaceuticals Inc.","NASDAQ"
"FENG","Phoenix New Media Limited American Depositary Shares, each representing 48 Class A ordinary shares.","NYSE"
"FENI","Fidelity Enhanced International ETF","NYSEARCA"
"FENY","Fidelity MSCI Energy Index ETF","NYSEARCA"
"FEOE","First Eagle Overseas Equity ETF","NYSE"
"FEP","First Trust Europe AlphaDEX Fund","NASDAQ"
"FEPI","REX FANG & Innovation Equity Premium Income ETF","NASDAQ"
"FER","Ferrovial N.V.","NASDAQ"
"FERA","Fifth Era Acquisition Corp I","NASDAQ"
"FERAR","Fifth Era Acquisition Corp I - Rights","NASDAQ"
"FERAU","Fifth Era Acquisition Corp I - Units","NASDAQ"
"FERG","Ferguson Enterprises Inc.","NYSE"
"FESM","Fidelity Enhanced Small Cap Core ETF","NYSEARCA"
"FET","Forum Energy Technologies, Inc.","NYSE"
"FETH","Fidelity Ethereum Fund","BATS"
"FEUS","FlexShares ESG & Climate US Large Cap Core Index Fund","NYSEARCA"
"FEUZ","First Trust Eurozone AlphaDEX ETF","NASDAQ"
"FEX","First Trust Large Cap Core AlphaDEX Fund","NASDAQ"
"FEZ","State Street SPDR EURO STOXX 50 ETF","NYSEARCA"
"FF","FutureFuel Corp.  Common shares","NYSE"
"FFA","First Trust Enhanced Equity Income Fund Common Shares of Beneficial Interest","NYSE"
"FFAI","Faraday Future Intelligent Electric Inc.","NASDAQ"
"FFAIW","Faraday Future Intelligent Electric Inc. - Warrant","NASDAQ"
"FFBC","First Financial Bancorp.","NASDAQ"
"FFC","Flaherty & Crumrine Preferred and Income Securities Fund Incorporated","NYSE"
"FFDI","Fidelity Fundamental Developed International ETF","BATS"
"FFEB","FT Vest U.S. Equity Buffer ETF - February","BATS"
"FFEM","Fidelity Fundamental Emerging Markets ETF","BATS"
"FFF","Founders 100 ETF","BATS"
"FFGX","Fidelity Fundamental Global ex-U.S. ETF","BATS"
"FFIN","First Financial Bankshares, Inc.","NASDAQ"
"FFIU","UVA Unconstrained Medium-Term Fixed Income ETF","NYSEARCA"
"FFIV","F5, Inc.","NASDAQ"
"FFLC","Fidelity Fundamental Large Cap Core ETF","BATS"
"FFLG","Fidelity Fundamental Large Cap Growth ETF","BATS"
"FFLS","The Future Fund Long/Short ETF","NYSEARCA"
"FFLV","Fidelity Fundamental Large Cap Value ETF","BATS"
"FFND","One Global ETF","NYSEARCA"
"FFOG","Franklin Focused Growth ETF","BATS"
"FFOX","FundX Future Fund Opportunities ETF","NYSEARCA"
"FFSM","Fidelity Fundamental Small-Mid Cap ETF","BATS"
"FFTY","CapForce IBD 50 ETF","NYSEARCA"
"FFUT","Fidelity Managed Futures ETF","NASDAQ"
"FG","F&G Annuities & Life, Inc.","NYSE"
"FGBI","First Guaranty Bancshares, Inc.","NASDAQ"
"FGBIP","First Guaranty Bancshares, Inc. - 6.75% Series A Fixed-Rate Non-Cumulative Perpetual Preferred Stock","NASDAQ"
"FGD","First Trust DJ Global Select Dividend","NYSEARCA"
"FGDL","Franklin Responsibly Sourced Gold ETF","NYSEARCA"
"FGI","FGI Industries Ltd.","NASDAQ"
"FGII","FG Imperii Acquisition Corp.","NASDAQ"
"FGIIU","FG Imperii Acquisition Corp. - Units","NASDAQ"
"FGIIW","FG Imperii Acquisition Corp. - Warrants","NASDAQ"
"FGIWW","FGI Industries Ltd. - warrant","NASDAQ"
"FGL","Founder Group Limited","NASDAQ"
"FGM","First Trust Germany AlphaDEX Fund","NASDAQ"
"FGMC","FG Merger II Corp.","NASDAQ"
"FGMCR","FG Merger II Corp. - Rights","NASDAQ"
"FGMCU","FG Merger II Corp. - Unit","NASDAQ"
"FGN","F&G Annuities & Life, Inc. 7.950% Senior Notes due 2053","NYSE"
"FGNX","FG Nexus Inc.","NASDAQ"
"FGNXP","FG Nexus Inc. - 8.00% Cumulative Series A Preferred Stock","NASDAQ"
"FGRU","T-REX 2X Long FIGR Daily Target ETF","BATS"
"FGSI","FT Vest Growth Strength & Target Income ETF","NASDAQ"
"FGSM","Frontier Asset Global Small Cap Equity ETF","NYSEARCA"
"FGSN","F&G Annuities & Life, Inc. 7.300% Junior Subordinated Notes due 2065","NYSE"
"FHB","First Hawaiian, Inc.","NASDAQ"
"FHDG","FT Vest U.S. Equity Quarterly Dynamic Buffer ETF","BATS"
"FHEQ","Fidelity Hedged Equity ETF","BATS"
"FHI","Federated Hermes, Inc.","NYSE"
"FHIL","Federated Hermes International Leaders ETF","BATS"
"FHLC","Fidelity MSCI Health Care Index ETF","NYSEARCA"
"FHN","First Horizon Corporation","NYSE"
"FHTX","Foghorn Therapeutics Inc.","NASDAQ"
"FHYS","Federated Hermes Short Duration High Yield ETF","NYSEARCA"
"FIAT","YieldMax Short COIN Option Income Strategy ETF","NYSEARCA"
"FIAX","Nicholas Fixed Income Alternative ETF","NYSEARCA"
"FIBK","First Interstate BancSystem, Inc.","NASDAQ"
"FICO","Fair Isaac Corporation","NYSE"
"FICS","First Trust International Developed Capital Strength ETF","NASDAQ"
"FID","First Trust S&P International Dividend Aristocrats ETF","NASDAQ"
"FIDI","Fidelity International High Dividend ETF","NYSEARCA"
"FIDU","Fidelity MSCI Industrials Index ETF","NYSEARCA"
"FIEE","FiEE, Inc","NASDAQ"
"FIG","Figma, Inc. Class A","NYSE"
"FIGB","Fidelity Investment Grade Bond ETF","NYSEARCA"
"FIGG","Leverage Shares 2x Long FIG Daily ETF","NASDAQ"
"FIGR","Figure Technology Solutions, Inc.","NASDAQ"
"FIGS","FIGS, Inc. Class A","NYSE"
"FIGX","FIGX Capital Acquisition Corp.","NASDAQ"
"FIGXU","FIGX Capital Acquisition Corp. - Units","NASDAQ"
"FIGXW","FIGX Capital Acquisition Corp. - one-half of one redeemable warrant.","NASDAQ"
"FIIG","First Trust Intermediate Duration Investment Grade Corporate ETF","NYSEARCA"
"FIMU","Fidelity Intermediate Municipal Income ETF","NASDAQ"
"FINS","Angel Oak Financial Strategies Income Term Trust Common Shares of Beneficial Interest","NYSE"
"FINT","Frontier Asset Total International Equity ETF","NYSEARCA"
"FINV","FinVolution Group American Depositary Shares","NYSE"
"FINW","FinWise Bancorp","NASDAQ"
"FINX","Global X FinTech ETF","NASDAQ"
"FINY","GraniteShares YieldBOOST Financials ETF","NASDAQ"
"FIP","FTAI Infrastructure Inc.","NASDAQ"
"FIRY","Firy Inc. Class A","NYSE"
"FIS","Fidelity National Information Services, Inc.","NYSE"
"FISI","Financial Institutions, Inc.","NASDAQ"
"FISK","Empire State Realty OP, L.P. Series 250 Operating Partnership Units Representing Limited Partnership Interests","NYSEARCA"
"FISN","Deep Fission, Inc.","NASDAQ"
"FISR","State Street Fixed Income Sector Rotation ETF","NYSEARCA"
"FISV","Fiserv, Inc.","NASDAQ"
"FITB","Fifth Third Bancorp","NYSE"
"FITE","State Street SPDR S&P Kensho Future Security ETF","NYSEARCA"
"FITZ","Fitz-Gerald Must Have Portfolio ETF","NYSEARCA"
"FIVA","Fidelity International Value Factor ETF","NYSEARCA"
"FIVE","Five Below, Inc.","NASDAQ"
"FIVN","Five9, Inc.","NASDAQ"
"FIW","First Trust Water ETF","NYSEARCA"
"FIX","Comfort Systems USA, Inc.","NYSE"
"FIXD","First Trust Smith Opportunistic Fixed Income ETF","NASDAQ"
"FIXP","FolioBeyond Enhanced Fixed Income Premium ETF","NYSEARCA"
"FIXT","TCW Core Plus Bond ETF","NYSE"
"FIYY","GraniteShares YieldBOOST 20Y Treasuries ETF","NASDAQ"
"FIZZ","National Beverage Corp.","NASDAQ"
"FJAN","FT Vest U.S. Equity Buffer ETF - January","BATS"
"FJET","Starfighters Space, Inc.","AMEX"
"FJP","First Trust Japan AlphaDEX Fund","NASDAQ"
"FJUL","FT Vest U.S. Equity Buffer ETF - July","BATS"
"FJUN","FT Vest U.S. Equity Buffer ETF - June","BATS"
"FKU","First Trust United Kingdom AlphaDEX Fund","NASDAQ"
"FKWL","Franklin Wireless Corp.","NASDAQ"
"FLAG","Global X S&P 500 U.S. Market Leaders Top 50 ETF","NYSEARCA"
"FLAO","AllianzIM U.S. Equity 6 Month Floor5 Apr/Oct ETF","BATS"
"FLAU","Franklin FTSE Australia ETF","NYSEARCA"
"FLAX","Franklin FTSE Asia ex Japan ETF","NYSEARCA"
"FLBL","Franklin Senior Loan ETF","BATS"
"FLBR","Franklin FTSE Brazil ETF","NYSEARCA"
"FLC","Flaherty & Crumrine Total Return Fund Inc","NYSE"
"FLCA","Franklin FTSE Canada ETF","NYSEARCA"
"FLCB","Franklin U.S. Core Bond ETF","NYSEARCA"
"FLCC","Federated Hermes MDT Large Cap Core ETF","NYSEARCA"
"FLCE","Frontier Asset U.S. Large Cap Equity ETF","NYSEARCA"
"FLCG","Federated Hermes MDT Large Cap Growth ETF","NYSEARCA"
"FLCH","Franklin FTSE China ETF","NYSEARCA"
"FLCO","Franklin Investment Grade Corporate ETF","NYSEARCA"
"FLCV","Federated Hermes MDT Large Cap Value ETF","NYSEARCA"
"FLD","Fold Holdings, Inc.","NASDAQ"
"FLDB","Fidelity Low Duration Bond ETF","NASDAQ"
"FLDDW","Fold Holdings, Inc. - Warrant","NASDAQ"
"FLDR","Fidelity Low Duration Bond Factor ETF","BATS"
"FLDZ","RiverNorth Patriot ETF","BATS"
"FLEE","Franklin FTSE Europe ETF","NYSEARCA"
"FLEU","Franklin FTSE Eurozone ETF","NYSEARCA"
"FLEX","Flex Ltd.","NASDAQ"
"FLG","Flagstar Bank, N.A.","NYSE"
"FLGB","Franklin FTSE United Kingdom ETF","NYSEARCA"
"FLGR","Franklin FTSE Germany ETF","NYSEARCA"
"FLGT","Fulgent Genetics, Inc.","NASDAQ"
"FLGV","Franklin U.S. Treasury Bond ETF","NYSEARCA"
"FLHY","Franklin High Yield Corporate ETF","BATS"
"FLIA","Franklin International Aggregate Bond ETF","BATS"
"FLIN","Franklin FTSE India ETF","NYSEARCA"
"FLJH","Franklin FTSE Japan Hedged ETF","NYSEARCA"
"FLJJ","AllianzIM U.S. Equity 6 Month Floor5 Jan/Jul ETF","BATS"
"FLJP","Franklin FTSE Japan ETF","NYSEARCA"
"FLKR","Franklin FTSE South Korea ETF","NYSEARCA"
"FLL","Full House Resorts, Inc.","NASDAQ"
"FLLA","Franklin FTSE Latin America ETF","NYSEARCA"
"FLMB","Franklin Municipal Green Bond ETF","NYSEARCA"
"FLMI","Franklin Dynamic Municipal Bond ETF","NYSEARCA"
"FLMX","Franklin FTSE Mexico ETF","NYSEARCA"
"FLN","First Trust Latin America AlphaDEX Fund","NASDAQ"
"FLNA","Filana Therapeutics, Inc.","NASDAQ"
"FLNC","Fluence Energy, Inc.","NASDAQ"
"FLNG","FLEX LNG Ltd.","NYSE"
"FLNT","Fluent, Inc.","NASDAQ"
"FLO","Flowers Foods, Inc.","NYSE"
"FLOC","Flowco Holdings Inc. Class A","NYSE"
"FLOT","iShares Floating Rate Bond ETF","BATS"
"FLOW","Global X U.S. Cash Flow Kings 100 ETF","NYSEARCA"
"FLQL","Franklin U.S. Large Cap Multifactor Index ETF","BATS"
"FLQM","Franklin U.S. Mid Cap Multifactor Index ETF","BATS"
"FLQS","Franklin U.S. Small Cap Multifactor Index ETF","BATS"
"FLR","Fluor Corporation","NYSE"
"FLRG","Fidelity U.S. Multifactor ETF","NYSEARCA"
"FLRN","State Street SPDR Bloomberg Investment Grade Floating Rate ETF","NYSEARCA"
"FLRT","Pacer Aristotle Pacific Floating Rate High Income ETF","NYSEARCA"
"FLS","Flowserve Corporation","NYSE"
"FLSA","Franklin FTSE Saudi Arabia ETF","NYSEARCA"
"FLSP","Franklin Systematic Style Premia ETF","NYSEARCA"
"FLSW","Franklin FTSE Switzerland ETF","NYSEARCA"
"FLTB","Fidelity Limited Term Bond ETF","NYSEARCA"
"FLTR","VanEck IG Floating Rate ETF","NYSEARCA"
"FLTW","Franklin FTSE Taiwan ETF","NYSEARCA"
"FLUD","Franklin Ultra Short Bond ETF","NYSEARCA"
"FLUT","Flutter Entertainment plc","NYSE"
"FLUX","Flux Power Holdings, Inc.","NASDAQ"
"FLV","American Century Focused Large Cap Value ETF","NYSEARCA"
"FLWS","1-800-FLOWERS.COM, Inc.","NASDAQ"
"FLX","BingEx Limited","NASDAQ"
"FLXI","Invesco Flexible Income ETF","BATS"
"FLXN","Horizon Flexible Income ETF","BATS"
"FLXR","TCW Flexible Income ETF","NYSE"
"FLXS","Flexsteel Industries, Inc.","NASDAQ"
"FLY","Firefly Aerospace Inc.","NASDAQ"
"FLYD","MicroSectors Travel -3x Inverse Leveraged ETN","NYSEARCA"
"FLYE","Fly-E Group, Inc.","NASDAQ"
"FLYT","Tradr 2X Long FLY Daily ETF","BATS"
"FLYU","MicroSectors Travel 3x Leveraged ETN","NYSEARCA"
"FLYW","Flywire Corporation - Voting","NASDAQ"
"FLYX","flyExclusive, Inc. Class A","AMEX"
"FLYX.W","flyExclusive, Inc. Redeemable warrants, each whole warrant exercisable for one Class A common stock at an exercise price of $11.50 per share","AMEX"
"FLZH","Flash Sports & Media Holdings, Inc.","NASDAQ"
"FMAC","Future Money Acquisition Corporation","NASDAQ"
"FMACR","Future Money Acquisition Corporation - Rights","NASDAQ"
"FMACU","Future Money Acquisition Corporation - Units","NASDAQ"
"FMAG","Fidelity Magellan ETF","BATS"
"FMAO","Farmers & Merchants Bancorp, Inc.","NASDAQ"
"FMAR","FT Vest U.S. Equity Buffer ETF - March","BATS"
"FMAT","Fidelity MSCI Materials Index ETF","NYSEARCA"
"FMAY","FT Vest U.S. Equity Buffer ETF - May","BATS"
"FMB","First Trust Managed Municipal ETF","NASDAQ"
"FMBH","First Mid Bancshares, Inc.","NASDAQ"
"FMC","FMC Corporation","NYSE"
"FMCE","FM Compounders Equity ETF","NYSEARCA"
"FMCX","FM Focus Equity ETF","NYSEARCA"
"FMDE","Fidelity Enhanced Mid Cap Core ETF","NYSEARCA"
"FMED","Fidelity Disruptive Medicine ETF","NASDAQ"
"FMET","Fidelity Metaverse ETF","NASDAQ"
"FMF","First Trust Managed Futures Strategy Fund","NYSEARCA"
"FMFC","Kandal M Venture Limited","NASDAQ"
"FMHI","First Trust Municipal High Income ETF","NASDAQ"
"FMKT","The Free Markets ETF","NYSEARCA"
"FMN","Federated Hermes Premier Municipal Income Fund","NYSE"
"FMNB","Farmers National Banc Corp.","NASDAQ"
"FMNY","First Trust New York Municipal High Income ETF","NYSEARCA"
"FMQQ","FMQQ The Next Frontier Internet ETF","NYSEARCA"
"FMS","Fresenius Medical Care AG American Depositary Shares (Each representing 1/2 of an Ordinary Share)","NYSE"
"FMST","Foremost Clean Energy Ltd. - Common Shares","NASDAQ"
"FMSTW","Foremost Clean Energy Ltd. - Warrant","NASDAQ"
"FMTL","First Trust Indxx Critical Metals ETF","NYSEARCA"
"FMTM","MarketDesk Focused U.S. Momentum ETF","NASDAQ"
"FMUB","Fidelity Municipal Bond Opportunities ETF","NASDAQ"
"FMUN","Fidelity Systematic Municipal Bond Index ETF","NASDAQ"
"FMX","Fomento Economico Mexicano S.A.B. de C.V.","NYSE"
"FMY","First Trust Mortgage Income Fund Common Shares of Beneficial Interest","NYSE"
"FN","Fabrinet","NYSE"
"FNB","F.N.B. Corporation","NYSE"
"FNCL","Fidelity MSCI Financials Index ETF","NYSEARCA"
"FND","Floor & Decor Holdings, Inc.","NYSE"
"FNDA","Schwab Fundamental U.S. Small Company ETF","NYSEARCA"
"FNDB","Schwab Fundamental U.S. Broad Market ETF","NYSEARCA"
"FNDC","Schwab Fundamental International Small Equity ETF","NYSEARCA"
"FNDE","Schwab Fundamental Emerging Markets Equity ETF","NYSEARCA"
"FNDF","Schwab Fundamental International Equity ETF","NYSEARCA"
"FNDX","Schwab Fundamental U.S. Large Company ETF","NYSEARCA"
"FNF","Fidelity National Financial, Inc.","NYSE"
"FNG","Leverage Shares 2X Long FN Daily ETF","BATS"
"FNGD","MicroSectors FANG  Index -3X Inverse Leveraged ETNs due January 8, 2038","NYSEARCA"
"FNGG","Direxion Daily NYSE FANG+ Bull 2X ETF","NYSEARCA"
"FNGO","MicroSectors FANG  Index 2X Leveraged ETNs due January 8, 2038","NYSEARCA"
"FNGR","FingerMotion, Inc.","NASDAQ"
"FNGS","MicroSectors FANG  ETNs due January 8, 2038","NYSEARCA"
"FNGU","MicroSectors FANG+ 3X Leveraged ETNs","NYSEARCA"
"FNK","First Trust Mid Cap Value AlphaDEX Fund","NASDAQ"
"FNKO","Funko, Inc.","NASDAQ"
"FNLC","First Bancorp, Inc (ME)","NASDAQ"
"FNOV","FT Vest U.S. Equity Buffer ETF - November","BATS"
"FNRN","First Northern Community Bancorp","NASDAQ"
"FNUC","Frontier Nuclear and Minerals Inc. - Common Shares","NASDAQ"
"FNV","Franco-Nevada Corporation","NYSE"
"FNWB","First Northwest Bancorp","NASDAQ"
"FNWD","Finward Bancorp","NASDAQ"
"FNX","First Trust Mid Cap Core AlphaDEX Fund","NASDAQ"
"FNY","First Trust Mid Cap Growth AlphaDEX Fund","NASDAQ"
"FOA","Finance of America Companies Inc. Class A","NYSE"
"FOCL","EDAP TMS S.A.","NASDAQ"
"FOCT","FT Vest U.S. Equity Buffer ETF - October","BATS"
"FOF","Cohen & Steers Closed-End Opportunity Fund, Inc.","NYSE"
"FOFO","Hang Feng Technology Innovation Co., Ltd.","NASDAQ"
"FOMG","Leverage Shares 2X Long FORM Daily ETF","BATS"
"FOPC","Frontier Asset Opportunistic Credit ETF","NYSEARCA"
"FOR","Forestar Group Inc","NYSE"
"FORH","Formidable ETF","BATS"
"FORM","FormFactor, Inc.","NASDAQ"
"FORR","Forrester Research, Inc.","NASDAQ"
"FORTY","Formula Systems (1985) Ltd.","NASDAQ"
"FOSL","Fossil Group, Inc.","NASDAQ"
"FOTO","Tuttle Capital Pure Play Photonics ETF","BATS"
"FOUR","Shift4 Payments, Inc. Class A","NYSE"
"FOWF","Pacer Solactive Whitney Future of Warfare ETF","BATS"
"FOX","Fox Corporation","NASDAQ"
"FOXA","Fox Corporation","NASDAQ"
"FOXF","Fox Factory Holding Corp.","NASDAQ"
"FOXX","Foxx Development Holdings Inc.","NASDAQ"
"FOXXW","Foxx Development Holdings Inc. - Warrant","NASDAQ"
"FOXY","Simplify Currency Strategy ETF","NYSEARCA"
"FPA","First Trust Asia Pacific Ex-Japan AlphaDEX Fund","NASDAQ"
"FPAA","FPA Global Allocation ETF","BATS"
"FPAG","FPA Global Equity ETF","BATS"
"FPAS","FPA Short Duration Government ETF","BATS"
"FPE","First Trust Preferred Securities and Income ETF ETF","NYSEARCA"
"FPEI","First Trust Institutional Preferred Securities and Income ETF","NYSEARCA"
"FPF","First Trust Intermediate Duration Preferred & Income Fund Common Shares of Beneficial Interest","NYSE"
"FPFD","Fidelity Preferred Securities & Income ETF","BATS"
"FPH","Five Point Holdings, LLC Class A Common Shares","NYSE"
"FPI","Farmland Partners Inc.","NYSE"
"FPRO","Fidelity Real Estate Investment ETF","BATS"
"FPS","Forgent Power Solutions, Inc. Class A","NYSE"
"FPSX","Leverage Shares 2X Long FPS Daily ETF","BATS"
"FPWR","First Trust EIP Power Solutions ETF","NYSEARCA"
"FPX","First Trust US Equity Opportunities ETF","NYSEARCA"
"FPXE","First Trust IPOX Europe Equity Opportunities ETF","NASDAQ"
"FPXI","First Trust International Equity Opportunities ETF","NASDAQ"
"FQAL","Fidelity Quality Factor ETF","NYSEARCA"
"FR","First Industrial Realty Trust, Inc.","NYSE"
"FRA","Blackrock Floating Rate Income Strategies Fund Inc","NYSE"
"FRAF","Franklin Financial Services Corporation","NASDAQ"
"FRBA","First Bank","NASDAQ"
"FRBT","Forbright, Inc.","NASDAQ"
"FRD","Friedman Industries Inc.","NASDAQ"
"FRDM","Freedom 100 Emerging Markets ETF","BATS"
"FREI","Fidelity Real Estate Income ETF","NASDAQ"
"FREL","Fidelity MSCI Real Estate Index ETF","NYSEARCA"
"FRGN","Horizon International Equity ETF","NYSEARCA"
"FRGT","Freight Technologies, Inc.","NASDAQ"
"FRHC","Freedom Holding Corp.","NASDAQ"
"FRI","First Trust S&P REIT Index Fund","NYSEARCA"
"FRIZ","Franklin Dividend Growth ETF","NYSEARCA"
"FRME","First Merchants Corporation","NASDAQ"
"FRMEP","First Merchants Corporation - Depository Shares, each representing a 1/100th interest in a share of 7.50% Non-Cumulative Perpetual Preferred Stock, A","NASDAQ"
"FRMI","Fermi Inc.","NASDAQ"
"FRMM","Forum Markets, Incorporated","NASDAQ"
"FRNW","Fidelity Clean Energy ETF","BATS"
"FRO","Frontline Plc","NYSE"
"FROG","JFrog Ltd.","NASDAQ"
"FRPH","FRP Holdings, Inc.","NASDAQ"
"FRPT","Freshpet, Inc.","NASDAQ"
"FRSH","Freshworks Inc.","NASDAQ"
"FRST","Primis Financial Corp.","NASDAQ"
"FRSX","Foresight Autonomous Holdings Ltd.","NASDAQ"
"FRT","Federal Realty Investment Trust","NYSE"
"FRTT","Fort Technology Inc. - Common Shares","NASDAQ"
"FRTY","Alger Mid Cap 40 ETF","NYSEARCA"
"FRVO","Fervo Energy Company","NASDAQ"
"FRWD","Nomura Transformational Technologies ETF","NASDAQ"
"FSBC","Five Star Bancorp","NASDAQ"
"FSBW","FS Bancorp, Inc.","NASDAQ"
"FSCC","Federated Hermes MDT Small Cap Core ETF","NYSEARCA"
"FSCO","FS Credit Opportunities Corp.","NYSE"
"FSCS","First Trust SMID Capital Strength ETF","NASDAQ"
"FSEA","First Seacoast Bancorp, Inc.","NASDAQ"
"FSEC","Fidelity Investment Grade Securitized ETF","NYSEARCA"
"FSEG","Fidelity Enhanced Small Cap Growth ETF","NYSEARCA"
"FSEP","FT Vest U.S. Equity Buffer ETF - September","BATS"
"FSEV","Fidelity Enhanced Small Cap Value ETF","NYSEARCA"
"FSGS","First Trust SMID Growth Strength ETF","NASDAQ"
"FSHP","Flag Ship Acquisition Corp.","NASDAQ"
"FSHPR","Flag Ship Acquisition Corp. - Right","NASDAQ"
"FSHPU","Flag Ship Acquisition Corp. - Unit","NASDAQ"
"FSI","Flexible Solutions International Inc. Common Stock (CDA)","AMEX"
"FSIG","First Trust Limited Duration Investment Grade Corporate ETF","NYSEARCA"
"FSK","FS KKR Capital Corp.","NYSE"
"FSLR","First Solar, Inc.","NASDAQ"
"FSLY","Fastly, Inc.","NASDAQ"
"FSM","Fortuna Mining Corp. Common Shares","NYSE"
"FSMB","First Trust Short Duration Managed Municipal ETF","NYSEARCA"
"FSMD","Fidelity Small-Mid Multifactor ETF","NYSEARCA"
"FSML","Franklin Small Cap Enhanced ETF","NYSEARCA"
"FSOL","Fidelity Solana Fund","NYSEARCA"
"FSP","Franklin Street Properties Corp.","AMEX"
"FSS","Federal Signal Corporation","NYSE"
"FSSL","FS Specialty Lending Fund Common Shares of Beneficial Interest","NYSE"
"FSTA","Fidelity MSCI Consumer Staples Index ETF","NYSEARCA"
"FSTB","Fidelity Short-Term Bond ETF","NASDAQ"
"FSTR","L.B. Foster Company","NASDAQ"
"FSUN","FirstSun Capital Bancorp","NASDAQ"
"FSV","FirstService Corporation - Common Shares","NASDAQ"
"FSYD","Fidelity Sustainable High Yield ETF","NYSEARCA"
"FSZ","First Trust Switzerland AlphaDEX Fund","NASDAQ"
"FT","Franklin Universal Trust","NYSE"
"FTA","First Trust Large Cap Value AlphaDEX Fund","NASDAQ"
"FTAG","First Trust Indxx Global Agriculture ETF","NASDAQ"
"FTAI","FTAI Aviation Ltd.","NASDAQ"
"FTAIM","FTAI Aviation Ltd. - 9.500% Fixed-Rate Reset Series D Cumulative Perpetual Redeemable Preferred Shares","NASDAQ"
"FTBD","Fidelity Tactical Bond ETF","NYSEARCA"
"FTBI","First Trust Balanced Income ETF","NYSEARCA"
"FTC","First Trust Large Cap Growth AlphaDEX Fund","NASDAQ"
"FTCA","Franklin California Municipal Income ETF","NYSEARCA"
"FTCB","First Trust Core Investment Grade ETF","NYSEARCA"
"FTCE","First Trust New Constructs Core Earnings Leaders ETF","NYSEARCA"
"FTCI","FTC Solar, Inc.","NASDAQ"
"FTCS","First Trust Capital Strength ETF","NASDAQ"
"FTDR","Frontdoor, Inc.","NASDAQ"
"FTDS","First Trust Dividend Strength ETF","NASDAQ"
"FTEC","Fidelity MSCI Information Technology Index ETF","NYSEARCA"
"FTEK","Fuel Tech, Inc.","NASDAQ"
"FTF","Franklin Limited Duration Income Trust Common Shares of Beneficial Interest","AMEX"
"FTFT","Future FinTech Group Inc.","NASDAQ"
"FTGC","First Trust Global Tactical Commodity Strategy Fund","NASDAQ"
"FTGS","First Trust Growth Strength ETF","NASDAQ"
"FTH","Faeth Therapeutics, Inc.","NASDAQ"
"FTHA","Forefront Tech Holdings Acquisition Corp","NASDAQ"
"FTHAU","Forefront Tech Holdings Acquisition Corp - Unit","NASDAQ"
"FTHAW","Forefront Tech Holdings Acquisition Corp - Warrant","NASDAQ"
"FTHB","FIS Faith Income ETF","NYSEARCA"
"FTHF","First Trust Emerging Markets Human Flourishing ETF","NYSEARCA"
"FTHI","First Trust BuyWrite Income ETF","NASDAQ"
"FTHM","Fathom Holdings Inc.","NASDAQ"
"FTHY","First Trust High Yield Opportunities 2027 Term Fund","NYSE"
"FTI","TechnipFMC plc Ordinary Share","NYSE"
"FTIF","First Trust Bloomberg Inflation Sensitive Equity ETF","NYSEARCA"
"FTK","Flotek Industries, Inc.","NYSE"
"FTKI","First Trust Small Cap BuyWrite Income ETF","NYSEARCA"
"FTLF","FitLife Brands, Inc.","NASDAQ"
"FTLS","First Trust Long/Short Equity","NYSEARCA"
"FTMA","Franklin Massachusetts Municipal Income ETF","NYSEARCA"
"FTMH","Franklin Municipal High Yield ETF","NYSEARCA"
"FTMN","Franklin Minnesota Municipal Income ETF","NYSEARCA"
"FTMS","Franklin Short-Term Municipal Income ETF","NYSEARCA"
"FTMU","Franklin Municipal Income ETF","NYSEARCA"
"FTNJ","Franklin New Jersey Municipal Income ETF","NYSEARCA"
"FTNT","Fortinet, Inc.","NASDAQ"
"FTNY","Franklin New York Municipal Income ETF","NYSEARCA"
"FTOH","Franklin Ohio Municipal Income ETF","NYSEARCA"
"FTPA","Franklin Pennsylvania Municipal Income ETF","NYSEARCA"
"FTQI","First Trust Nasdaq BuyWrite Income ETF","NASDAQ"
"FTRA.U","FutureCorp Space Acquisition 1 Units, each consisting of one Class A ordinary share and one-half of one redeemable warrant","NYSE"
"FTRB","Federated Hermes Total Return Bond ETF","NYSEARCA"
"FTRE","Fortrea Holdings Inc.","NASDAQ"
"FTRI","First Trust Indxx Global Natural Resources Income ETF","NASDAQ"
"FTRK","FAST TRACK GROUP","NASDAQ"
"FTS","Fortis Inc. Common Shares","NYSE"
"FTSD","Franklin Short Duration U.S. Government ETF","NYSEARCA"
"FTSL","First Trust Senior Loan Fund","NASDAQ"
"FTSM","First Trust Enhanced Short Maturity ETF","NASDAQ"
"FTV","Fortive Corporation","NYSE"
"FTW","Presidio Production Company Class A","NYSE"
"FTW.W","Presidio Production Company Warrants, each whole warrant exercisable for one share of Class A common stock at an exercise price of $11.50 per share","NYSE"
"FTWO","Strive Natural Resources and Security ETF","NYSE"
"FTXG","First Trust Nasdaq Food & Beverage ETF","NASDAQ"
"FTXH","First Trust Nasdaq Pharmaceuticals ETF","NASDAQ"
"FTXL","First Trust Nasdaq Semiconductor ETF","NASDAQ"
"FTXN","First Trust Nasdaq Oil & Gas ETF","NASDAQ"
"FTXO","First Trust Nasdaq Bank ETF","NASDAQ"
"FTXR","First Trust Nasdaq Transportation ETF","NASDAQ"
"FUBO","FuboTV Inc. Class A","NYSE"
"FUFU","BitFuFu Inc.","NASDAQ"
"FUFUW","BitFuFu Inc. - Warrant","NASDAQ"
"FUL","H. B. Fuller Company","NYSE"
"FULC","Fulcrum Therapeutics, Inc.","NASDAQ"
"FULT","Fulton Financial Corporation","NASDAQ"
"FULTP","Fulton Financial Corporation - Depositary Shares Each Representing a 1/40th Interest in a Share of Fixed Rate Non-Cumulative Perpetual Preferred Stock","NASDAQ"
"FUMB","First Trust Ultra Short Duration Municipal ETF","NYSEARCA"
"FUN","Six Flags Entertainment Corporation Common Stock New","NYSE"
"FUNC","First United Corporation","NASDAQ"
"FUND","Sprott Focus Trust, Inc. - Closed End Fund","NASDAQ"
"FURY","Fury Gold Mines Limited Common Shares","AMEX"
"FUSB","First US Bancshares, Inc.","NASDAQ"
"FUSE","Fusemachines Inc.","NASDAQ"
"FUSEW","Fusemachines Inc. - Warrants","NASDAQ"
"FUSI","American Century Multisector Floating Income ETF","NYSEARCA"
"FUTG","Leverage Shares 2x Long FUTU Daily ETF","NASDAQ"
"FUTU","Futu Holdings Limited","NASDAQ"
"FUTY","Fidelity MSCI Utilities Index ETF","NYSEARCA"
"FV","First Trust Dorsey Wright Focus 5 ETF","NASDAQ"
"FVAL","Fidelity Value Factor ETF","NYSEARCA"
"FVAV","Fortress Value Acquisition Corp. V","NASDAQ"
"FVC","First Trust Dorsey Wright Dynamic Focus 5 ETF","NASDAQ"
"FVCB","FVCBankcorp, Inc.","NASDAQ"
"FVD","First Trust VL Dividend","NYSEARCA"
"FVN","Future Vision II Acquisition Corporation","NASDAQ"
"FVNNR","Future Vision II Acquisition Corporation - Right","NASDAQ"
"FVNNU","Future Vision II Acquisition Corporation - Units","NASDAQ"
"FVR","FrontView REIT, Inc.","NYSE"
"FVRR","Fiverr International Ltd. Ordinary Shares, no par value","NYSE"
"FWD","AB Disruptors ETF","NYSEARCA"
"FWDI","Forward Industries, Inc.","NASDAQ"
"FWONA","Liberty Media Corporation - Series A Liberty Formula One","NASDAQ"
"FWONK","Liberty Media Corporation - Series C Liberty Formula One","NASDAQ"
"FWRD","Forward Air Corporation","NASDAQ"
"FWRG","First Watch Restaurant Group, Inc.","NASDAQ"
"FXA","Invesco CurrencyShares Australian Dollar Trust","NYSEARCA"
"FXACU","FortuneX Acquisition Corporation - Units","NASDAQ"
"FXB","Invesco CurrencyShares British Pound Sterling Trust","NYSEARCA"
"FXC","Invesco CurrencyShares Canadian Dollar Trust","NYSEARCA"
"FXD","First Trust Cons. Discret. AlphaDEX","NYSEARCA"
"FXE","Invesco CurrencyShares Euro Currency Trust","NYSEARCA"
"FXED","Sound Enhanced Fixed Income ETF","NYSE"
"FXF","Invesco CurrencyShares Swiss Franc Trust","NYSEARCA"
"FXG","First Trust Cons. Staples AlphaDEX","NYSEARCA"
"FXH","First Trust Health Care AlphaDEX","NYSEARCA"
"FXI","iShares China Large-Cap ETF","NYSEARCA"
"FXL","First Trust Technology AlphaDEX","NYSEARCA"
"FXN","First Trust Energy AlphaDEX Fund","NYSEARCA"
"FXNC","First National Corporation","NASDAQ"
"FXO","First Trust Financials AlphaDEX","NYSEARCA"
"FXP","ProShares UltraShort FTSE China 50","NYSEARCA"
"FXR","First Trust Industrials AlphaDEX","NYSEARCA"
"FXU","First Trust Utilities AlphaDEX Fund","NYSEARCA"
"FXY","Invesco CurrencyShares Japanese Yen Trust","NYSEARCA"
"FXZ","First Trust Materials AlphaDEX Fund","NYSEARCA"
"FYC","First Trust Small Cap Growth AlphaDEX Fund","NASDAQ"
"FYEE","Fidelity Yield Enhanced Equity ETF","BATS"
"FYLD","Cambria Foreign Shareholder Yield ETF","BATS"
"FYT","First Trust Small Cap Value AlphaDEX Fund","NASDAQ"
"FYX","First Trust Small Cap Core AlphaDEX Fund","NASDAQ"
"G","Genpact Limited","NYSE"
"GAA","Cambria Global Asset Allocation ETF","BATS"
"GAB","Gabelli Equity Trust, Inc. (The)","NYSE"
"GABC","German American Bancorp, Inc.","NASDAQ"
"GABF","Gabelli ETFs Trust Gabelli Financial Services Opportunities ETF","NYSEARCA"
"GAEM","Simplify Gamma Emerging Market Bond ETF","NYSEARCA"
"GAIA","Gaia, Inc.","NASDAQ"
"GAID","Guinness Atkinson International Dividend Builder ETF","NYSEARCA"
"GAIN","Gladstone Investment Corporation - Business Development Company","NASDAQ"
"GAING","Gladstone Investment Corporation - 7.125% Notes due 2031","NASDAQ"
"GAINI","Gladstone Investment Corporation - 7.875% Notes due 2030","NASDAQ"
"GAINZ","Gladstone Investment Corporation - 4.875% Notes due 2028","NASDAQ"
"GAL","State Street Global Allocation ETF","NYSEARCA"
"GALT","Galectin Therapeutics Inc.","NASDAQ"
"GAM","General American Investors, Inc.","NYSE"
"GAMB","Gambling.com Group Limited","NASDAQ"
"GAME","GameSquare Holdings, Inc.","NASDAQ"
"GAMR","Amplify Video Game Leaders ETF","NYSEARCA"
"GANX","Gain Therapeutics, Inc.","NASDAQ"
"GAP","Gap, Inc. (The)","NYSE"
"GAPR","FT Vest U.S. Equity Moderate Buffer ETF - April","BATS"
"GARA","Guinness Atkinson Real Assets Income ETF","NYSEARCA"
"GARP","iShares MSCI USA Quality GARP ETF","BATS"
"GARY","Mango Growth ETF","NASDAQ"
"GASS","StealthGas, Inc.","NASDAQ"
"GASZ","Corgi Natural Gas Power & Turbines ETF","BATS"
"GATX","GATX Corporation","NYSE"
"GAU","Galiano Gold Inc.","AMEX"
"GAUD","Guinness Atkinson US Dividend Builder ETF","NYSEARCA"
"GAUG","FT Vest U.S. Equity Moderate Buffer ETF - August","BATS"
"GAUZ","Gauzy Ltd.","NASDAQ"
"GAVA","Grayscale Avalanche Staking ETF","NASDAQ"
"GBAB","Guggenheim Taxable Municipal Bond & Investment Grade Debt Trust Common Shares of Beneficial Interest","NYSE"
"GBCI","Glacier Bancorp, Inc.","NYSE"
"GBDC","Golub Capital BDC, Inc. - Closed End Fund","NASDAQ"
"GBF","iShares Government/Credit Bond ETF","NYSEARCA"
"GBFH","GBank Financial Holdings Inc.","NASDAQ"
"GBHI","Gabelli High Income ETF","NYSEARCA"
"GBIL","Goldman Sachs Access Treasury 0-1 Year ETF","NYSEARCA"
"GBLI","Global Indemnity Group, LLC","NASDAQ"
"GBND","Goldman Sachs Core Bond ETF","NYSEARCA"
"GBR","New Concept Energy, Inc","AMEX"
"GBTC","Grayscale Bitcoin Trust (BTC)","NYSEARCA"
"GBTG","Global Business Travel Group, Inc. Class A","NYSE"
"GBUG","Sprott Active Gold & Silver Miners ETF","NASDAQ"
"GBX","Greenbrier Companies, Inc. (The)","NYSE"
"GCAD","Gabelli Commercial Aerospace and Defense ETF","NYSEARCA"
"GCAL","Goldman Sachs Dynamic California Municipal Income ETF","NYSEARCA"
"GCBC","Greene County Bancorp, Inc.","NASDAQ"
"GCC","WisdomTree EnhancedContinuous Commodity Index Fund","NYSEARCA"
"GCDT","Green Circle Decarbonize Technology Limited","AMEX"
"GCGR","General Catalyst Global Resilience Merger Corp.","NASDAQ"
"GCGRU","General Catalyst Global Resilience Merger Corp. - Units","NASDAQ"
"GCGRW","General Catalyst Global Resilience Merger Corp. - Warrants","NASDAQ"
"GCL","GCL Global Holdings Ltd","NASDAQ"
"GCLWW","GCL Global Holdings Ltd - Warrants","NASDAQ"
"GCMG","GCM Grosvenor Inc.","NASDAQ"
"GCO","Genesco Inc.","NYSE"
"GCOR","Goldman Sachs Access U.S. Aggregate Bond ETF","NYSEARCA"
"GCOW","Pacer Global Cash Cows Dividend ETF","BATS"
"GCSH","Guggenheim Ultra Short Income ETF","NYSEARCA"
"GCT","GigaCloud Technology Inc","NASDAQ"
"GCTK","GlucoTrack, Inc.","NASDAQ"
"GCTS","GCT Semiconductor Holding, Inc.","NYSE"
"GCTS.W","GCT Semiconductor Holding, Inc. Warrants, each whole warrant exercisable for one share of Common Stock at an exercise price of $11.50","NYSE"
"GCV","Gabelli Convertible and Income Securities Fund, Inc. (The)","NYSE"
"GD","General Dynamics Corporation","NYSE"
"GDC","GD Culture Group Limited","NASDAQ"
"GDDY","GoDaddy Inc. Class A","NYSE"
"GDE","WisdomTree Efficient Gold Plus Equity Strategy Fund","BATS"
"GDEC","FT Vest U.S. Equity Moderate Buffer ETF - December","BATS"
"GDEV","GDEV Inc.","NASDAQ"
"GDEVW","GDEV Inc. - Warrant","NASDAQ"
"GDHG","Golden Heaven Group Holdings Ltd.","NASDAQ"
"GDIV","Harbor Dividend Growth Leaders ETF","NYSE"
"GDL","GDL Fund, The Common Shares of Beneficial Interest","NYSE"
"GDLC","Grayscale CoinDesk Crypto 5 ETF","NYSEARCA"
"GDMA","Gadsden Dynamic Multi-Asset ETF","BATS"
"GDMN","WisdomTree Efficient Gold Plus Gold Miners Strategy Fund","BATS"
"GDO","Western Asset Global Corporate Opportunity Fund Inc.","NYSE"
"GDOC","Goldman Sachs Future Health Care Equity ETF","NYSEARCA"
"GDOG","Grayscale Dogecoin Trust ETF","NYSEARCA"
"GDOT","Green Dot Corporation Class A Common Stock, $0.001 par value","NYSE"
"GDRX","GoodRx Holdings, Inc.","NASDAQ"
"GDS","GDS Holdings Limited","NASDAQ"
"GDT","WisdomTree Efficient TIPS Plus Gold Fund","BATS"
"GDTC","CytoMed Therapeutics Limited","NASDAQ"
"GDV","Gabelli Dividend & Income Trust Common Shares of Beneficial Interest","NYSE"
"GDX","VanEck Gold Miners ETF","NYSEARCA"
"GDXD","MicroSectors Gold Miners -3X Inverse Leveraged ETNs","NYSEARCA"
"GDXJ","VanEck Junior Gold Miners ETF","NYSEARCA"
"GDXU","MicroSectors Gold Miners 3X Leveraged ETN","NYSEARCA"
"GDXW","Roundhill Gold Miners WeeklyPay ETF","BATS"
"GDXY","YieldMax Gold Miners Option Income Strategy ETF","NYSEARCA"
"GDYN","Grid Dynamics Holdings, Inc.","NASDAQ"
"GE","GE Aerospace","NYSE"
"GECC","Great Elm Capital Corp. - Closed End Fund","NASDAQ"
"GECCG","Great Elm Capital Corp. - 7.75% Notes Due 2030","NASDAQ"
"GECCH","Great Elm Capital Corp. - 8.125% Notes Due 2029","NASDAQ"
"GECCI","Great Elm Capital Corp. - 8.50% NOTES DUE 2029","NASDAQ"
"GEF","Greif Inc. Class A","NYSE"
"GEF.B","Greif, Inc. Corporation Class B","NYSE"
"GEG","Great Elm Group, Inc.","NASDAQ"
"GEGGL","Great Elm Group, Inc.  - 7.25% Notes due 2027","NASDAQ"
"GEHC","GE HealthCare Technologies Inc.","NASDAQ"
"GEL","Genesis Energy, L.P. Common Units","NYSE"
"GELS","Gelteq Limited","NASDAQ"
"GEM","Goldman Sachs ActiveBeta Emerging Markets Equity ETF","NYSEARCA"
"GEMD","Goldman Sachs Access Emerging Markets USD Bond ETF","BATS"
"GEME","Pacific North of South EM Equity Active ETF","NASDAQ"
"GEMG","Leverage Shares 2X Long GEMI Daily ETF","NASDAQ"
"GEMI","Gemini Space Station, Inc.","NASDAQ"
"GEN","Gen Digital Inc.","NASDAQ"
"GENB","Generate Biomedicines, Inc.","NASDAQ"
"GENC","Gencor Industries, Inc.","AMEX"
"GEND","Genter Capital Dividend Income ETF","NYSEARCA"
"GENI","Genius Sports Limited","NYSE"
"GENK","GEN Restaurant Group, Inc.","NASDAQ"
"GENM","Genter Capital Municipal Quality Intermediate ETF","NYSEARCA"
"GENT","Genter Capital Taxable Quality Intermediate ETF","NYSEARCA"
"GENVR","Gen Digital Inc. - Contingent Value Rights","NASDAQ"
"GENW","Genter Capital International Dividend ETF","NYSEARCA"
"GENZ","VanEck Digital Native Economy ETF","NASDAQ"
"GEO","Geo Group Inc (The) REIT","NYSE"
"GEOA","WisdomTree GeoAlpha Opportunities Fund","NYSEARCA"
"GEOS","Geospace Technologies Corporation","NASDAQ"
"GEQ","Cambria Global EW 2 ETF","NASDAQ"
"GERN","Geron Corporation","NASDAQ"
"GETY","Getty Images Holdings, Inc. Class A","NYSE"
"GEV","GE Vernova Inc.","NYSE"
"GEVG","Leverage Shares 2X Long GEV Daily ETF","NASDAQ"
"GEVO","Gevo, Inc.","NASDAQ"
"GEVX","Tradr 2X Long GEV Daily ETF","BATS"
"GEW","Cambria Global EW ETF","NASDAQ"
"GF","New Germany Fund, Inc. (The)","NYSE"
"GFAI","Guardforce AI Co., Limited","NASDAQ"
"GFAIW","Guardforce AI Co., Limited - Warrant","NASDAQ"
"GFEB","FT Vest U.S. Equity Moderate Buffer ETF - February","BATS"
"GFF","Griffon Corporation","NYSE"
"GFGF","Guru Favorite Stocks ETF","NASDAQ"
"GFI","Gold Fields Limited American Depositary Shares","NYSE"
"GFL","GFL Environmental Inc. Subordinate voting shares, no par value","NYSE"
"GFLW","VictoryShares Free Cash Flow Growth ETF","NASDAQ"
"GFR","Greenfire Resources Ltd. Common Shares","NYSE"
"GFS","GlobalFoundries Inc. - Ordinary Share","NASDAQ"
"GFSG","Leverage Shares 2X Long GFS Daily ETF","BATS"
"GGAL","Grupo Financiero Galicia S.A.","NASDAQ"
"GGB","Gerdau S.A.","NYSE"
"GGG","Graco Inc.","NYSE"
"GGLL","Direxion Daily GOOGL Bull 2X ETF","NASDAQ"
"GGLS","Direxion Daily GOOGL Bear 1X ETF","NASDAQ"
"GGM","GGM Macro Alignment ETF","NYSEARCA"
"GGME","Invesco Next Gen Media and Gaming ETF","NYSEARCA"
"GGN","GAMCO Global Gold, Natural Resources & Income Trust","AMEX"
"GGOV","iShares Global Government Bond USD Hedged Active ETF","NYSEARCA"
"GGR","Gogoro Inc.","NASDAQ"
"GGROW","Gogoro Inc. - Warrant","NASDAQ"
"GGRP","The Glimpse Group, Inc.","NASDAQ"
"GGRW","Gabelli Growth Innovators ETF","NYSEARCA"
"GGT","Gabelli Multi-Media Trust, Inc. (The)","NYSE"
"GGTL","Gabelli Global Technology Leaders ETF","NYSEARCA"
"GGUS","Goldman Sachs MarketBeta Russell 1000 Growth Equity ETF","NYSEARCA"
"GGZ","Gabelli Global Small and Mid Cap Value Trust (The) Common Shares of Beneficial Interest","NYSE"
"GH","Guardant Health, Inc.","NASDAQ"
"GHC","Graham Holdings Company","NYSE"
"GHG","GreenTree Hospitality Group Ltd. American depositary shares, each representing one Class A ordinary share","NYSE"
"GHI","Greystone Housing Impact Investors LP Beneficial Unit Certificates representing assignments of limited partnership interests","NYSE"
"GHM","Graham Corporation","NYSE"
"GHRS","GH Research PLC","NASDAQ"
"GHTA","Goose Hollow Tactical Allocation ETF","BATS"
"GHXIU","Gores Holdings XI, Inc. - Units","NASDAQ"
"GHY","PGIM Global High Yield Fund, Inc.","NYSE"
"GHYB","Goldman Sachs Access High Yield Corporate Bond ETF","NYSEARCA"
"GHYG","iShares US & Intl High Yield Corp Bond ETF","BATS"
"GIAX","Nicholas Global Equity and Income ETF","NYSEARCA"
"GIB","CGI Inc.","NYSE"
"GIBO","GIBO Holdings Limited","NASDAQ"
"GIBOW","GIBO Holdings Limited - Warrants","NASDAQ"
"GIC","Global Industrial Company","NYSE"
"GIEQ","Goldman Sachs Data Enhanced International Equity ETF","NASDAQ"
"GIFT","Giftify, Inc.","NASDAQ"
"GIGB","Goldman Sachs Access Investment Grade Corporate Bond ETF","NYSEARCA"
"GIGL","Goldman Sachs Corporate Bond ETF","NYSEARCA"
"GIGM","GigaMedia Limited","NASDAQ"
"GII","State Street SPDR S&P Global Infrastructure ETF","NYSEARCA"
"GIII","G-III Apparel Group, LTD.","NASDAQ"
"GIL","Gildan Activewear, Inc. Class A Sub. Vot.","NYSE"
"GILD","Gilead Sciences, Inc.","NASDAQ"
"GILT","Gilat Satellite Networks Ltd.","NASDAQ"
"GIND","Goldman Sachs India Equity ETF","NASDAQ"
"GINN","Goldman Sachs Innovate Equity ETF","NYSEARCA"
"GINX","SGI Enhanced Global Income ETF","NASDAQ"
"GIPR","Generation Income Properties Inc.","NASDAQ"
"GIPRW","Generation Income Properties Inc. - Warrant","NASDAQ"
"GIS","General Mills, Inc.","NYSE"
"GISC","Guggenheim Securitized Income ETF","NYSEARCA"
"GITS","Global Interactive Technologies, Inc.","NASDAQ"
"GIW","GigCapital8 Corp.","NASDAQ"
"GIWWR","GigCapital8 Corp. - Rights","NASDAQ"
"GIWWU","GigCapital8 Corp. - Units","NASDAQ"
"GIX","GigCapital9 Corp.","NASDAQ"
"GIXXR","GigCapital9 Corp. - Rights","NASDAQ"
"GIXXU","GigCapital9 Corp. - Units","NASDAQ"
"GJAN","FT Vest U.S. Equity Moderate Buffer ETF - January","BATS"
"GJH","Synthetic Fixed-Income Securities Inc 6.375% (STRATS) Cl A-1","NYSE"
"GJO","Synthetic Fixed-Income Securities, Inc. on behalf of STRATS(SM) Trust for Wal-Mart Stores, Inc. Securities, Series 2004-5","NYSE"
"GJP","Synthetic Fixed-Income Securities, Inc. on behalf of STRATS (SM) Trust for Dominion Resources, Inc. Securities, Series 2005-6, Floating Rate Structure","NYSE"
"GJR","Synthetic Fixed-Income Securities, Inc. STRATS Trust for Procter&Gamble Securities, Series 2006-1","NYSE"
"GJS","Goldman Sachs Group Securities STRATS Trust for Goldman Sachs Group Securities, Series 2006-2","NYSE"
"GJT","Synthetic Fixed-Income Securities, Inc. Floating Rate Structured Repackaged Asset-Backed Trust Securities Certificates, Series 2006-3","NYSE"
"GJUL","FT Vest U.S. Equity Moderate Buffer ETF - July","BATS"
"GJUN","FT Vest U.S. Equity Moderate Buffer ETF - June","BATS"
"GK","AdvisorShares Gerber Kawasaki ETF","NYSEARCA"
"GKAT","Scharf Global Opportunity ETF","NASDAQ"
"GKOS","Glaukos Corporation","NYSE"
"GL","Globe Life Inc.","NYSE"
"GLAD","Gladstone Capital Corporation - Closed End Fund","NASDAQ"
"GLAM","Corgi Beauty, Skincare & Aesthetics ETF","BATS"
"GLBE","Global-E Online Ltd.","NASDAQ"
"GLBL","Pacer MSCI World Industry Advantage ETF","BATS"
"GLBS","Globus Maritime Limited","NASDAQ"
"GLCR","GlacierShares Nasdaq Iceland ETF","NASDAQ"
"GLD","SPDR Gold Shares","NYSEARCA"
"GLDB","IDX Alternative FIAT ETF","NASDAQ"
"GLDG","GoldMining Inc. Common Shares","AMEX"
"GLDI","ETRACS Gold Shares Covered Call ETNs due February 2, 2033","NASDAQ"
"GLDM","SPDR Gold MiniShares Trust","NYSEARCA"
"GLDN","Nicholas Gold Income ETF","NYSEARCA"
"GLDW","Roundhill Gold WeeklyPay ETF","BATS"
"GLDY","Defiance Gold Enhanced Options Income ETF","NASDAQ"
"GLE","Global Engine Group Holding Limited","NASDAQ"
"GLED","GalaxyEdge Acquisition Corporation","NYSE"
"GLED.R","GalaxyEdge Acquisition Corporation Rights to receive one-fourth (1/4) of one ordinary share","NYSE"
"GLED.U","GalaxyEdge Acquisition Corporation Units, each consisting of one Ordinary Share and one Right entitling the holder to receive 1/4th of one ordinary sh","NYSE"
"GLGG","Leverage Shares 2X Long GLXY Daily ETF","NASDAQ"
"GLIBA","Liberty Capital Corporation - Series A GCI Group","NASDAQ"
"GLIBK","Liberty Capital Corporation - Series C GCI Group","NASDAQ"
"GLIN","VanEck India Growth Leaders ETF","NYSEARCA"
"GLIX","Lazard Listed Infrastructure ETF","NYSEARCA"
"GLL","ProShares UltraShort Gold","NYSEARCA"
"GLMD","Galmed Pharmaceuticals Ltd.","NASDAQ"
"GLND","Greenland Energy Company","NASDAQ"
"GLNDW","Greenland Energy Company - Warrant","NASDAQ"
"GLNG","Golar LNG Limited - Common Shares","NASDAQ"
"GLNK","Grayscale Chainlink Trust ETF","NYSEARCA"
"GLO","Clough Global Opportunities Fund","AMEX"
"GLOB","Globant S.A. Common Shares","NYSE"
"GLOF","iShares Global Equity Factor ETF","NYSEARCA"
"GLOO","Gloo Holdings, Inc.","NASDAQ"
"GLOW","VictoryShares WestEnd Global Equity ETF","NASDAQ"
"GLP","Global Partners LP Common Units representing Limited Partner Interests","NYSE"
"GLPI","Gaming and Leisure Properties, Inc.","NASDAQ"
"GLQ","Clough Global Equity Fund Clough Global Equity Fund Common Shares of Beneficial Interest","AMEX"
"GLRE","Greenlight Reinsurance, Ltd.","NASDAQ"
"GLRY","Inspire Growth ETF","NYSEARCA"
"GLSI","Greenwich LifeSciences, Inc.","NASDAQ"
"GLTR","abrdn Physical Precious Metals Basket Shares ETF","NYSEARCA"
"GLU","Gabelli Global Utility Common Shares of Beneficial Ownership","AMEX"
"GLUE","Monte Rosa Therapeutics, Inc.","NASDAQ"
"GLV","Clough Global Dividend and Income Fund Common Shares of beneficial interest","AMEX"
"GLW","Corning Incorporated","NYSE"
"GLWG","Leverage Shares 2X Long GLW Daily ETF","NASDAQ"
"GLXG","Galaxy Payroll Group Limited","NASDAQ"
"GLXU","T-REX 2X Long GLXY Daily Target ETF","BATS"
"GLXY","Galaxy Digital Inc.","NASDAQ"
"GM","General Motors Company","NYSE"
"GMAB","Genmab A/S","NASDAQ"
"GMAR","FT Vest U.S. Equity Moderate Buffer ETF - March","BATS"
"GMAY","FT Vest U.S. Equity Moderate Buffer ETF - May","BATS"
"GME","GameStop Corporation","NYSE"
"GME.W","GameStop Corporation Warrants to Purchase","NYSE"
"GMED","Globus Medical, Inc. Class A","NYSE"
"GMEU","T-REX 2X Long GME Daily Target ETF","BATS"
"GMEX","GMEX ROBOTICS CORPORATION","NASDAQ"
"GMEY","YieldMax GME Option Income Strategy ETF","NYSEARCA"
"GMF","State Street SPDR S&P Emerging Asia Pacific ETF","NYSEARCA"
"GMHS","Gamehaus Holdings Inc.","NASDAQ"
"GMM","Global Mofy AI Limited","NASDAQ"
"GMMA","GammaRoad Market Navigation ETF","NYSEARCA"
"GMMF","iShares Government Money Market ETF","NYSE"
"GMNY","Goldman Sachs Dynamic New York Municipal Income ETF","NYSEARCA"
"GMOC","GMO Ultra-Short Income ETF","NYSEARCA"
"GMOD","GMO Dynamic Allocation ETF","NYSEARCA"
"GMOI","GMO International Value ETF","NYSEARCA"
"GMOM","Cambria Global Momentum ETF","BATS"
"GMOV","GMO US Value ETF","NYSEARCA"
"GMRS","GMR Solutions Inc. Class A","NYSE"
"GMTL","Guardian Metal Resources PLC ADS","AMEX"
"GMUB","Goldman Sachs Municipal Income ETF","NYSEARCA"
"GNE","Genie Energy Ltd. Class B Common Stock Stock","NYSE"
"GNK","Genco Shipping & Trading Limited Ordinary Shares New (Marshall Islands)","NYSE"
"GNL","Global Net Lease, Inc.","NYSE"
"GNLN","Greenlane Holdings, Inc.","NASDAQ"
"GNLX","Genelux Corporation","NASDAQ"
"GNMA","iShares GNMA Bond ETF","NASDAQ"
"GNMX","Corgi Genomics & Precision Medicine ETF","BATS"
"GNOM","Global X Genomics & Biotechnology ETF","NASDAQ"
"GNOV","FT Vest U.S. Equity Moderate Buffer ETF - November","BATS"
"GNPX","Genprex, Inc.","NASDAQ"
"GNR","State Street SPDR S&P Global Natural Resources ETF","NYSEARCA"
"GNRC","Generac Holdlings Inc.","NYSE"
"GNS","Genius Group Limited","AMEX"
"GNSS","Genasys Inc.","NASDAQ"
"GNT","GAMCO Natural Resources, Gold & Income Trust","NYSE"
"GNTA","Genenta Science S.p.A.","NASDAQ"
"GNTX","Gentex Corporation","NASDAQ"
"GNW","Genworth Financial Inc","NYSE"
"GO","Grocery Outlet Holding Corp.","NASDAQ"
"GOAI","Eva Live Inc.","NASDAQ"
"GOAU","US Global GO Gold and Precious Metal Miners ETF","NYSEARCA"
"GOCT","FT Vest U.S. Equity Moderate Buffer ETF - October","BATS"
"GOEX","Global X Gold Explorers ETF","NYSEARCA"
"GOF","Guggenheim Strategic Opportunities Fund Common Shares of Beneficial Interest","NYSE"
"GOGO","Gogo Inc.","NASDAQ"
"GOLD","Gold.com, Inc.","NYSE"
"GOLF","Acushnet Holdings Corp.","NYSE"
"GOLS","Gabelli Opportunities in Live and Sports ETF","NYSEARCA"
"GOLY","Strategy Shares Gold Enhanced Yield ETF","BATS"
"GOOD","Gladstone Commercial Corporation - Real Estate Investment Trust","NASDAQ"
"GOODN","Gladstone Commercial Corporation - 6.625% Series E Cumulative Redeemable Preferred Stock","NASDAQ"
"GOODO","Gladstone Commercial Corporation - 6.00% Series G Cumulative Redeemable Preferred Stock, par value $0.001 per share","NASDAQ"
"GOOG","Alphabet Inc.","NASDAQ"
"GOOGL","Alphabet Inc.","NASDAQ"
"GOOGM","Alphabet Inc. - Depositary Shares representing a 1/20th Interest in a Share of Series A Mandatory Convertible Preferred Stock","NASDAQ"
"GOOGN","Alphabet Inc. - Depositary Shares representing a 1/20th Interest in a Share of Series B Mandatory Convertible Preferred Stock","NASDAQ"
"GOOP","Kurv Yield Premium Strategy Google (GOOGL) ETF","BATS"
"GOOS","Canada Goose Holdings Inc. Subordinate Voting Shares","NYSE"
"GOOW","Roundhill GOOGL WeeklyPay ETF","BATS"
"GOOX","T-Rex 2X Long Alphabet Daily Target ETF","BATS"
"GOOY","YieldMax GOOGL Option Income Strategy ETF","NYSEARCA"
"GOP","Unusual Whales Subversive Republican Trading ETF","BATS"
"GORO","Gold Resource Corporation","AMEX"
"GOSS","Gossamer Bio, Inc.","NASDAQ"
"GOTU","Gaotu Techedu Inc. American Depositary Shares","NYSE"
"GOU","GraniteShares 2x Long GOOGL Daily ETF","NASDAQ"
"GOVI","Invesco Equal Weight 0-30 Year Treasury ETF","NASDAQ"
"GOVM","iShares 1-10 Year Treasury Bond ETF","BATS"
"GOVT","iShares U.S. Treasury Bond ETF","BATS"
"GOVX","GeoVax Labs, Inc.","NASDAQ"
"GOVZ","iShares 25  Year Treasury STRIPS Bond ETF","BATS"
"GP","GreenPower Motor Company Inc. - Common Shares","NASDAQ"
"GPAC","General Purpose Acquisition Corp.","NASDAQ"
"GPACU","General Purpose Acquisition Corp. - Units","NASDAQ"
"GPACW","General Purpose Acquisition Corp. - Warrant","NASDAQ"
"GPAT","GP-Act III Acquisition Corp.","NASDAQ"
"GPATU","GP-Act III Acquisition Corp. - Units","NASDAQ"
"GPATW","GP-Act III Acquisition Corp. - Warrants","NASDAQ"
"GPC","Genuine Parts Company","NYSE"
"GPCR","Structure Therapeutics Inc.","NASDAQ"
"GPGI","GPGI, Inc. Class A","NYSE"
"GPI","Group 1 Automotive, Inc.","NYSE"
"GPIQ","Goldman Sachs Nasdaq-100 Premium Income ETF","NASDAQ"
"GPIX","Goldman Sachs S&P 500 Premium Income ETF","NASDAQ"
"GPJA","Georgia Power Company Series 2017A 5.00% Junior Subordinated Notes due October 1, 2077","NYSE"
"GPK","Graphic Packaging Holding Company","NYSE"
"GPMT","Granite Point Mortgage Trust Inc.","NYSE"
"GPN","Global Payments Inc.","NYSE"
"GPOR","Gulfport Energy Corporation Common Shares","NYSE"
"GPRE","Green Plains, Inc.","NASDAQ"
"GPRF","Goldman Sachs Access U.S. Preferred Stock and Hybrid Securities ETF","NASDAQ"
"GPRK","Geopark Ltd Common Shares","NYSE"
"GPRO","GoPro, Inc.","NASDAQ"
"GPT","Intelligent Alpha Atlas ETF","NASDAQ"
"GPTY","YieldMax AI & Tech Portfolio Option Income ETF","NYSEARCA"
"GPUS","Hyperscale Data, Inc.","AMEX"
"GPZ","VanEck Alternative Asset Manager ETF","NYSEARCA"
"GQGU","GQG US Equity ETF","NYSEARCA"
"GQI","Natixis Gateway Quality Income ETF","NYSEARCA"
"GQQQ","Astoria US Quality Growth Kings ETF","NASDAQ"
"GQRE","FlexShares Global Quality Real Estate Index Fund","NYSEARCA"
"GRAB","Grab Holdings Limited","NASDAQ"
"GRABW","Grab Holdings Limited - Warrant","NASDAQ"
"GRAF","Graf Global Corp. Class A","AMEX"
"GRAF.U","Graf Global Corp. Units, each consisting of one Class A ordinary share and one-half of one redeemable warrant","AMEX"
"GRAF.W","Graf Global Corp. Warrants, each whole warrant exercisable for one Class A ordinary share at an exercise price of $11.50 per share","AMEX"
"GRAG","Leverage Shares 2X Long GRAB Daily ETF","NASDAQ"
"GRAL","GRAIL, Inc.","NASDAQ"
"GRAN","Grande Group Limited","NASDAQ"
"GRBK","Green Brick Partners, Inc.","NYSE"
"GRC","Gorman-Rupp Company (The)","NYSE"
"GRCE","Grace Therapeutics, Inc.","NASDAQ"
"GRDN","Guardian Pharmacy Services, Inc. Class A","NYSE"
"GRDX","GridAI Technologies Corp.","NASDAQ"
"GREE","Greenidge Generation Holdings Inc.","NASDAQ"
"GREEL","Greenidge Generation Holdings Inc. - 8.50% Senior Notes due 2026","NASDAQ"
"GREK","Global X MSCI Greece ETF","NYSEARCA"
"GRF","Eagle Capital Growth Fund, Inc.","AMEX"
"GRFS","Grifols, S.A.","NASDAQ"
"GRI","GRI Bio, Inc.","NASDAQ"
"GRID","First Trust NASDAQ Clean Edge Smart Grid Infrastructure Index Fund","NASDAQ"
"GRIN","VictoryShares International Free Cash Flow Growth ETF","NASDAQ"
"GRML","Greenland Mines Ltd","NASDAQ"
"GRMLW","Greenland Mines Ltd - Warrants","NASDAQ"
"GRMN","Garmin Ltd. Common Stock (Switzerland)","NYSE"
"GRN","iPath Series B Carbon Exchange-Traded Notes","NYSEARCA"
"GRNB","VanEck Green Bond ETF","NYSEARCA"
"GRND","Grindr Inc.","NYSE"
"GRNI","Fundstrat Granny Shots US Large Cap & Income ETF","NYSEARCA"
"GRNJ","Fundstrat Granny Shots US Small- & Mid-Cap ETF","NYSEARCA"
"GRNQ","Greenpro Capital Corp.","NASDAQ"
"GRNT","Granite Ridge Resources, Inc.","NYSE"
"GRNY","Fundstrat Granny Shots US Large Cap ETF","NYSEARCA"
"GRO","Brazil Potash Corp. Common Shares","AMEX"
"GROV","Grove Collaborative Holdings, Inc. Class A","NYSE"
"GROW","U.S. Global Investors, Inc.","NASDAQ"
"GROY","Gold Royalty Corp. Common Shares","AMEX"
"GROY.W","Gold Royalty Corp. Warrants","AMEX"
"GROZ","Zacks Focus Growth ETF","BATS"
"GRPM","Invesco S&P MidCap 400 GARP ETF","NYSEARCA"
"GRPN","Groupon, Inc.","NASDAQ"
"GRPZ","Invesco S&P SmallCap 600 GARP ETF","NYSEARCA"
"GRRR","Gorilla Technology Group Inc.","NASDAQ"
"GRRRW","Gorilla Technology Group Inc. - Warrant","NASDAQ"
"GRVY","GRAVITY Co., Ltd.","NASDAQ"
"GRW","TCW Durable Growth ETF","NASDAQ"
"GRWG","GrowGeneration Corp.","NASDAQ"
"GRX","The Gabelli Healthcare & Wellness Trust Common Shares of Beneficial Interest","NYSE"
"GS","Goldman Sachs Group, Inc. (The)","NYSE"
"GSAT","Globalstar, Inc.","NASDAQ"
"GSBC","Great Southern Bancorp, Inc.","NASDAQ"
"GSBD","Goldman Sachs BDC, Inc.","NYSE"
"GSC","Goldman Sachs Small Cap Equity ETF","NYSEARCA"
"GSEE","Goldman Sachs MarketBeta Emerging Markets Equity ETF","BATS"
"GSEP","FT Vest U.S. Equity Moderate Buffer ETF - September","BATS"
"GSEU","Goldman Sachs ActiveBeta Europe Equity ETF","NYSEARCA"
"GSEW","Goldman Sachs Equal Weight U.S. Large Cap Equity ETF","BATS"
"GSG","iShares GSCI Commodity-Indexed Trust Fund","NYSEARCA"
"GSGO","Goldman Sachs Growth Opportunities ETF","NASDAQ"
"GSHD","Goosehead Insurance, Inc.","NASDAQ"
"GSHR","Gesher Acquisition Corp. II","NASDAQ"
"GSHRU","Gesher Acquisition Corp. II - Units","NASDAQ"
"GSHRW","Gesher Acquisition Corp. II - Warrants","NASDAQ"
"GSIB","Themes Global Systemically Important Banks ETF","NASDAQ"
"GSID","Goldman Sachs MarketBeta International Equity ETF","BATS"
"GSIE","Goldman Sachs ActiveBeta International Equity ETF","NYSEARCA"
"GSIT","GSI Technology, Inc.","NASDAQ"
"GSIW","Garden Stage Limited","NASDAQ"
"GSJY","Goldman Sachs ActiveBeta Japan Equity ETF","NYSEARCA"
"GSK","GSK plc American Depositary Shares (Each representing two Ordinary Shares)","NYSE"
"GSKH","GSK plc ADRhedged","NYSEARCA"
"GSL","Global Ship Lease Inc New Class A Common Shares","NYSE"
"GSLC","Goldman Sachs ActiveBeta U.S. Large Cap Equity ETF","NYSEARCA"
"GSM","Ferroglobe PLC","NASDAQ"
"GSOL","Grayscale Solana Staking ETF","NYSEARCA"
"GSPY","Gotham Enhanced 500 ETF","NYSEARCA"
"GSRF","GSR IV Acquisition Corp.","NASDAQ"
"GSRFR","GSR IV Acquisition Corp. - Rights","NASDAQ"
"GSRFU","GSR IV Acquisition Corp. - Units","NASDAQ"
"GSRVU","GSR V Acquisition Corp. - Units","NASDAQ"
"GSSC","GS ActiveBeta U.S. Small Cap Equity ETF","NYSEARCA"
"GSST","Goldman Sachs Ultra Short Bond ETF","BATS"
"GSUI","Grayscale Sui Staking ETF","NYSEARCA"
"GSUN","Golden Sun Technology Group Limited","NASDAQ"
"GSUS","Goldman Sachs MarketBeta U.S. Equity ETF","BATS"
"GSWO","Goldman Sachs ActiveBeta World Equity ETF","BATS"
"GSY","Invesco Ultra Short Duration ETF","NYSEARCA"
"GT","The Goodyear Tire & Rubber Company","NASDAQ"
"GTBP","GT Biopharma, Inc.","NASDAQ"
"GTE","Gran Tierra Energy Inc.","AMEX"
"GTEC","Greenland Technologies Holding Corporation","NASDAQ"
"GTEK","Goldman Sachs Future Tech Leaders Equity ETF","NYSEARCA"
"GTEN","Gores Holdings X, Inc.","NASDAQ"
"GTENU","Gores Holdings X, Inc. - Units","NASDAQ"
"GTENW","Gores Holdings X, Inc. - Warrants","NASDAQ"
"GTERA","Globa Terra Acquisition Corporation","NASDAQ"
"GTERR","Globa Terra Acquisition Corporation - Rights","NASDAQ"
"GTERU","Globa Terra Acquisition Corporation - Units","NASDAQ"
"GTERW","Globa Terra Acquisition Corporation - Warrants","NASDAQ"
"GTES","Gates Industrial Corporation plc","NYSE"
"GTIM","Good Times Restaurants Inc.","NASDAQ"
"GTIP","Goldman Sachs Access Inflation Protected USD Bond ETF","BATS"
"GTLB","GitLab Inc.","NASDAQ"
"GTLS","Chart Industries, Inc.","NYSE"
"GTM","ZoomInfo Technologies Inc.","NASDAQ"
"GTN","Gray Media, Inc.","NYSE"
"GTN.A","Gray Media, Inc. Class A","NYSE"
"GTND","Goaltender ETF","NYSEARCA"
"GTO","Invesco Total Return Bond ETF","NYSEARCA"
"GTOC","Invesco Core Fixed Income ETF","BATS"
"GTOH","Invesco Short Duration High Yield ETF","BATS"
"GTOP","Goldman Sachs Technology Opportunities ETF","NASDAQ"
"GTOQ","Invesco High Yield Systematic Bond ETF","NASDAQ"
"GTOS","Invesco Short Duration Total Return Bond ETF","BATS"
"GTPE","Goldman Sachs MSCI World Private Equity Return Tracker ETF","NASDAQ"
"GTR","WisdomTree Target Range Fund","NASDAQ"
"GTX","Garrett Motion Inc.","NASDAQ"
"GTY","Getty Realty Corporation","NYSE"
"GUACU","Berto Acquisition Corp. II - Units","NASDAQ"
"GUG","Guggenheim Active Allocation Fund Common Shares of Beneficial Interest","NYSE"
"GUMI","Goldman Sachs Ultra Short Municipal Income ETF","NYSEARCA"
"GUNR","FlexShares Global Upstream Natural Resources Index Fund ETF","NYSEARCA"
"GURE","Gulf Resources, Inc.","NASDAQ"
"GURU","Global X Guru Index ETF","NYSEARCA"
"GUSA","Goldman Sachs MarketBeta U.S. 1000 Equity ETF","NYSEARCA"
"GUSE","Goldman Sachs Enhanced U.S. Equity ETF","NASDAQ"
"GUSH","Direxion Daily S&P Oil & Gas Exp. & Prod. Bull 2X ETF","NYSEARCA"
"GUT","Gabelli Utility Trust (The)","NYSE"
"GUTS","Fractyl Health, Inc.","NASDAQ"
"GV","Visionary Holdings Inc. - Common Shares","NASDAQ"
"GVA","Granite Construction Incorporated","NYSE"
"GVAL","Cambria Global Value ETF","BATS"
"GVH","Globavend Holdings Limited - Ord Shares","NASDAQ"
"GVI","iShares Intermediate Government/Credit Bond ETF","BATS"
"GVIP","Goldman Sachs Hedge Industry VIP ETF","NYSEARCA"
"GVLE","Goldman Sachs Value Opportunities ETF","NASDAQ"
"GVLU","Gotham 1000 Value ETF","NYSEARCA"
"GVUS","Goldman Sachs MarketBeta Russell 1000 Value Equity ETF","NYSEARCA"
"GWAV","Greenwave Technology Solutions, Inc.","NASDAQ"
"GWH","ESS Tech, Inc.","NYSE"
"GWH.W","ESS Tech, Inc. Warrant","NYSE"
"GWRE","Guidewire Software, Inc.","NYSE"
"GWRS","Global Water Resources, Inc.","NASDAQ"
"GWW","W.W. Grainger, Inc.","NYSE"
"GWX","State Street SPDR S&P International Small Cap ETF","NYSEARCA"
"GXAI","Gaxos.ai Inc.","NASDAQ"
"GXC","State Street SPDR S&P China ETF","NYSEARCA"
"GXDW","Global X Dorsey Wright Thematic ETF","NASDAQ"
"GXIG","Global X Investment Grade Corporate Bond ETF","NYSEARCA"
"GXLC","Global X U.S. 500 ETF","NYSEARCA"
"GXO","GXO Logistics, Inc.","NYSE"
"GXPC","Global X PureCap MSCI Communication Services ETF","NYSEARCA"
"GXPD","Global X PureCap MSCI Consumer Discretionary ETF","NYSEARCA"
"GXPE","Global X PureCap MSCI Energy ETF","NYSEARCA"
"GXPS","Global X PureCap MSCI Consumer Staples ETF","NYSEARCA"
"GXPT","Global X PureCap MSCI Information Technology ETF","NYSEARCA"
"GXRP","Grayscale XRP Trust ETF","NYSEARCA"
"GXUS","Goldman Sachs MarketBeta Total International Equity ETF","NYSEARCA"
"GYLD","Arrow Dow Jones Global Yield ETF ETF","NYSE"
"GYRE","Gyre Therapeutics, Inc.","NASDAQ"
"GYRO","Gyrodyne , LLC","NASDAQ"
"H","Hyatt Hotels Corporation Class A","NYSE"
"HACK","Amplify Cybersecurity ETF","NYSEARCA"
"HACQ","HCM IV Acquisition Corp.","NASDAQ"
"HACQU","HCM IV Acquisition Corp. - Unit","NASDAQ"
"HACQW","HCM IV Acquisition Corp. - Warrants","NASDAQ"
"HAE","Haemonetics Corporation","NYSE"
"HAFC","Hanmi Financial Corporation","NASDAQ"
"HAFN","Hafnia Limited Common Shares","NYSE"
"HAIL","State Street SPDR S&P Kensho Smart Mobility ETF","NYSEARCA"
"HAIN","The Hain Celestial Group, Inc.","NASDAQ"
"HAKY","Amplify HACK Cybersecurity Covered Call ETF","NYSEARCA"
"HAL","Halliburton Company","NYSE"
"HALO","Halozyme Therapeutics, Inc.","NASDAQ"
"HALX","Tuttle Capital Heavy Assets Low Obsolescence ETF","BATS"
"HAO","Haoxi Health Technology Limited","NASDAQ"
"HAP","VanEck Natural Resources ETF","NYSEARCA"
"HAPI","Harbor Human Capital Factor US Large Cap ETF","NYSEARCA"
"HAPN","Happen, Inc.","NASDAQ"
"HAPS","Harbor Human Capital Factor US Small Cap ETF","NYSEARCA"
"HARD","Simplify Commodities Strategy No K-1 ETF","NYSEARCA"
"HAS","Hasbro, Inc.","NASDAQ"
"HASI","HA Sustainable Infrastructure Capital, Inc.","NYSE"
"HAUS","Residential REIT ETF","BATS"
"HAUZ","Xtrackers International Real Estate ETF","NYSEARCA"
"HAVA","Harvard Ave Acquisition Corporation","NASDAQ"
"HAVAR","Harvard Ave Acquisition Corporation - Rights that convert on a 1/10th of 1 basis to Class A","NASDAQ"
"HAVAU","Harvard Ave Acquisition Corporation - Unit","NASDAQ"
"HAWK","HawkEye 360, Inc.","NYSE"
"HAWX","iShares Currency Hedged MSCI ACWI ex U.S. ETF","NYSEARCA"
"HAYW","Hayward Holdings, Inc.","NYSE"
"HBAN","Huntington Bancshares Incorporated","NASDAQ"
"HBANL","Huntington Bancshares Incorporated - Depositary Shares, Each Representing a 1/40th Interest in a Share of 6.875% Series J Non-Cumulative Perpetual Pre","NASDAQ"
"HBANM","Huntington Bancshares Incorporated - Depositary Shares each representing a 1/1000th interest in a share of Huntington Series I Preferred Stock","NASDAQ"
"HBANP","Huntington Bancshares Incorporated - Depositary Shares 4.500% Series H Non-Cumulative Perpetual Preferred Stock","NASDAQ"
"HBANZ","Huntington Bancshares Incorporated - Depositary Shares, Each Representing a 1/1000th Interest in a Share of 5.50% Series L Non-Cumulative Perpetual Pr","NASDAQ"
"HBB","Hamilton Beach Brands Holding Company Class A","NYSE"
"HBCP","Home Bancorp, Inc.","NASDAQ"
"HBDC","Hilton BDC Corporate Bond ETF","NASDAQ"
"HBIO","Harvard Bioscience, Inc.","NASDAQ"
"HBM","Hudbay Minerals Inc. Ordinary Shares (Canada)","NYSE"
"HBMX","Tuttle Capital Concentrated Memory Stack ETF","BATS"
"HBNB","Hotel101 Global Holdings Corp.","NASDAQ"
"HBNC","Horizon Bancorp, Inc.","NASDAQ"
"HBR","Canary HBAR ETF","NASDAQ"
"HBRD","Invesco U.S. Hybrid Bond ETF","NYSEARCA"
"HBT","HBT Financial, Inc.","NASDAQ"
"HBTA","Horizon Expedition Plus ETF","NYSEARCA"
"HBTC","Fortuna Hedged Bitcoin ETF","BATS"
"HCA","HCA Healthcare, Inc.","NYSE"
"HCAC","Hall Chadwick Acquisition Corp.","NASDAQ"
"HCACR","Hall Chadwick Acquisition Corp. - Rights","NASDAQ"
"HCACU","Hall Chadwick Acquisition Corp. - Unit","NASDAQ"
"HCAI","Huachen AI Parking Management Technology Holding Co., Ltd.","NASDAQ"
"HCAT","Health Catalyst, Inc","NASDAQ"
"HCC","Warrior Met Coal, Inc.","NYSE"
"HCHL","Happy City Holdings Limited","NASDAQ"
"HCI","HCI Group, Inc.","NYSE"
"HCIC","Hennessy Capital Investment Corp. VIII","NASDAQ"
"HCICR","Hennessy Capital Investment Corp. VIII - Share Rights","NASDAQ"
"HCICU","Hennessy Capital Investment Corp. VIII - Units","NASDAQ"
"HCKT","The Hackett Group, Inc.","NASDAQ"
"HCM","HUTCHMED (China) Limited","NASDAQ"
"HCMA","HCM III Acquisition Corp.","NASDAQ"
"HCMAU","HCM III Acquisition Corp. - Units","NASDAQ"
"HCMAW","HCM III Acquisition Corp. - Warrants","NASDAQ"
"HCMT","Direxion HCM Tactical Enhanced US ETF","NYSEARCA"
"HCOW","Amplify COWS Covered Call ETF","NASDAQ"
"HCRB","Hartford Core Bond ETF","BATS"
"HCSG","Healthcare Services Group, Inc.","NASDAQ"
"HCTI","Healthcare Triangle, Inc.","NASDAQ"
"HCWB","HCW Biologics Inc.","NASDAQ"
"HCWC","Healthy Choice Wellness Corp. Class A","AMEX"
"HCXY","Hercules Capital, Inc. 6.25% Notes due 2033","NYSE"
"HD","Home Depot, Inc. (The)","NYSE"
"HDB","HDFC Bank Limited","NYSE"
"HDEF","Xtrackers MSCI EAFE High Dividend Yield Equity ETF","NYSEARCA"
"HDG","ProShares Hedge Replication ETF","NYSEARCA"
"HDGE","Ranger Equity Bear Bear ETF","NYSEARCA"
"HDL","SUPER HI INTERNATIONAL HOLDING LTD.","NASDAQ"
"HDLB","ETRACS Monthly Pay 2xLeveraged US High Dividend Low Volatility ETN Series B due September 30, 2044","NYSEARCA"
"HDMV","First Trust Horizon Managed Volatility Developed International ETF","NYSEARCA"
"HDRN","Hadron Energy, Inc.","NASDAQ"
"HDRNW","Hadron Energy, Inc. - Warrant","NASDAQ"
"HDSN","Hudson Technologies, Inc.","NASDAQ"
"HDUS","Hartford Disciplined US Equity ETF","NYSEARCA"
"HDV","iShares Core High Dividend ETF","NYSEARCA"
"HE","Hawaiian Electric Industries, Inc.","NYSE"
"HEAL","Global X HealthTech ETF","NASDAQ"
"HECA","Hedgeye Capital Allocation ETF","NYSEARCA"
"HECO","State Street Galaxy Hedged Digital Asset Ecosystem ETF","NASDAQ"
"HEDG","Equable Shares Hedged Equity ETF","NYSEARCA"
"HEDJ","WisdomTree Europe Hedged Equity Fund","NYSEARCA"
"HEEM","iShares Currency Hedged MSCI Emerging Markets ETF","BATS"
"HEFA","iShares Currency Hedged MSCI EAFE ETF","BATS"
"HEFT","Hedgeye Fourth Turning ETF","NYSEARCA"
"HEGD","Swan Hedged Equity US Large Cap ETF","BATS"
"HEI","Heico Corporation","NYSE"
"HEI.A","Heico Corporation","NYSE"
"HELE","Helen of Troy Limited","NASDAQ"
"HELO","JPMorgan Hedged Equity Laddered Overlay ETF","NYSEARCA"
"HELP","Cybin Inc.","NASDAQ"
"HELS","Hedgeye 130/30 Equity ETF","NYSEARCA"
"HELX","Franklin Genomic Advancements ETF","BATS"
"HEMI","Hartford Equity Premium Income ETF","BATS"
"HEPS","D-Market Electronic Services & Trading","NASDAQ"
"HEQ","John Hancock Diversified Income Fund Common Shares of Beneficial Interest","NYSE"
"HEQQ","JPMorgan Nasdaq Hedged Equity Laddered Overlay ETF","NASDAQ"
"HEQT","Simplify Hedged Equity ETF","NYSEARCA"
"HERD","Pacer Cash Cows Fund of Funds ETF","NASDAQ"
"HERE","Here Group Limited","NASDAQ"
"HERO","Global X Video Games & Esports ETF","NASDAQ"
"HERZ","Herzfeld Credit Income Fund, Inc.  - Closed End Fund","NASDAQ"
"HESM","Hess Midstream LP Class A Representing Limited Partner Interests","NYSE"
"HEWJ","iShares Currency Hedged MSCI Japan ETF","NYSEARCA"
"HEZU","iShares Currency Hedged MSCI Eurozone ETF","NYSEARCA"
"HF","DGA Core Plus Absolute Return ETF","NYSE"
"HFBL","Home Federal Bancorp, Inc. of Louisiana","NASDAQ"
"HFEQ","Unlimited HFEQ Equity Long/Short ETF","NYSE"
"HFFG","HF Foods Group Inc.","NASDAQ"
"HFGM","Unlimited HFGM Global Macro ETF","NYSE"
"HFGO","Hartford Large Cap Growth ETF","BATS"
"HFMF","Unlimited HFMF Managed Futures ETF","NYSE"
"HFND","Unlimited HFND Multi-Strategy Return Tracker ETF","NYSE"
"HFRO","Highland Opportunities and Income Fund Common Shares of Beneficial Interest","NYSE"
"HFSI","Hartford Strategic Income ETF","BATS"
"HFSP","TradersAI Large Cap Equity & Cash ETF","NASDAQ"
"HFWA","Heritage Financial Corporation","NASDAQ"
"HFXI","NYLI FTSE International Equity Currency Neutral ETF","NYSEARCA"
"HG","Hamilton Insurance Group, Ltd. Class B Common Shares","NYSE"
"HGBL","Heritage Global Inc.","NASDAQ"
"HGER","Harbor Commodity All-Weather Strategy ETF","NYSE"
"HGLB","Highland Global Allocation Fund","NYSE"
"HGRO","Hedgeye Quality Growth ETF","NYSEARCA"
"HGTY","Hagerty, Inc. Class A","NYSE"
"HGV","Hilton Grand Vacations Inc.","NYSE"
"HHH","Howard Hughes Holdings Inc.","NYSE"
"HHS","Harte Hanks, Inc.","NASDAQ"
"HIBL","Direxion Daily S&P 500 High Beta Bull 3X ETF","NYSEARCA"
"HIBS","Direxion Daily S&P 500 High Beta Bear 3X ETF","NYSEARCA"
"HIDE","Alpha Architect High Inflation and Deflation ETF","NASDAQ"
"HIDV","AB US High Dividend ETF","NYSEARCA"
"HIFS","Hingham Institution for Savings","NASDAQ"
"HIG","The Hartford Insurance Group, Inc.","NYSE"
"HIGH","Simplify Enhanced Income ETF","NYSEARCA"
"HIHO","Highway Holdings Limited","NASDAQ"
"HII","Huntington Ingalls Industries, Inc.","NYSE"
"HIMS","Hims & Hers Health, Inc. Class A","NYSE"
"HIMU","iShares High Yield Muni Active ETF","BATS"
"HIMX","Himax Technologies, Inc.","NASDAQ"
"HIMZ","Defiance Daily Target 2X Long HIMS ETF","NASDAQ"
"HIND","Vyome Holdings, Inc.","NASDAQ"
"HIO","Western Asset High Income Opportunity Fund, Inc.","NYSE"
"HIPO","Hippo Holdings Inc.","NYSE"
"HIPS","GraniteShares HIPS US High Income ETF","NYSEARCA"
"HIS","Humilis US Focused Opportunities ETF","NASDAQ"
"HISF","First Trust High Income Strategic Focus ETF","NASDAQ"
"HIT","Health In Tech, Inc.","NASDAQ"
"HITI","High Tide Inc. - Common Shares","NASDAQ"
"HIVE","HIVE Digital Technologies Ltd - Common Shares","NASDAQ"
"HIW","Highwoods Properties, Inc.","NYSE"
"HIX","Western Asset High Income Fund II Inc.","NYSE"
"HIYY","YieldMax HIMS Option Income Strategy ETF","NYSEARCA"
"HJUN","Corgi U.S. Equities 100% Structured Buffer ETF - June Series","BATS"
"HKD","AMTD Digital Inc. American Depositary Shares (every five of which represent two Class A Ordinary Shares)","NYSE"
"HKIT","Hitek Global Inc.","NASDAQ"
"HKPD","Cellyan Biotechnology Co., Ltd","NASDAQ"
"HL","Hecla Mining Company","NYSE"
"HLAL","Wahed FTSE USA Shariah ETF","NASDAQ"
"HLF","Herbalife Ltd. Common Shares","NYSE"
"HLI","Houlihan Lokey, Inc. Class A","NYSE"
"HLIO","Helios Technologies, Inc.","NYSE"
"HLIT","Harmonic Inc.","NASDAQ"
"HLLY","Holley Inc.","NYSE"
"HLLY.W","Holley Inc. Warrants","NYSE"
"HLMN","Hillman Solutions Corp.","NASDAQ"
"HLN","Haleon plc American Depositary Shares (Each representing two Ordinary Shares)","NYSE"
"HLNE","Hamilton Lane Incorporated","NASDAQ"
"HLP","Hongli Group Inc.","NASDAQ"
"HLT","Hilton Worldwide Holdings Inc.","NYSE"
"HLX","Helix Energy Solutions Group, Inc.","NYSE"
"HLXC","Helix Acquisition Corp. III","NASDAQ"
"HMAY","Corgi U.S. Equities 100% Structured Buffer ETF - May Series","BATS"
"HMC","Honda Motor Company, Ltd.","NYSE"
"HMH","HMH Holding Inc.","NASDAQ"
"HMN","Horace Mann Educators Corporation","NYSE"
"HMOP","Hartford Municipal Opportunities ETF","NYSEARCA"
"HMR","Heidmar Maritime Holdings Corp.","NASDAQ"
"HMY","Harmony Gold Mining Company Limited","NYSE"
"HMYY","GraniteShares YieldBoost HIMS ETF","NASDAQ"
"HNDL","Strategy Shares Nasdaq 7HANDL Index ETF","NASDAQ"
"HNGE","Hinge Health, Inc. Class A","NYSE"
"HNI","HNI Corporation","NYSE"
"HNNA","Hennessy Advisors, Inc.","NASDAQ"
"HNNAZ","Hennessy Advisors, Inc. - 4.875% Notes due 2026","NASDAQ"
"HNRG","Hallador Energy Company","NASDAQ"
"HNST","The Honest Company, Inc.","NASDAQ"
"HNVR","Hanover Bancorp, Inc.","NASDAQ"
"HODL","VanEck Bitcoin Trust","BATS"
"HODU","Direxion Daily HOOD Bull 2X ETF","NASDAQ"
"HOFT","Hooker Furnishings Corporation","NASDAQ"
"HOG","Harley-Davidson, Inc.","NYSE"
"HOLA","JPMorgan International Hedged Equity Laddered Overlay ETF","NYSEARCA"
"HOLD","Harbor Alpha Layering ETF","NYSEARCA"
"HOLO","MicroCloud Hologram Inc.","NASDAQ"
"HOLOW","MicroCloud Hologram Inc. - Warrant","NASDAQ"
"HOMB","Home BancShares, Inc.","NYSE"
"HOMZ","Hoya Capital Housing ETF","NYSEARCA"
"HON","Honeywell International Inc.","NASDAQ"
"HONAV","Honeywell Aerospace Inc.","NASDAQ"
"HONG","Leverage Shares 2X Long HON Daily ETF","BATS"
"HONIV","Honeywell International Inc. - Common Stock Ex Distribution When Issued","NASDAQ"
"HOOD","Robinhood Markets, Inc.","NASDAQ"
"HOOG","Leverage Shares 2X Long HOOD Daily ETF","NASDAQ"
"HOOW","Roundhill HOOD WeeklyPay ETF","BATS"
"HOOX","Defiance Daily Target 2X Long HOOD ETF","NASDAQ"
"HOOY","YieldMax HOOD Option Income Strategy ETF","NYSEARCA"
"HOOZ","Defiance Daily Target 2X Short HOOD ETF","NYSEARCA"
"HOPE","Hope Bancorp, Inc.","NASDAQ"
"HOUR","Hour Loop, Inc.","NASDAQ"
"HOV","Hovnanian Enterprises, Inc. Class A","NYSE"
"HOVNP","Hovnanian Enterprises Inc - Depositary Share representing 1/1000th of 7.625% Series A Preferred Stock","NASDAQ"
"HOVR","New Horizon Aircraft Ltd.","NASDAQ"
"HOVRW","New Horizon Aircraft Ltd. - Warrant","NASDAQ"
"HOWL","Werewolf Therapeutics, Inc.","NASDAQ"
"HOYY","GraniteShares YieldBOOST HOOD ETF","NASDAQ"
"HP","Helmerich & Payne, Inc.","NYSE"
"HPAI","Helport AI Limited","NASDAQ"
"HPAIW","Helport AI Limited - Warrants","NASDAQ"
"HPE","Hewlett Packard Enterprise Company","NYSE"
"HPEL","Leverage Shares 2X Long HPE Daily ETF","BATS"
"HPF","John Hancock Pfd Income Fund II Pfd Income Fund II","NYSE"
"HPI","John Hancock Preferred Income Fund Common Shares of Beneficial Interest","NYSE"
"HPK","HighPeak Energy, Inc.","NASDAQ"
"HPP","Hudson Pacific Properties, Inc.","NYSE"
"HPQ","HP Inc.","NYSE"
"HPS","John Hancock Preferred Income Fund III Preferred Income Fund III","NYSE"
"HQ","Horizon Quantum Holdings Ltd.","NASDAQ"
"HQGO","Hartford US Quality Growth ETF","NASDAQ"
"HQH","abrdn Healthcare Investors Shares of Beneficial Interest","NYSE"
"HQI","HireQuest, Inc.","NASDAQ"
"HQL","abrdn Life Sciences Investors Shares of Beneficial Interest","NYSE"
"HQWWW","Horizon Quantum Holdings Ltd. - Warrant","NASDAQ"
"HQY","HealthEquity, Inc.","NASDAQ"
"HR","Healthcare Realty Trust Incorporated","NYSE"
"HRB","H&R Block, Inc.","NYSE"
"HRI","Herc Holdings Inc.","NYSE"
"HRL","Hormel Foods Corporation","NYSE"
"HRMY","Harmony Biosciences Holdings, Inc.","NASDAQ"
"HROW","Harrow, Inc.","NASDAQ"
"HRSK","Toews Agility Shares Hedged Risk ETF","NYSEARCA"
"HRTG","Heritage Insurance Holdings, Inc.","NYSE"
"HRTS","Tema Heart & Health ETF","NASDAQ"
"HRTX","Heron Therapeutics, Inc.","NASDAQ"
"HRZN","Horizon Technology Finance Corporation","NASDAQ"
"HSAI","Hesai Group - American Depositary Share, each ADS represents one Class B ordinary share","NASDAQ"
"HSBC","HSBC Holdings, plc.","NYSE"
"HSBH","HSBC Holdings plc ADRhedged","NYSEARCA"
"HSCS","HeartSciences Inc.","NASDAQ"
"HSCSW","HeartSciences Inc. - Warrant","NASDAQ"
"HSCZ","iShares Currency Hedged MSCI EAFE Small-Cap ETF","NYSEARCA"
"HSDT","Solana Company","NASDAQ"
"HSHP","Himalaya Shipping Ltd. Common Shares","NYSE"
"HSIC","Henry Schein, Inc.","NASDAQ"
"HSLV","Highlander Silver Corp. Common Shares","AMEX"
"HSMV","First Trust Horizon Managed Volatility Small/Mid ETF","NYSEARCA"
"HST","Host Hotels & Resorts, Inc.","NASDAQ"
"HSTM","HealthStream, Inc.","NASDAQ"
"HSY","The Hershey Company","NYSE"
"HTAB","Hartford Schroders Tax-Aware Bond ETF","NYSEARCA"
"HTAX","Nomura National High-Yield Municipal Bond ETF","NYSEARCA"
"HTB","HomeTrust Bancshares, Inc.","NYSE"
"HTCO","High-Trend International Group","NASDAQ"
"HTCR","Heartcore Enterprises, Inc.","NASDAQ"
"HTD","John Hancock Tax Advantaged Dividend Income Fund Common Shares of Beneficial Interest","NYSE"
"HTEC","ROBO Global Healthcare Technology and Innovation ETF","NYSEARCA"
"HTFC","Horizon Technology Finance Corporation 6.25% Notes due 2027","NYSE"
"HTFL","Heartflow, Inc.","NASDAQ"
"HTGC","Hercules Capital, Inc.","NYSE"
"HTH","Hilltop Holdings Inc.","NYSE"
"HTHT","H World Group Limited","NASDAQ"
"HTLD","Heartland Express, Inc.","NASDAQ"
"HTLM","HomesToLife Ltd","NASDAQ"
"HTO","H2O America","NASDAQ"
"HTOO","Fusion Fuel Green PLC","NASDAQ"
"HTRB","Hartford Total Return Bond ETF","NYSEARCA"
"HTT","High Templar Tech Limited American depositary shares, each representing one Class A ordinary share","NYSE"
"HTUS","Hull Tactical US ETF","BATS"
"HTZ","Hertz Global Holdings, Inc","NASDAQ"
"HTZWW","Hertz Global Holdings, Inc - Warrant","NASDAQ"
"HUBB","Hubbell Inc","NYSE"
"HUBC","Hub Cyber Security Ltd.","NASDAQ"
"HUBCW","Hub Cyber Security Ltd. - Warrant expiring 2/27/28","NASDAQ"
"HUBCZ","Hub Cyber Security Ltd. - Warrant","NASDAQ"
"HUBG","Hub Group, Inc.","NASDAQ"
"HUBS","HubSpot, Inc.","NYSE"
"HUDI","Huadi International Group Co., Ltd.","NASDAQ"
"HUHU","HUHUTECH International Group Inc.","NASDAQ"
"HUIZ","Huize Holding Limited","NASDAQ"
"HULL","Corgi Shipping & Global Logistics ETF","BATS"
"HUM","Humana Inc.","NYSE"
"HUMA","Humacyte, Inc.","NASDAQ"
"HUMAW","Humacyte, Inc. - Warrant","NASDAQ"
"HUMN","Roundhill Humanoid Robotics ETF","BATS"
"HUN","Huntsman Corporation","NYSE"
"HURA","TuHURA Biosciences, Inc.","NASDAQ"
"HURC","Hurco Companies, Inc.","NASDAQ"
"HURN","Huron Consulting Group Inc.","NASDAQ"
"HUSV","First Trust Horizon Managed Volatility Domestic ETF","NYSEARCA"
"HUT","Hut 8 Corp.","NASDAQ"
"HUTG","Leverage Shares 2X Long HUT Daily ETF","NASDAQ"
"HUYA","HUYA Inc. American depositary shares, each  representing one Class A ordinary share","NYSE"
"HVAC","AdvisorShares HVAC and Industrials ETF","NYSEARCA"
"HVII","Hennessy Capital Investment Corp. VII","NASDAQ"
"HVIIR","Hennessy Capital Investment Corp. VII - Rights","NASDAQ"
"HVIIU","Hennessy Capital Investment Corp. VII - Unit","NASDAQ"
"HVMC","Highview Merger Corp.","NASDAQ"
"HVMCU","Highview Merger Corp. - Units","NASDAQ"
"HVMCW","Highview Merger Corp. - Warrants","NASDAQ"
"HVT","Haverty Furniture Companies, Inc.","NYSE"
"HVT.A","Haverty Furniture Companies, Inc.","NYSE"
"HWAY","Themes US Infrastructure ETF","NASDAQ"
"HWBK","Hawthorn Bancshares, Inc.","NASDAQ"
"HWC","Hancock Whitney Corporation","NASDAQ"
"HWCPZ","Hancock Whitney Corporation - 6.25% Subordinated Notes due 2060","NASDAQ"
"HWH","HWH International Inc.","NASDAQ"
"HWKN","Hawkins, Inc.","NASDAQ"
"HWM","Howmet Aerospace Inc.","NYSE"
"HWSM","Hotchkis & Wiley SMID Cap Diversified Value Fund","NASDAQ"
"HXHX","Haoxin Holdings Limited","NASDAQ"
"HXL","Hexcel Corporation","NYSE"
"HY","Hyster-Yale, Inc. Class A","NYSE"
"HYBB","iShares BB Rated Corporate Bond ETF","NYSEARCA"
"HYBI","NEOS Enhanced Income Credit Select ETF","NASDAQ"
"HYBL","State Street Blackstone High Income ETF","BATS"
"HYBX","TCW High Yield Bond ETF","NYSE"
"HYD","VanEck High Yield Muni ETF","BATS"
"HYDB","iShares High Yield Systematic Bond ETF","BATS"
"HYDR","Global X Hydrogen ETF","NASDAQ"
"HYDW","Xtrackers Low Beta High Yield Bond ETF","NYSEARCA"
"HYEM","VanEck Emerging Markets High Yield Bond ETF","NYSEARCA"
"HYFI","AB High Yield ETF","NYSEARCA"
"HYFM","Hydrofarm Holdings Group, Inc.","NASDAQ"
"HYFT","MindWalk Holdings Corp.","NASDAQ"
"HYG","iShares iBoxx $ High Yield Corporate Bond ETF","NYSEARCA"
"HYGH","iShares Interest Rate Hedged High Yield Bond ETF","NYSEARCA"
"HYGM","Amplify HYG High Yield 10% Target Income ETF","BATS"
"HYGV","FlexShares High Yield Value-Scored Bond Index Fund","NYSEARCA"
"HYGW","iShares High Yield Corporate Bond BuyWrite Strategy ETF","BATS"
"HYHG","ProShares High Yield Interest Rate Hedged","BATS"
"HYI","Western Asset High Yield Opportunity Fund Inc.","NYSE"
"HYIN","WisdomTree Private Credit and Alternative Income Fund","BATS"
"HYLB","Xtrackers USD High Yield Corporate Bond ETF","NYSEARCA"
"HYLN","Hyliion Holdings Corp. Class A","AMEX"
"HYLS","First Trust Tactical High Yield ETF","NASDAQ"
"HYMB","State Street SPDR Nuveen ICE High Yield Municipal Bond ETF","NYSEARCA"
"HYMC","Hycroft Mining Holding Corporation","NASDAQ"
"HYNE","Hoyne Bancorp, Inc.","NASDAQ"
"HYP","Golden Eagle Dynamic Hypergrowth ETF","NASDAQ"
"HYPD","Hyperion DeFi, Inc.","NASDAQ"
"HYPG","Grayscale Hyperliquid Staking ETF","NASDAQ"
"HYPR","Hyperfine, Inc.","NASDAQ"
"HYS","PIMCO 0-5 Year High Yield Corporat Bond Index Exchange-Traded Fund","NYSEARCA"
"HYSA","BondBloxx USD High Yield Bond Sector Rotation ETF","NYSEARCA"
"HYSD","Columbia Short Duration High Yield ETF","NYSEARCA"
"HYT","Blackrock Corporate High Yield Fund, Inc.","NYSE"
"HYTI","FT Vest High Yield & Target Income ETF","NYSEARCA"
"HYTR","Counterpoint High Yield Trend ETF","NYSE"
"HYUP","Xtrackers High Beta High Yield Bond ETF","NYSEARCA"
"HYXF","iShares ESG Advanced High Yield Corporate Bond ETF","NASDAQ"
"HYZD","WisdomTree Interest Rate Hedged High Yield Bond Fund","NASDAQ"
"HZO","MarineMax, Inc.  (FL)","NYSE"
"IACO","Idea Acquisition Corp.","NASDAQ"
"IACOU","Idea Acquisition Corp. - Units","NASDAQ"
"IACOW","Idea Acquisition Corp. - Warrants","NASDAQ"
"IACQ","Irenic Acquisition Corp.","NASDAQ"
"IACQU","Irenic Acquisition Corp. - Unit","NASDAQ"
"IACQW","Irenic Acquisition Corp. - Warrants","NASDAQ"
"IAE","Voya Asia Pacific High Dividend Equity Income Fund ING Asia Pacific High Dividend Equity Income Fund Common Shares of Beneficial Interest","NYSE"
"IAF","abrdn Australia Equity Fund, Inc.","AMEX"
"IAG","Iamgold Corporation","NYSE"
"IAGG","iShares International Aggregate Bond Fund","BATS"
"IAI","iShares U.S. Broker-Dealers & Securities Exchanges ETF","NYSEARCA"
"IAK","iShares U.S. Insurance ETF","NYSEARCA"
"IALT","iShares Systematic Alternatives Active ETF","NASDAQ"
"IAPR","Innovator International Developed Power Buffer ETF  April","NYSEARCA"
"IART","Integra LifeSciences Holdings Corporation","NASDAQ"
"IAT","iShares U.S. Regional Banks ETF","NYSEARCA"
"IAU","iShares Gold Trust Shares","NYSEARCA"
"IAUG","Innovator International Developed Power Buffer ETF  August","NYSEARCA"
"IAUI","NEOS Gold High Income ETF","BATS"
"IAUM","iShares Gold Trust Micro Shares","NYSEARCA"
"IAUX","i-80 Gold Corp. Common Shares","AMEX"
"IAUX.W","i-80 Gold Corp. Warrants, each warrant exercisable for one Common Share at an exercise price of $0.70","AMEX"
"IBAC","IB Acquisition Corp.","NASDAQ"
"IBACR","IB Acquisition Corp. - Right","NASDAQ"
"IBAT","iShares Energy Storage & Materials ETF","NASDAQ"
"IBB","iShares Biotechnology ETF","NASDAQ"
"IBBQ","Invesco Nasdaq Biotechnology ETF","NASDAQ"
"IBCA","iShares iBonds Dec 2035 Term Corporate ETF","NYSEARCA"
"IBCB","iShares iBonds Dec 2036 Term Corporate ETF","NYSEARCA"
"IBCP","Independent Bank Corporation","NASDAQ"
"IBD","Inspire Corporate Bond ETF","NYSEARCA"
"IBDR","iShares iBonds Dec 2026 Term Corporate ETF","NYSEARCA"
"IBDS","iShares iBonds Dec 2027 Term Corporate ETF","NYSEARCA"
"IBDT","iShares iBonds Dec 2028 Term Corporate ETF","NYSEARCA"
"IBDU","iShares iBonds Dec 2029 Term Corporate ETF","NYSEARCA"
"IBDV","iShares iBonds Dec 2030 Term Corporate ETF","NYSEARCA"
"IBDW","iShares iBonds Dec 2031 Term Corporate ETF","NYSEARCA"
"IBDX","iShares iBonds Dec 2032 Term Corporate ETF","NYSEARCA"
"IBDY","iShares iBonds Dec 2033 Term Corporate ETF","NYSEARCA"
"IBDZ","iShares iBonds Dec 2034 Term Corporate ETF","NYSEARCA"
"IBEX","IBEX Limited - Common Share","NASDAQ"
"IBFR","Innovator International Developed Managed 10 Buffer ETF","NYSEARCA"
"IBG","Innovation Beverage Group Limited","NASDAQ"
"IBGA","iShares iBonds Dec 2044 Term Treasury ETF","NASDAQ"
"IBGB","iShares iBonds Dec 2045 Term Treasury ETF","NASDAQ"
"IBGC","iShares iBonds Dec 2046 Term Treasury ETF","NASDAQ"
"IBGK","iShares iBonds Dec 2054 Term Treasury ETF","NASDAQ"
"IBGL","iShares iBonds Dec 2055 Term Treasury ETF","NASDAQ"
"IBGM","iShares iBonds Dec 2056 Term Treasury ETF","NASDAQ"
"IBHF","iShares iBonds 2026 Term High Yield and Income ETF","BATS"
"IBHG","iShares iBonds 2027 Term High Yield and Income ETF","BATS"
"IBHH","iShares iBonds 2028 Term High Yield and Income ETF","BATS"
"IBHI","iShares iBonds 2029 Term High Yield and Income ETF","BATS"
"IBHJ","iShares iBonds 2030 Term High Yield and Income ETF","BATS"
"IBHK","iShares iBonds 2031 Term High Yield and Income ETF","BATS"
"IBHL","iShares iBonds 2032 Term High Yield and Income ETF","BATS"
"IBHM","iShares iBonds 2033 Term High Yield and Income ETF","BATS"
"IBIC","iShares iBonds Oct 2026 Term TIPS ETF","NYSEARCA"
"IBID","iShares iBonds Oct 2027 Term TIPS ETF","NYSEARCA"
"IBIE","iShares iBonds Oct 2028 Term TIPS ETF","NYSEARCA"
"IBIF","iShares iBonds Oct 2029 Term TIPS ETF","NYSEARCA"
"IBIG","iShares iBonds Oct 2030 Term TIPS ETF","NYSEARCA"
"IBIH","iShares iBonds Oct 2031 Term TIPS ETF","NYSEARCA"
"IBII","iShares iBonds Oct 2032 Term TIPS ETF","NYSEARCA"
"IBIJ","iShares iBonds Oct 2033 Term TIPS ETF","NYSEARCA"
"IBIK","iShares iBonds Oct 2034 Term TIPS ETF","NYSEARCA"
"IBIL","iShares iBonds Oct 2035 Term TIPS ETF","NYSEARCA"
"IBIM","iShares iBonds Oct 2036 Term TIPS ETF","NYSEARCA"
"IBIO","iBio, Inc.","NASDAQ"
"IBIT","iShares Bitcoin Trust ETF","NASDAQ"
"IBKR","Interactive Brokers Group, Inc.","NASDAQ"
"IBLC","iShares Blockchain and Tech ETF","NYSEARCA"
"IBM","International Business Machines Corporation","NYSE"
"IBMO","iShares iBonds Dec 2026 Term Muni Bond ETF","BATS"
"IBMP","iShares iBonds Dec 2027 Term Muni Bond ETF","BATS"
"IBMQ","iShares iBonds Dec 2028 Term Muni Bond ETF","BATS"
"IBMR","iShares iBonds Dec 2029 Term Muni Bond ETF","BATS"
"IBMS","iShares iBonds Dec 2030 Term Muni Bond ETF","BATS"
"IBMT","iShares iBonds Dec 2031 Term Muni Bond ETF","BATS"
"IBMU","iShares iBonds Dec 2032 Term Muni Bond ETF","BATS"
"IBMV","iShares iBonds Dec 2033 Term Muni Bond ETF","BATS"
"IBMW","iShares iBonds Dec 2034 Term Muni Bond ETF","BATS"
"IBMX","iShares iBonds Dec 2035 Term Muni Bond ETF","BATS"
"IBN","ICICI Bank Limited","NYSE"
"IBND","State Street SPDR Bloomberg International Corporate Bond ETF","NYSEARCA"
"IBO","Impact BioMedical, Inc.","AMEX"
"IBOC","International Bancshares Corporation","NASDAQ"
"IBOT","VanEck Robotics ETF","NASDAQ"
"IBP","Installed Building Products, Inc.","NYSE"
"IBRN","iShares Neuroscience and Healthcare ETF","NYSEARCA"
"IBRX","ImmunityBio, Inc.","NASDAQ"
"IBTA","Ibotta, Inc. Class A","NYSE"
"IBTG","iShares iBonds Dec 2026 Term Treasury ETF","NASDAQ"
"IBTH","iShares iBonds Dec 2027 Term Treasury ETF","NASDAQ"
"IBTI","iShares iBonds Dec 2028 Term Treasury ETF","NASDAQ"
"IBTJ","iShares iBonds Dec 2029 Term Treasury ETF","NASDAQ"
"IBTK","iShares iBonds Dec 2030 Term Treasury ETF","NASDAQ"
"IBTL","iShares iBonds Dec 2031 Term Treasury ETF","NASDAQ"
"IBTM","iShares iBonds Dec 2032 Term Treasury ETF","NASDAQ"
"IBTO","iShares iBonds Dec 2033 Term Treasury ETF","NASDAQ"
"IBTP","iShares iBonds Dec 2034 Term Treasury ETF","NASDAQ"
"IBTQ","iShares iBonds Dec 2035 Term Treasury ETF","NASDAQ"
"IBTR","iShares iBonds Dec 2036 Term Treasury ETF","NASDAQ"
"IBUF","Innovator International Developed 10 Buffer ETF - Quarterly","NYSEARCA"
"IBUY","Amplify Online Retail ETF","NYSEARCA"
"IBX","Tradr 2X Long IBM Daily ETF","BATS"
"ICAP","Infrastructure Capital Equity Income ETF","NYSEARCA"
"ICCC","ImmuCell Corporation","NASDAQ"
"ICCM","IceCure Medical Ltd.","NASDAQ"
"ICE","Intercontinental Exchange Inc.","NYSE"
"ICF","iShares Select U.S. REIT ETF","BATS"
"ICFI","ICF International, Inc.","NASDAQ"
"ICG","Intchains Group Limited","NASDAQ"
"ICHR","Ichor Holdings","NASDAQ"
"ICL","ICL Group Ltd.","NYSE"
"ICLN","iShares Global Clean Energy ETF","NASDAQ"
"ICLO","Invesco AAA CLO Floating Rate Note ETF","BATS"
"ICLR","ICON plc","NASDAQ"
"ICMB","Investcorp Credit Management BDC, Inc.","NASDAQ"
"ICOI","Bitwise COIN Option Income Strategy ETF","NYSEARCA"
"ICON","Icon Energy Corp.","NASDAQ"
"ICOP","iShares Copper and Metals Mining ETF","NASDAQ"
"ICOW","Pacer Developed Markets International Cash Cows 100 ETF","BATS"
"ICPI","iShares 0-1 Year TIPS Bond ETF","NYSEARCA"
"ICPY","Tweedy, Browne International Insider + Value ETF","NYSEARCA"
"ICRC","Bitwise CRCL Option Income Strategy ETF","NYSEARCA"
"ICSH","iShares Ultra Short Duration Bond Active ETF","BATS"
"ICU","SeaStar Medical Holding Corporation","NASDAQ"
"ICUCW","SeaStar Medical Holding Corporation - Warrant","NASDAQ"
"ICUI","ICU Medical, Inc.","NASDAQ"
"ICVT","iShares Convertible Bond ETF","BATS"
"IDA","IDACORP, Inc.","NYSE"
"IDACU","Iron Dome Acquisition I Corp. - Units","NASDAQ"
"IDAI","T Stamp Inc.","NASDAQ"
"IDCC","InterDigital, Inc.","NASDAQ"
"IDE","Voya Infrastructure, Industrials and Materials Fund Common Shares of Beneficial Interest","NYSE"
"IDEC","Innovator International Developed Power Buffer ETF  December","NYSEARCA"
"IDEF","iShares Defense Industrials Active ETF","NASDAQ"
"IDEQ","Lazard International Dynamic Equity ETF","NYSEARCA"
"IDEV","iShares Core MSCI International Developed Markets ETF","NYSEARCA"
"IDGT","iShares U.S. Digital Infrastructure and Real Estate ETF","NYSEARCA"
"IDHQ","Invesco S&P International Developed Quality ETF","NYSEARCA"
"IDJN","Corgi International Developed Equities 15% Structured Buffer ETF - June Series","BATS"
"IDLV","Invesco S&P International Developed Low Volatility ETF","NYSEARCA"
"IDMO","Invesco S&P International Developed Momentum ETF","NYSEARCA"
"IDMY","Corgi International Developed Equities 15% Structured Buffer ETF - May Series","BATS"
"IDN","Intellicheck, Inc.","NASDAQ"
"IDNA","iShares Genomics Immunology and Healthcare ETF","NYSEARCA"
"IDOG","ALPS International Sector Dividend Dogs ETF","NYSEARCA"
"IDR","Idaho Strategic Resources, Inc.","AMEX"
"IDRV","iShares Self-Driving EV and Tech ETF","NYSEARCA"
"IDT","IDT Corporation Class B","NYSE"
"IDU","iShares U.S. Utilities ETF","NYSEARCA"
"IDUB","Aptus International Enhanced Yield ETF","BATS"
"IDV","iShares International Select Dividend ETF","BATS"
"IDVO","Amplify CWP International Enhanced Dividend Income ETF","NYSEARCA"
"IDVY","First Trust International Rising Dividend Achievers ETF","NASDAQ"
"IDVZ","Polen International Dividend Income Fund","BATS"
"IDX","VanEck Indonesia Index ETF","NYSEARCA"
"IDXX","IDEXX Laboratories, Inc.","NASDAQ"
"IDYA","IDEAYA Biosciences, Inc.","NASDAQ"
"IDYN","iShares International Equity Factor Rotation Active ETF","NYSEARCA"
"IE","Ivanhoe Electric Inc.","AMEX"
"IEAG","Infinite Eagle Acquisition Corp.","NASDAQ"
"IEAGR","Infinite Eagle Acquisition Corp. - Rights","NASDAQ"
"IEAGU","Infinite Eagle Acquisition Corp. - Unit","NASDAQ"
"IEDI","iShares U.S. Consumer Focused ETF","BATS"
"IEF","iShares 7-10 Year Treasury Bond ETF","NASDAQ"
"IEFA","iShares Core MSCI EAFE ETF","BATS"
"IEI","iShares 3-7 Year Treasury Bond ETF","NASDAQ"
"IEMG","iShares Core MSCI Emerging Markets ETF","NYSEARCA"
"IEO","iShares U.S. Oil & Gas Exploration & Production ETF","BATS"
"IEP","Icahn Enterprises L.P. - Depositary Units representing Limited Partner Interests","NASDAQ"
"IESC","IES Holdings, Inc.","NASDAQ"
"IETC","iShares U.S. Tech Independence Focused ETF","BATS"
"IETH","Bitwise Ethereum Option Income Strategy ETF","NYSEARCA"
"IEUR","iShares Core MSCI Europe ETF","NYSEARCA"
"IEUS","iShares MSCI Europe Small-Cap ETF","NASDAQ"
"IEV","iShares Europe ETF","NYSEARCA"
"IEX","IDEX Corporation","NYSE"
"IEZ","iShares U.S. Oil Equipment & Services ETF","NYSEARCA"
"IFBD","Infobird Co., Ltd","NASDAQ"
"IFEB","Innovator International Developed Power Buffer ETF  February","NYSEARCA"
"IFED","ETRACS IFED Invest with the Fed TR Index ETN","NYSEARCA"
"IFF","International Flavors & Fragrances, Inc.","NYSE"
"IFGL","iShares International Developed Real Estate ETF","NASDAQ"
"IFLN","Invesco Bloomberg Enhanced Fallen Angels ETF","NYSEARCA"
"IFLO","VictoryShares International Free Cash Flow ETF","NASDAQ"
"IFLR","Innovator International Developed Managed Floor ETF","NYSEARCA"
"IFN","Aberdeen India Fund, Inc.","NYSE"
"IFRA","iShares U.S. Infrastructure ETF","BATS"
"IFRX","InflaRx N.V.","NASDAQ"
"IFS","Intercorp Financial Services Inc. Common Shares","NYSE"
"IFV","First Trust Dorsey Wright International Focus 5 ETF","NASDAQ"
"IG","Principal Investment Grade Corporate Active ETF","BATS"
"IGA","Voya Global Advantage and Premium Opportunity Fund Common Shares of Beneficial Interest","NYSE"
"IGAC","Invest Green Acquisition Corporation","NASDAQ"
"IGACR","Invest Green Acquisition Corporation - Rights","NASDAQ"
"IGACU","Invest Green Acquisition Corporation - Units","NASDAQ"
"IGBH","iShares Interest Rate Hedged Long-Term Corporate Bond ETF","NYSEARCA"
"IGC","IGC Pharma, Inc.","AMEX"
"IGCB","TCW Corporate Bond ETF","NYSE"
"IGD","Voya Global Equity Dividend and Premium Opportunity Fund","NYSE"
"IGE","iShares North American Natural Resources ETF","BATS"
"IGEB","iShares Investment Grade Systematic Bond ETF","BATS"
"IGF","iShares Global Infrastructure ETF","NASDAQ"
"IGGY","AB International Growth ETF","NYSEARCA"
"IGHG","ProShares Investment Grade-Interest Rate Hedged","BATS"
"IGI","Western Asset Investment Grade Opportunity Trust Inc.","NYSE"
"IGIB","iShares 5-10 Year Investment Grade Corporate Bond ETF","NASDAQ"
"IGIC","International General Insurance Holdings Ltd.","NASDAQ"
"IGLB","iShares 10  Year Investment Grade Corporate Bond ETF","NYSEARCA"
"IGLD","FT Vest Gold Strategy Target Income ETF","BATS"
"IGM","iShares Expanded Tech Sector ETF","NYSEARCA"
"IGME","Bitwise GME Option Income Strategy ETF","NYSEARCA"
"IGOV","iShares International Treasury Bond ETF","NASDAQ"
"IGPT","Invesco AI and Next Gen Software ETF","NYSEARCA"
"IGR","CBRE Global Real Estate Income Fund Common Shares of Beneficial Interest","NYSE"
"IGRO","iShares International Dividend Growth ETF","BATS"
"IGSB","iShares 1-5 Year Investment Grade Corporate Bond ETF","NASDAQ"
"IGTR","Innovator Gradient Tactical Rotation Strategy ETF","NYSEARCA"
"IGV","iShares Expanded Tech-Software Sector ETF","BATS"
"IH","iHuman Inc. American depositary shares, each representing five Class A","NYSE"
"IHAK","iShares Cybersecurity and Tech ETF","NYSEARCA"
"IHD","Voya Emerging Markets High Income Dividend Equity Fund Common Shares","NYSE"
"IHDG","WisdomTree International Hedged Quality Dividend Growth Fund","NYSEARCA"
"IHE","iShares U.S. Pharmaceutical ETF","NYSEARCA"
"IHF","iShares U.S. Health Care Providers ETF","NYSEARCA"
"IHG","Intercontinental Hotels Group American Depositary Shares (Each representing one Ordinary Share)","NYSE"
"IHI","iShares U.S. Medical Devices ETF","NYSEARCA"
"IHRT","iHeartMedia, Inc.","NASDAQ"
"IHS","IHS Holding Limited","NYSE"
"IHT","InnSuites Hospitality Trust Shares of Beneficial Interest","AMEX"
"IHY","VanEck International High Yield Bond ETF","NYSEARCA"
"IIF","Morgan Stanley India Investment Fund, Inc.","NYSE"
"IIGD","Invesco Investment Grade Defensive ETF","NYSEARCA"
"III","Information Services Group, Inc.","NASDAQ"
"IIIN","Insteel Industries, Inc.","NYSE"
"IIIV","i3 Verticals, Inc.","NASDAQ"
"IIM","Invesco Value Municipal Income Trust","NYSE"
"IIPR","Innovative Industrial Properties, Inc.","NYSE"
"IJAN","Innovator International Developed Power Buffer ETF January","NYSEARCA"
"IJH","iShares Core S&P Mid-Cap ETF","NYSEARCA"
"IJJ","iShares S&P Mid-Cap 400 Value ETF","NYSEARCA"
"IJK","iShares S&P Mid-Cap 400 Growth ETF","NYSEARCA"
"IJR","iShares Core S&P Small-Cap ETF","NYSEARCA"
"IJS","iShares S&P SmallCap 600 Value ETF","NYSEARCA"
"IJT","iShares S&P SmallCap 600 Growth ETF","NASDAQ"
"IJUL","Innovator International Developed Power Buffer ETF  July","NYSEARCA"
"IJUN","Innovator International Developed Power Buffer ETF June","NYSEARCA"
"IKT","Inhibikase Therapeutics, Inc.","NASDAQ"
"ILAG","Intelligent Living Application Group Inc.","NASDAQ"
"ILCB","iShares Morningstar Large-Cap ETF","NYSEARCA"
"ILCG","iShares Morningstar Large-Cap Growth ETF","NYSEARCA"
"ILCV","iShares Morningstar Large-Cap  Value ETF","NYSEARCA"
"ILDR","First Trust Innovation Leaders ETF","NYSEARCA"
"ILF","iShares Latin America 40 ETF","NYSEARCA"
"ILIT","iShares Lithium Miners and Producers ETF","NASDAQ"
"ILLR","Triller Group Inc.","NASDAQ"
"ILLRW","Triller Group Inc. - Warrant","NASDAQ"
"ILLU","Illumination Acquisition Corp I","NASDAQ"
"ILLUU","Illumination Acquisition Corp I - Units","NASDAQ"
"ILLUW","Illumination Acquisition Corp I - Warrant","NASDAQ"
"ILMN","Illumina, Inc.","NASDAQ"
"ILOW","AB International Low Volatility Equity ETF","NYSEARCA"
"ILPT","Industrial Logistics Properties Trust - Common Shares of Beneficial Interest","NASDAQ"
"ILS","Brookmont Catastrophic Bond ETF","NYSEARCA"
"ILTB","iShares Core 10  Year USD Bond ETF","NYSEARCA"
"IMA","ImageneBio, Inc.","NASDAQ"
"IMAR","Innovator International Developed Power Buffer ETF  March","NYSEARCA"
"IMAX","Imax Corporation","NYSE"
"IMAY","Innovator International Developed Power Buffer ETF - May","NYSEARCA"
"IMCB","iShares Morningstar Mid-Cap ETF","NYSEARCA"
"IMCC","IM Cannabis Corp. - Common Shares","NASDAQ"
"IMCG","iShares Morningstar Mid-Cap Growth ETF","NYSEARCA"
"IMCR","Immunocore Holdings plc","NASDAQ"
"IMCV","iShares Morningstar Mid-Cap Value ETF","NASDAQ"
"IMDX","Insight Molecular Diagnostics Inc.","NASDAQ"
"IMF","Invesco Managed Futures Strategy ETF","BATS"
"IMFL","Invesco International Developed Dynamic Multifactor ETF","BATS"
"IMKTA","Ingles Markets, Incorporated","NASDAQ"
"IMMP","Immutep Limited","NASDAQ"
"IMMR","Immersion Corporation","NASDAQ"
"IMMX","Immix Biopharma, Inc.","NASDAQ"
"IMNM","Immunome, Inc.","NASDAQ"
"IMNN","Imunon, Inc.","NASDAQ"
"IMO","Imperial Oil Limited","AMEX"
"IMOM","Alpha Architect International Quantitative Momentum ETF","NASDAQ"
"IMOS","ChipMOS TECHNOLOGIES INC.","NASDAQ"
"IMPP","Imperial Petroleum Inc. - Common Shares","NASDAQ"
"IMPPP","Imperial Petroleum Inc. - 8.75% Series A Cumulative Redeemable Perpetual Preferred Shares","NASDAQ"
"IMRA","Bitwise MARA Option Income Strategy ETF","NYSEARCA"
"IMRN","Immuron Limited","NASDAQ"
"IMRX","Immuneering Corporation","NASDAQ"
"IMSR","Terrestrial Energy Inc.","NASDAQ"
"IMSRW","Terrestrial Energy Inc. - Warrant","NASDAQ"
"IMST","Bitwise MSTR Option Income Strategy ETF","NYSEARCA"
"IMTB","iShares Core 5-10 Year USD Bond ETF","NYSEARCA"
"IMTE","Integrated Media Technology Limited","NASDAQ"
"IMTG","Invesco Agency MBS ETF","BATS"
"IMTM","iShares MSCI Intl Momentum Factor ETF","NYSEARCA"
"IMTX","Immatics N.V.","NASDAQ"
"IMUX","Immunic, Inc.","NASDAQ"
"IMVP","Invesco India ETF","NYSEARCA"
"IMVT","Immunovant, Inc.","NASDAQ"
"IMXI","International Money Express, Inc.","NASDAQ"
"INAB","IN8bio, Inc.","NASDAQ"
"INAC","Indigo Acquisition Corp.","NASDAQ"
"INACR","Indigo Acquisition Corp. - Right","NASDAQ"
"INACU","Indigo Acquisition Corp. - Unit","NASDAQ"
"INBK","First Internet Bancorp","NASDAQ"
"INBKZ","First Internet Bancorp - Fixed-to-Floating Rate Subordinated Notes Due 2029","NASDAQ"
"INBS","Intelligent Bio Solutions Inc.","NASDAQ"
"INBX","Inhibrx Biosciences, Inc.","NASDAQ"
"INCE","Franklin Income Equity Focus ETF","NYSEARCA"
"INCM","Franklin Income Focus ETF","NYSEARCA"
"INCO","Columbia India Consumer ETF","NYSEARCA"
"INCR","Intercure Ltd.","NASDAQ"
"INCY","Incyte Corporation","NASDAQ"
"IND","Xtrackers Nifty 500 India ETF","NASDAQ"
"INDA","iShares MSCI India ETF","BATS"
"INDB","Independent Bank Corp.","NASDAQ"
"INDE","Matthews India Active ETF","NYSEARCA"
"INDH","WisdomTree India Hedged Equity Fund","NASDAQ"
"INDI","indie Semiconductor, Inc.","NASDAQ"
"INDL","Direxion Daily MSCI India Bull 2X ETF","NYSEARCA"
"INDO","Indonesia Energy Corporation Limited","AMEX"
"INDP","Indaptus Therapeutics, Inc.","NASDAQ"
"INDQ","Pacer ActiveAlpha India Quality ETF","NASDAQ"
"INDS","Pacer Industrial Real Estate ETF","NYSEARCA"
"INDV","Indivior Pharmaceuticals, Inc.","NASDAQ"
"INDY","iShares India 50 ETF","NASDAQ"
"INDZ","VanEck India Select ETF","NYSEARCA"
"INEO","INNEOVA Holdings Limited","NASDAQ"
"INEQ","Columbia International Equity Income ETF","NYSEARCA"
"INFH","Defiance Daily Target 2X Long INFQ ETF","BATS"
"INFL","Horizon Kinetics Inflation Beneficiaries ETF","NYSEARCA"
"INFO","Harbor PanAgora Dynamic Large Cap Core ETF","NYSE"
"INFQ","Infleqtion, Inc.","NYSE"
"INFQ.W","Infleqtion, Inc. Warrants, each whole warrant exercisable for one share of Common Stock at an exercise price of $11.50 per share","NYSE"
"INFU","InfuSystems Holdings, Inc.","AMEX"
"INFY","Infosys Limited American Depositary Shares","NYSE"
"ING","ING Group, N.V.","NYSE"
"INGM","Ingram Micro Holding Corporation","NYSE"
"INGN","Inogen, Inc","NASDAQ"
"INGR","Ingredion Incorporated","NYSE"
"INHD","Inno Holdings Inc.","NASDAQ"
"INIO","INNIO N.V.","NASDAQ"
"INKM","State Street Income Allocation ETF","NYSEARCA"
"INKT","MiNK Therapeutics, Inc.","NASDAQ"
"INLF","INLIF LIMITED","NASDAQ"
"INLX","Intellinetics, Inc.","AMEX"
"INM","InMed Pharmaceuticals Inc. - Common Shares","NASDAQ"
"INMB","INmune Bio Inc.","NASDAQ"
"INMD","InMode Ltd.","NASDAQ"
"INMU","iShares Intermediate Muni Income Active ETF","NYSEARCA"
"INN","Summit Hotel Properties, Inc.","NYSE"
"INNV","InnovAge Holding Corp.","NASDAQ"
"INO","Inovio Pharmaceuticals, Inc.","NASDAQ"
"INOD","Innodata Inc.","NASDAQ"
"INOV","Innovator International Developed Power Buffer ETF  November","NYSEARCA"
"INQQ","INQQ The India Internet ETF","NYSEARCA"
"INR","Infinity Natural Resources, Inc. Class A","NYSE"
"INRO","iShares U.S. Industry Rotation Active ETF","NASDAQ"
"INSE","Inspired Entertainment, Inc.","NASDAQ"
"INSG","Inseego Corp.","NASDAQ"
"INSM","Insmed Incorporated","NASDAQ"
"INSP","Inspire Medical Systems, Inc.","NYSE"
"INSW","International Seaways, Inc.","NYSE"
"INTA","Intapp, Inc.","NASDAQ"
"INTC","Intel Corporation","NASDAQ"
"INTF","iShares International Equity Factor ETF","NYSEARCA"
"INTG","The Intergroup Corporation","NASDAQ"
"INTJ","Intelligent Group Limited","NASDAQ"
"INTL","Main International ETF","BATS"
"INTM","Invesco Intermediate Municipal ETF","BATS"
"INTR","Inter & Co. Inc.","NASDAQ"
"INTS","Intensity Therapeutics, Inc.","NASDAQ"
"INTT","inTest Corporation","AMEX"
"INTU","Intuit Inc.","NASDAQ"
"INTW","GraniteShares 2x Long INTC Daily ETF","NASDAQ"
"INTZ","Intrusion Inc.","NASDAQ"
"INUV","Inuvo, Inc.","AMEX"
"INV","Innventure, Inc.","NASDAQ"
"INVA","Innoviva, Inc.","NASDAQ"
"INVE","Identiv, Inc.","NASDAQ"
"INVG","GMO Systematic Investment Grade Credit ETF","NYSEARCA"
"INVH","Invitation Homes Inc.","NYSE"
"INVN","Alger Russell Innovation ETF","NYSEARCA"
"INVX","Innovex International, Inc.","NYSE"
"INVZ","Innoviz Technologies Ltd.","NASDAQ"
"INYY","YieldMax INTC Option Income Strategy ETF","NYSEARCA"
"IOCT","Innovator International Developed Power Buffer ETF - October","NYSEARCA"
"ION","ProShares S&P Global Core Battery Metals ETF","NYSEARCA"
"IONL","GraniteShares 2x Long IONQ Daily ETF","NASDAQ"
"IONQ","IonQ, Inc.","NYSE"
"IONQ.W","IonQ, Inc. Redeemable warrants, each whole warrant exercisable for one share of Common Stock, each at an exercise price of $11.50 per share","NYSE"
"IONR","ioneer Ltd","NASDAQ"
"IONS","Ionis Pharmaceuticals, Inc.","NASDAQ"
"IONX","Defiance Daily Target 2X Long IONQ ETF","NASDAQ"
"IONZ","Defiance Daily Target 2x Short IONQ ETF","NASDAQ"
"IOO","iShares Global 100 ETF","NYSEARCA"
"IOPP","Simplify Tara India Opportunities ETF","NYSEARCA"
"IOR","Income Opportunity Realty Investors, Inc.","AMEX"
"IOSP","Innospec Inc.","NASDAQ"
"IOT","Samsara Inc. Class A","NYSE"
"IOTR","iOThree Limited","NASDAQ"
"IOVA","Iovance Biotherapeutics, Inc.","NASDAQ"
"IOYY","GraniteShares YieldBOOST IONQ ETF","NASDAQ"
"IP","International Paper Company","NYSE"
"IPAC","iShares Core MSCI Pacific ETF","NYSEARCA"
"IPAR","Interparfums, Inc.","NASDAQ"
"IPAV","Global X Infrastructure Development ex-U.S. ETF","BATS"
"IPAY","Amplify Digital Payments ETF","NYSEARCA"
"IPB","Merrill Lynch & Co., Inc. 6.0518% Index Plus Trust Certificates Series 2003-1","NYSE"
"IPCX","Inflection Point Acquisition Corp. III","NASDAQ"
"IPCXR","Inflection Point Acquisition Corp. III - Rights","NASDAQ"
"IPCXU","Inflection Point Acquisition Corp. III - Units","NASDAQ"
"IPDN","Professional Diversity Network, Inc.","NASDAQ"
"IPEX","Inflection Point Acquisition Corp.","NASDAQ"
"IPEXR","Inflection Point Acquisition Corp. - Right","NASDAQ"
"IPEXU","Inflection Point Acquisition Corp. - Unit","NASDAQ"
"IPFX","Inflection Point Acquisition Corp. VI","NASDAQ"
"IPFXU","Inflection Point Acquisition Corp. VI - Units","NASDAQ"
"IPFXW","Inflection Point Acquisition Corp. VI - Warrant","NASDAQ"
"IPGP","IPG Photonics Corporation","NASDAQ"
"IPHA","Innate Pharma S.A.","NASDAQ"
"IPI","Intrepid Potash, Inc","NYSE"
"IPKW","Invesco International BuyBack Achievers ETF","NASDAQ"
"IPM","Intelligent Protection Management Corp.","NASDAQ"
"IPO","Renaissance IPO ETF","NYSEARCA"
"IPOS","Renaissance Capital Greenwich Fund","NYSEARCA"
"IPSC","Century Therapeutics, Inc.","NASDAQ"
"IPST","IP Strategy Holdings, Inc.","NASDAQ"
"IPVVU","InterPrivate Investment Partners V, Inc. - Units","NASDAQ"
"IPW","iPower Inc.","NASDAQ"
"IPWR","Ideal Power Inc.","NASDAQ"
"IPX","IperionX Limited - American Depositary Share","NASDAQ"
"IQ","iQIYI, Inc.","NASDAQ"
"IQDF","FlexShares International Quality Dividend Index Fund","NYSEARCA"
"IQDG","WisdomTree International Quality Dividend Growth Fund","BATS"
"IQDY","FlexShares International Quality Dividend Dynamic Index Fund","NYSEARCA"
"IQHI","NYLI MacKay High Income ETF","NYSEARCA"
"IQI","Invesco Quality Municipal Income Trust","NYSE"
"IQLT","iShares MSCI Intl Quality Factor ETF","NYSEARCA"
"IQM","Franklin Intelligent Machines ETF","BATS"
"IQMM","ProShares GENIUS Money Market ETF","NYSEARCA"
"IQQQ","ProShares Nasdaq-100 High Income ETF","NASDAQ"
"IQRA","NYLI CBRE Real Assets ETF","NYSEARCA"
"IQSI","NYLI Candriam International Equity ETF","NYSEARCA"
"IQSM","NYLI Candriam U.S. Mid Cap Equity ETF","NYSEARCA"
"IQST","iQSTEL Inc.","NASDAQ"
"IQSU","NYLI Candriam U.S. Large Cap Equity ETF","NYSEARCA"
"IQSZ","Invesco Global Equity Net Zero ETF","NYSEARCA"
"IQV","IQVIA Holdings, Inc.","NYSE"
"IR","Ingersoll Rand Inc.","NYSE"
"IRAB","Iris Acquisition Corp II Class A","NYSE"
"IRAB.U","Iris Acquisition Corp II Units, each consisting of one Class A Ordinary Share and one-half of one redeemable Warrant","NYSE"
"IRAB.W","Iris Acquisition Corp II Redeemable Warrants, each whole warrant exercisable for one Class A Ordinary Share at an exercise price of $11.50 per share","NYSE"
"IRD","Opus Genetics, Inc.","NASDAQ"
"IRDM","Iridium Communications Inc","NASDAQ"
"IRE","Defiance Daily Target 2X Long IREN ETF","NYSEARCA"
"IREG","Leverage Shares 2X Long IREN Daily ETF","NASDAQ"
"IREN","IREN Limited","NASDAQ"
"IREX","Tradr 2X Long IREN Daily ETF","BATS"
"IREZ","Tradr 2X Short IREN Daily ETF","BATS"
"IRHO","Iron Horse Acquisitions II Corp.","NASDAQ"
"IRHOR","Iron Horse Acquisitions II Corp. - Rights","NASDAQ"
"IRHOU","Iron Horse Acquisitions II Corp. - Units","NASDAQ"
"IRIX","IRIDEX Corporation","NASDAQ"
"IRM","Iron Mountain Incorporated (Delaware)Common Stock REIT","NYSE"
"IRMD","iRadimed Corporation","NASDAQ"
"IROC","Invesco Rochester High Yield Municipal ETF","BATS"
"IRON","Disc Medicine, Inc.","NASDAQ"
"IRS","IRSA Inversiones Y Representaciones S.A. Global Depositary Shares (Each representing ten shares of Common Stock)","NYSE"
"IRT","Independence Realty Trust, Inc.","NYSE"
"IRTC","iRhythm Holdings, Inc.","NASDAQ"
"IRTR","iShares LifePath Retirement ETF","NYSEARCA"
"IRVH","Global X Interest Rate Volatility & Inflation Hedge ETF","NYSEARCA"
"IRWD","Ironwood Pharmaceuticals, Inc.","NASDAQ"
"ISBA","Isabella Bank Corporation","NASDAQ"
"ISBG","IncomeSTKd 1x Bitcoin & 1x Gold Premium ETF","BATS"
"ISCB","iShares Morningstar Small-Cap ETF","NYSEARCA"
"ISCF","iShares International Small-Cap Equity Factor ETF","NYSEARCA"
"ISCG","iShares Morningstar Small-Cap Growth ETF","NYSEARCA"
"ISCV","iShares Morningstar Small-Cap Value ETF","NYSEARCA"
"ISD","PGIM High Yield Bond Fund, Inc.","NYSE"
"ISEP","Innovator International Developed Power Buffer ETF  September","NYSEARCA"
"ISHG","iShares 1-3 Year International Treasury Bond ETF","NASDAQ"
"ISHP","First Trust S-Network E-Commerce ETF","NASDAQ"
"ISMD","Inspire Small/Mid Cap ETF","NYSEARCA"
"ISMF","iShares Managed Futures Active ETF","BATS"
"ISNRU","Snow Rothschild Acquisition Corp. - Units","NASDAQ"
"ISOU","IsoEnergy Ltd. Common Shares","AMEX"
"ISPC","iSpecimen Inc.","NASDAQ"
"ISPR","Ispire Technology Inc.","NASDAQ"
"ISPY","ProShares S&P 500 High Income ETF","BATS"
"ISRA","VanEck Israel ETF","NYSEARCA"
"ISRG","Intuitive Surgical, Inc.","NASDAQ"
"ISSB","IncomeSTKd 1x US Stocks & 1x Bitcoin Premium ETF","BATS"
"ISSC","Innovative Solutions and Support, Inc.","NASDAQ"
"ISTB","iShares Core 1-5 Year USD Bond ETF","NASDAQ"
"ISTM","iShares Strategic Metals ETF","NASDAQ"
"ISTR","Investar Holding Corporation","NASDAQ"
"ISUL","GraniteShares 2x Long ISRG Daily ETF","NASDAQ"
"ISVL","iShares International Developed Small Cap Value Factor ETF","BATS"
"ISWN","Amplify BlackSwan ISWN ETF","NYSEARCA"
"IT","Gartner, Inc.","NYSE"
"ITA","iShares U.S. Aerospace & Defense ETF","BATS"
"ITAN","Sparkline Intangible Value ETF","NYSEARCA"
"ITB","iShares U.S. Home Construction ETF","BATS"
"ITDB","iShares LifePath Target Date 2030 ETF","NYSEARCA"
"ITDC","iShares LifePath Target Date 2035 ETF","NYSEARCA"
"ITDD","iShares LifePath Target Date 2040 ETF","NYSEARCA"
"ITDE","iShares LifePath Target Date 2045 ETF","NYSEARCA"
"ITDF","iShares LifePath Target Date 2050 ETF","NYSEARCA"
"ITDG","iShares LifePath Target Date 2055 ETF","NYSEARCA"
"ITDH","iShares LifePath Target Date 2060 ETF","NYSEARCA"
"ITDI","iShares LifePath Target Date 2065 ETF","NYSEARCA"
"ITDJ","iShares LifePath Target Date 2070 ETF","NYSEARCA"
"ITEQ","Amplify BlueStar Israel Technology ETF","NYSEARCA"
"ITGR","Integer Holdings Corporation","NYSE"
"ITHA","ITHAX Acquisition Corp III","NASDAQ"
"ITHAU","ITHAX Acquisition Corp III - Units","NASDAQ"
"ITHAW","ITHAX Acquisition Corp III - Warrants","NASDAQ"
"ITIC","Investors Title Company","NASDAQ"
"ITM","VanEck Intermediate Muni ETF","BATS"
"ITOC","iTonic Holdings Ltd","NASDAQ"
"ITOT","iShares Core S&P Total U.S. Stock Market ETF","NYSEARCA"
"ITP","IT Tech Packaging, Inc.","AMEX"
"ITRG","Integra Resources Corp. Common Shares","AMEX"
"ITRI","Itron, Inc.","NASDAQ"
"ITRN","Ituran Location and Control Ltd.","NASDAQ"
"ITT","ITT Inc.","NYSE"
"ITUB","Itau Unibanco Banco Holding SA American Depositary Shares (Each repstg 500 Preferred shares)","NYSE"
"ITW","Illinois Tool Works Inc.","NYSE"
"ITWO","ProShares Russell 2000 High Income ETF","BATS"
"IUS","Invesco RAFI Strategic US ETF","NASDAQ"
"IUSB","iShares Core Universal USD Bond ETF","NASDAQ"
"IUSG","iShares Core S&P U.S. Growth ETF","NASDAQ"
"IUSV","iShares Core S&P U.S. Value ETF","NASDAQ"
"IVA","Inventiva S.A. - American Depository Shares","NASDAQ"
"IVAL","Alpha Architect International Quantitative Value ETF","NASDAQ"
"IVDA","Iveda Solutions, Inc.","NASDAQ"
"IVDAW","Iveda Solutions, Inc. - Warrant","NASDAQ"
"IVE","iShares S&P 500 Value ETF","NYSEARCA"
"IVEP","Dan IVES Wedbush AI Power & Infrastructure ETF","NYSEARCA"
"IVES","Dan IVES Wedbush AI Revolution ETF","NYSEARCA"
"IVF","INVO Fertility, Inc.","NASDAQ"
"IVLU","iShares MSCI Intl Value Factor ETF","NYSEARCA"
"IVOG","Vanguard S&P Mid-Cap 400 Growth ETF","NYSEARCA"
"IVOL","Quadratic Interest Rate Volatility and Inflation Hedge ETF","NYSEARCA"
"IVOO","Vanguard S&P Mid-Cap 400 ETF","NYSEARCA"
"IVOV","Vanguard S&P Mid-Cap 400 Value ETF","NYSEARCA"
"IVR","INVESCO MORTGAGE CAPITAL INC","NYSE"
"IVRS","iShares Future Metaverse Tech and Communications ETF","NYSEARCA"
"IVSI","Applied Finance IVS International Large ETF","NASDAQ"
"IVSS","Applied Finance IVS US SMID ETF","NASDAQ"
"IVSX","Applied Finance IVS International SMID ETF","NASDAQ"
"IVT","InvenTrust Properties Corp.","NYSE"
"IVV","iShares Core S&P 500 ETF","NYSEARCA"
"IVVB","iShares Large Cap Deep Quarterly Laddered ETF","BATS"
"IVVD","Invivyd, Inc.","NASDAQ"
"IVVM","iShares Large Cap Moderate Quarterly Laddered ETF","BATS"
"IVVW","iShares S&P 500 BuyWrite ETF","BATS"
"IVW","iShares S&P 500 Growth ETF","NYSEARCA"
"IVZ","Invesco Ltd","NYSE"
"IWB","iShares Russell 1000 ETF","NYSEARCA"
"IWC","iShares Microcap ETF","NYSEARCA"
"IWD","iShares Russell 1000 Value ETF","NYSEARCA"
"IWDL","ETRACS 2x Leveraged US Value Factor TR ETN","NYSEARCA"
"IWF","iShares Russell 1000 Growth Fund","NYSEARCA"
"IWFG","NYLI Winslow Focused Large Cap Growth ETF","NYSEARCA"
"IWFL","ETRACS 2x Leveraged US Growth Factor TR ETN","NYSEARCA"
"IWL","iShares Russell Top 200 ETF","NYSEARCA"
"IWLG","NYLI Winslow Large Cap Growth ETF","NYSEARCA"
"IWM","iShares Russell 2000 Index Fund","NYSEARCA"
"IWMI","NEOS Russell 2000 High Income ETF","BATS"
"IWML","ETRACS 2x Leveraged US Size Factor TR ETN","NYSEARCA"
"IWMW","iShares Russell 2000 BuyWrite ETF","BATS"
"IWMY","Defiance R2000 Weekly Distribution ETF","NYSEARCA"
"IWN","iShares Russell 2000 Value ETF","NYSEARCA"
"IWO","iShares Russell 2000 Growth Fund","NYSEARCA"
"IWP","iShares Russell Midcap Growth ETF","NYSEARCA"
"IWR","iShares Russell Mid-Cap ETF","NYSEARCA"
"IWS","iShares Russell Mid-Cap Value ETF","NYSEARCA"
"IWV","iShares Russell 3000 Fund","NYSEARCA"
"IWX","iShares Russell Top 200 Value ETF","NYSEARCA"
"IWY","iShares Russell Top 200 Growth ETF","NYSEARCA"
"IX","ORIX Corporation American Depositary Shares","NYSE"
"IXC","iShares Global Energy ETF","NYSEARCA"
"IXG","iShares Global Financial ETF","NYSEARCA"
"IXHL","Incannex Healthcare Inc.","NASDAQ"
"IXJ","iShares Global Healthcare ETF","NYSEARCA"
"IXN","iShares Global Tech ETF","NYSEARCA"
"IXP","iShares Global Comm Services ETF","NYSEARCA"
"IXUS","iShares Core MSCI Total International Stock ETF","NASDAQ"
"IYC","iShares U.S. Consumer Discretionary ETF","NYSEARCA"
"IYE","iShares U.S. Energy ETF","NYSEARCA"
"IYF","iShares U.S. Financial ETF","NYSEARCA"
"IYG","iShares U.S. Financial Services ETF","NYSEARCA"
"IYH","iShares U.S. Healthcare ETF","NYSEARCA"
"IYJ","iShares U.S. Industrials ETF","BATS"
"IYK","iShares U.S. Consumer Staples ETF","NYSEARCA"
"IYLD","iShares Morningstar Multi-Asset Income ETF","BATS"
"IYM","iShares U.S. Basic Materials ETF","NYSEARCA"
"IYR","iShares U.S. Real Estate ETF","NYSEARCA"
"IYRI","NEOS Real Estate High Income ETF","BATS"
"IYT","iShares U.S. Transportation ETF","BATS"
"IYW","iShares U.S. Technology ETF","NYSEARCA"
"IYY","iShares Dow Jones U.S. ETF","NYSEARCA"
"IYZ","iShares U.S. Telecommunications ETF","BATS"
"IZEA","IZEA Worldwide, Inc.","NASDAQ"
"IZM","ICZOOM Group Inc.","NASDAQ"
"IZRL","ARK Israel Innovative Technology ETF","BATS"
"J","Jacobs Solutions Inc.","NYSE"
"JA","Janus Henderson AA-A CLO ETF","NYSEARCA"
"JAAA","Janus Henderson AAA CLO ETF","NYSEARCA"
"JABRU","JAB Acquisition Corp I - Units","NASDAQ"
"JABS","Janus Henderson Asset-Backed Securities ETF","NYSEARCA"
"JACK","Jack In The Box Inc.","NASDAQ"
"JACS","Jackson Acquisition Company II Class A","NYSE"
"JACS.R","Jackson Acquisition Company II Rights, each right to acquire one-tenth (1/10) of one Class A ordinary share","NYSE"
"JACS.U","Jackson Acquisition Company II Units, each consisting of one Class A ordinary share and one right to acquire one-tenth (1/10) of one Class A ordinary ","NYSE"
"JADB","Aptus January Deep Buffer ETF","BATS"
"JADE","JPMorgan Active Developing Markets Equity ETF","NYSEARCA"
"JAGU","Jaguar Uranium Corp. Class A Common Shares","AMEX"
"JAGX","Jaguar Health, Inc.","NASDAQ"
"JAJL","Innovator Equity Defined Protection ETF - 6mo Jan/Jul","BATS"
"JAKK","JAKKS Pacific, Inc.","NASDAQ"
"JAN","Janus Living, Inc. Class A-1","NYSE"
"JANB","Aptus January Buffer ETF","BATS"
"JANH","Innovator Premium Income 20 Barrier ETF - January","BATS"
"JANI","AllianzIM International Equity Buffer15 Uncapped Jan ETF","BATS"
"JANJ","Innovator Premium Income 30 Barrier ETF - January","BATS"
"JANM","FT Vest U.S. Equity Max Buffer ETF - January","BATS"
"JANP","PGIM S&P 500 Buffer 12 ETF - January","BATS"
"JANT","AllianzIM U.S. Large Cap Buffer10 Jan ETF","BATS"
"JANU","AllianzIM U.S. Equity Buffer15 Uncapped Jan ETF","BATS"
"JANW","AllianzIM U.S. Large Cap Buffer20 Jan ETF","BATS"
"JANX","Janux Therapeutics, Inc.","NASDAQ"
"JANZ","TrueShares Structured Outcome (January) ETF","BATS"
"JAPN","Horizon Kinetics Japan Owner Operator ETF","NASDAQ"
"JATT","JATT II Acquisition Corp","NASDAQ"
"JAVA","JPMorgan Active Value ETF","NYSEARCA"
"JAZZ","Jazz Pharmaceuticals plc","NASDAQ"
"JBBB","Janus Henderson B-BBB CLO ETF","BATS"
"JBDI","JBDI Holdings Limited","NASDAQ"
"JBGS","JBG SMITH Properties Common Shares","NYSE"
"JBHT","J.B. Hunt Transport Services, Inc.","NASDAQ"
"JBI","Janus International Group, Inc.","NYSE"
"JBIO","Jade Biosciences, Inc.","NASDAQ"
"JBK","Lehman ABS 3.50 3.50% Adjustable Corp Backed Tr Certs GS Cap I","NYSE"
"JBL","Jabil Inc.","NYSE"
"JBLU","JetBlue Airways Corporation","NASDAQ"
"JBND","JPMorgan Active Bond ETF","NYSE"
"JBS","JBS N.V. Class A Common Shares","NYSE"
"JBSS","John B. Sanfilippo & Son, Inc.","NASDAQ"
"JBTM","JBT Marel Corporation","NYSE"
"JCAL","JPMorgan California Tax Free Bond ETF","NYSEARCA"
"JCAP","Jefferson Capital, Inc.","NASDAQ"
"JCE","Nuveen Core Equity Alpha Fund Common Shares of Beneficial Interest","NYSE"
"JCHI","JPMorgan Active China ETF","NYSEARCA"
"JCI","Johnson Controls International plc Ordinary Share","NYSE"
"JCPB","JPMorgan Core Plus Bond ETF","NYSEARCA"
"JCPI","JPMorgan Inflation Managed Bond ETF","NYSEARCA"
"JCSE","JE Cleantech Holdings Limited","NASDAQ"
"JCTC","Jewett-Cameron Trading Company - Common Shares","NASDAQ"
"JD","JD.com, Inc.","NASDAQ"
"JDIV","JPMorgan Dividend Leaders ETF","NYSEARCA"
"JDOC","JPMorgan Healthcare Leaders ETF","NASDAQ"
"JDST","Direxion Daily Junior Gold Miners Index Bear 2X ETF","NYSEARCA"
"JDVI","John Hancock Disciplined Value International Select ETF","NYSEARCA"
"JDVL","John Hancock Disciplined Value Select ETF","NYSEARCA"
"JDZG","JIADE LIMITED","NASDAQ"
"JEDI","Defiance Drone and Modern Warfare ETF","NYSEARCA"
"JEF","Jefferies Financial Group Inc.","NYSE"
"JELD","JELD-WEN Holding, Inc.","NYSE"
"JELH","Janus Henderson Equity Linked High Income ETF","BATS"
"JELM","Janus Henderson Equity Linked Moderate Income ETF","BATS"
"JEM","707 Cayman Holdings Limited","NASDAQ"
"JEMA","JPMorgan ActiveBuilders Emerging Markets Equity ETF","NASDAQ"
"JEMB","Janus Henderson Emerging Markets Debt Hard Currency ETF","NYSEARCA"
"JENA","Jena Acquisition Corporation II Class A","NYSE"
"JENA.R","Jena Acquisition Corporation II Rights, each right to acquire one-twentieth (1/20) of one Class A ordinary share","NYSE"
"JENA.U","Jena Acquisition Corporation II Units, each consisting of one Class A ordinary share and one right","NYSE"
"JEPI","JPMorgan Equity Premium Income ETF","NYSEARCA"
"JEPQ","JPMorgan Nasdaq Equity Premium Income ETF","NASDAQ"
"JETD","MAX Airlines -3X Inverse Leveraged ETNs","NYSEARCA"
"JETS","U.S. Global Jets ETF","NYSEARCA"
"JETU","MAX Airlines 3X Leveraged ETNs","NYSEARCA"
"JF","J and Friends Holdings Limited","NASDAQ"
"JFB","JFB Construction Holdings","NASDAQ"
"JFIN","Jiayin Group Inc.","NASDAQ"
"JFLI","JPMorgan Flexible Income ETF","NYSEARCA"
"JFLX","JPMorgan Flexible Debt ETF","NYSEARCA"
"JFR","Nuveen Floating Rate Income Fund","NYSE"
"JFU","9F Inc.","NASDAQ"
"JG","Aurora Mobile Limited","NASDAQ"
"JGH","Nuveen Global High Income Fund Common Shares of Beneficial Interest","NYSE"
"JGLO","JPMorgan Global Select Equity ETF","NASDAQ"
"JGRO","JPMorgan Active Growth ETF","NYSEARCA"
"JGRW","Jensen Quality Growth ETF","NYSEARCA"
"JHAC","John Hancock Fundamental All Cap Core ETF","NYSEARCA"
"JHAI","Janus Henderson Global Artificial Intelligence ETF","NASDAQ"
"JHCB","John Hancock Corporate Bond ETF","NYSEARCA"
"JHCP","John Hancock Core Plus Bond ETF","NYSEARCA"
"JHCR","John Hancock Core Bond ETF","NYSEARCA"
"JHDG","John Hancock Hedged Equity ETF","NYSEARCA"
"JHDV","John Hancock U.S. High Dividend ETF","NYSEARCA"
"JHEM","John Hancock Multifactor Emerging Markets ETF","NYSEARCA"
"JHG","Janus Henderson Group plc","NYSE"
"JHHY","John Hancock High Yield ETF","NYSEARCA"
"JHI","John Hancock Investors Trust","NYSE"
"JHID","John Hancock International High Dividend ETF","NYSEARCA"
"JHLN","John Hancock Global Senior Loan ETF","NYSEARCA"
"JHMB","John Hancock Mortgage-Backed Securities ETF","NYSEARCA"
"JHMD","John Hancock Multifactor Developed International ETF","NYSEARCA"
"JHML","John Hancock Multifactor Large Cap ETF","NYSEARCA"
"JHMM","John Hancock Multifactor Mid Cap ETF","NYSEARCA"
"JHMU","John Hancock Dynamic Municipal Bond ETF","NYSEARCA"
"JHPI","John Hancock Preferred Income ETF","NYSEARCA"
"JHS","John Hancock Income Securities Trust","NYSE"
"JHSC","John Hancock Multifactor Small Cap ETF","NYSEARCA"
"JHX","James Hardie Industries plc.","NYSE"
"JIDE","JPMorgan International Dynamic ETF","NYSEARCA"
"JIG","JPMorgan International Growth ETF","NYSEARCA"
"JIII","Janus Henderson Income ETF","NYSEARCA"
"JILL","J. Jill, Inc.","NYSE"
"JIRE","JPMorgan International Research Enhanced Equity ETF","NYSEARCA"
"JIVE","JPMorgan International Value ETF","NASDAQ"
"JJSF","J & J Snack Foods Corp.","NASDAQ"
"JKHY","Jack Henry & Associates, Inc.","NASDAQ"
"JKS","JinkoSolar Holding Company Limited American Depositary Shares (each representing 4 Common Shares)","NYSE"
"JL","J-Long Group Limited","NASDAQ"
"JLHL","Julong Holding Limited","NASDAQ"
"JLL","Jones Lang LaSalle Incorporated","NYSE"
"JLQD","Janus Henderson Corporate Bond ETF","NYSEARCA"
"JLS","Nuveen Mortgage and Income Fund","NYSE"
"JMBS","Janus Henderson Mortgage-Backed Securities ETF","NYSEARCA"
"JMEE","JPMorgan Small & Mid Cap Enhanced Equity ETF","NYSEARCA"
"JMHI","JPMorgan High Yield Municipal ETF","NYSEARCA"
"JMIA","Jumia Technologies AG American Depositary Shares, each representing two","NYSE"
"JMID","Janus Henderson Mid Cap Growth Alpha ETF","NASDAQ"
"JMM","Nuveen Multi-Market Income Fund (MA)","NYSE"
"JMMF","JPMorgan 100% U.S. Treasury Securities Money Market ETF","NYSEARCA"
"JMOM","JPMorgan U.S. Momentum Factor ETF","NYSEARCA"
"JMSB","John Marshall Bancorp, Inc.","NASDAQ"
"JMSI","JPMorgan Sustainable Municipal Income ETF","NYSEARCA"
"JMST","JPMorgan Ultra-Short Municipal Income ETF","NYSEARCA"
"JMTG","JPMorgan Mortgage-Backed Securities ETF","NYSEARCA"
"JMUB","JPMorgan Municipal ETF","NYSEARCA"
"JNEU","AllianzIM U.S. Equity Buffer15 Uncapped June ETF","BATS"
"JNJ","Johnson & Johnson","NYSE"
"JNK","State Street SPDR Bloomberg High Yield Bond ETF","NYSEARCA"
"JNUG","Direxion Daily Junior Gold Miners Index Bull 2X ETF","NYSEARCA"
"JOB","GEE Group Inc.","AMEX"
"JOBX","Tradr 2X Long JOBY Daily ETF","BATS"
"JOBY","Joby Aviation, Inc.","NYSE"
"JOBY.W","Joby Aviation, Inc. Warrants","NYSE"
"JOE","St. Joe Company (The)","NYSE"
"JOET","Virtus Terranova U.S. Quality Momentum ETF","NYSEARCA"
"JOF","Japan Smaller Capitalization Fund Inc","NYSE"
"JOJO","ATAC Credit Rotation ETF","NYSEARCA"
"JOUL","Corgi High Voltage Grid Equipment ETF","BATS"
"JOUT","Johnson Outdoors Inc.","NASDAQ"
"JOYT","JPMorgan Equity and Options Total Return ETF","NASDAQ"
"JOYY","JOYY Inc.","NASDAQ"
"JPAN","Matthews Japan Active ETF","NYSEARCA"
"JPC","Nuveen Preferred & Income Opportunities Fund","NYSE"
"JPEF","JPMorgan Equity Focus ETF","NASDAQ"
"JPEM","JPMorgan Diversified Return Emerging Markets Equity ETF","NYSEARCA"
"JPFP","JPMorgan Managed Futures Plus ETF","NASDAQ"
"JPHY","JPMorgan Active High Yield ETF","NYSEARCA"
"JPIB","JPMorgan International Bond Opportunities ETF","NYSEARCA"
"JPIE","JPMorgan Income ETF","NYSEARCA"
"JPIN","JPMorgan Diversified Return International Equity ETF","NYSEARCA"
"JPLD","JPMorgan Limited Duration Bond ETF","NYSEARCA"
"JPM","JP Morgan Chase & Co.","NYSE"
"JPMB","JPMorgan USD Emerging Markets Sovereign Bond ETF","NYSEARCA"
"JPME","JPMorgan Diversified Return U.S. Mid Cap Equity ETF","NYSEARCA"
"JPO","YieldMax JP Option Income Strategy ETF","NYSEARCA"
"JPRE","JPMorgan Realty Income ETF","NYSEARCA"
"JPSE","JPMorgan Diversified Return U.S. Small Cap Equity ETF","NYSEARCA"
"JPST","JPMorgan Ultra-Short Income ETF","NYSEARCA"
"JPSV","JPMorgan Active Small Cap Value ETF","NYSEARCA"
"JPUS","JPMorgan Diversified Return U.S. Equity ETF","NYSEARCA"
"JPXN","iShares JPX-Nikkei 400 ETF","NYSEARCA"
"JPY","Lazard Japanese Equity ETF","NASDAQ"
"JQC","Nuveen Credit Strategies Income Fund Shares of Beneficial Interest","NYSE"
"JQUA","JPMorgan U.S. Quality Factor ETF","NYSEARCA"
"JRE","Janus Henderson U.S. Real Estate ETF","NYSEARCA"
"JRI","Nuveen Real Asset Income and Growth Fund Common Shares of Beneficial Interest","NYSE"
"JRS","Nuveen Real Estate Income Fund Common Shares of Beneficial Interest","NYSE"
"JRSH","Jerash Holdings (US), Inc.","NASDAQ"
"JRVR","James River Group Holdings, Inc.","NASDAQ"
"JSCP","JPMorgan Short Duration Core Plus ETF","NYSEARCA"
"JSI","Janus Henderson Securitized Income ETF","NYSEARCA"
"JSM","Navient Corporation - 6% Senior Notes due December 15, 2043","NASDAQ"
"JSMD","Janus Henderson Small/Mid Cap Growth Alpha ETF","NASDAQ"
"JSML","Janus Henderson Small Cap Growth Alpha ETF","NASDAQ"
"JSPR","Jasper Therapeutics, Inc.","NASDAQ"
"JSPRW","Jasper Therapeutics, Inc. - Warrant","NASDAQ"
"JSTC","Adasina Social Justice All Cap Global ETF","NYSEARCA"
"JTAI","Jet.AI Inc.","NASDAQ"
"JTEK","JPMorgan U.S. Tech Leaders ETF","NASDAQ"
"JTNY","JPMorgan New York Tax Free Bond ETF","NYSEARCA"
"JUCY","Aptus Enhanced Yield ETF","BATS"
"JUDB","Aptus July Deep Buffer ETF","BATS"
"JUDO","Janus Henderson U.S. Equity Enhanced Income ETF","BATS"
"JULB","Aptus July Buffer ETF","BATS"
"JULH","Innovator Premium Income 20 Barrier ETF - July","BATS"
"JULJ","Innovator Premium Income 30 Barrier ETF - July","BATS"
"JULM","FT Vest U.S. Equity Max Buffer ETF - July","BATS"
"JULP","PGIM S&P 500 Buffer 12 ETF - July","BATS"
"JULT","AllianzIM U.S. Large Cap Buffer10 Jul ETF","BATS"
"JULU","AllianzIM U.S. Equity Buffer15 Uncapped Jul ETF","BATS"
"JULW","AllianzIM U.S. Large Cap Buffer20 Jul ETF","BATS"
"JULZ","TrueShares Structured Outcome (July) ETF","BATS"
"JUNC","Corgi U.S. Equities 10% Structured Buffer ETF - June Series","BATS"
"JUNM","FT Vest U.S. Equity Max Buffer ETF - June","BATS"
"JUNP","PGIM S&P 500 Buffer 12 ETF - June","BATS"
"JUNS","Jupiter Neurosciences, Inc.","NASDAQ"
"JUNT","AllianzIM U.S. Large Cap Buffer10 Jun ETF","BATS"
"JUNW","AllianzIM U.S. Large Cap Buffer20 Jun ETF","BATS"
"JUNZ","TrueShares Structured Outcome (June) ETF","BATS"
"JUSA","JPMorgan U.S. Research Enhanced Large Cap ETF","NYSEARCA"
"JUST","Goldman Sachs JUST U.S. Large Cap Equity ETF","NYSEARCA"
"JVA","Coffee Holding Co., Inc.","NASDAQ"
"JVAL","JPMorgan U.S. Value Factor ETF","NYSEARCA"
"JWEL","Jowell Global Ltd.","NASDAQ"
"JXG","JX Luxventure Group Inc.","NASDAQ"
"JXI","iShares Global Utilities ETF","NYSEARCA"
"JXN","Jackson Financial Inc. Class A","NYSE"
"JXX","Janus Henderson Transformational Growth ETF","BATS"
"JYD","Jayud Global Logistics Limited","NASDAQ"
"JYNT","The Joint Corp.","NASDAQ"
"JZ","Jianzhi Education Technology Group Company Limited","NASDAQ"
"JZXN","Jiuzi Holdings, Inc.","NASDAQ"
"KAI","Kadant Inc","NYSE"
"KALA","KALA BIO, Inc.","NASDAQ"
"KALU","Kaiser Aluminum Corporation","NASDAQ"
"KAMO","Kensington Credit Opportunities ETF","BATS"
"KAPA","Kairos Pharma, Ltd.","AMEX"
"KAPR","Innovator U.S. Small Cap Power Buffer ETF - April","BATS"
"KARD","Kardigan, Inc.","NASDAQ"
"KARO","Karooooo Ltd.","NASDAQ"
"KARS","KraneShares Electric Vehicles and Future Mobility Index ETF","NYSEARCA"
"KAT","Scharf ETF","NASDAQ"
"KAUG","Innovator US Small Cap Power Buffer ETF - August","BATS"
"KAZR","Skyline Builders Group Holding Limited","NASDAQ"
"KB","KB Financial Group Inc","NYSE"
"KBA","KraneShares Bosera MSCI China A 50 Connect Index ETF","NYSEARCA"
"KBAB","KraneShares 2x Long BABA Daily ETF","NASDAQ"
"KBDC","Kayne Anderson BDC, Inc.","NYSE"
"KBDU","KraneShares 2x Long BIDU Daily ETF","NASDAQ"
"KBE","State Street SPDR S&P Bank ETF","NYSEARCA"
"KBFR","Innovator U.S. Small Cap Managed 10 Buffer ETF","NYSEARCA"
"KBH","KB Home","NYSE"
"KBON","Karbon Capital Partners Corp.","NASDAQ"
"KBONU","Karbon Capital Partners Corp. - Units","NASDAQ"
"KBONW","Karbon Capital Partners Corp. - Warrant","NASDAQ"
"KBR","KBR, Inc.","NYSE"
"KBSX","FST Corp.","NASDAQ"
"KBUF","KraneShares 90% KWEB Defined Outcome January 2027 ETF","NYSEARCA"
"KBWB","Invesco KBW Bank ETF","NASDAQ"
"KBWD","Invesco KBW High Dividend Yield Financial ETF","NASDAQ"
"KBWP","Invesco KBW Property & Casualty Insurance ETF","NASDAQ"
"KBWY","Invesco KBW Premium Yield Equity REIT ETF","NASDAQ"
"KC","Kingsoft Cloud Holdings Limited","NASDAQ"
"KCA.U","Kensington Capital Acquisition Corp. VI New Units, each consisting of one Class A Ordinary Share and three-quarters of one Class 2 Redeemable Warrant","NYSE"
"KCAC.U","Kensington Capital Acquisition Corp. VI Units, each consisting of one Class A ordinary share, one-quarter of one Class 1 redeemable warrant and three-","NYSE"
"KCAC.W","Kensington Capital Acquisition Corp. VI Class 1 redeemable warrants, each exercisable for one Class A ordinary share at an exercise price of $11.50","NYSE"
"KCAI","KraneShares China Alpha Index ETF","NYSEARCA"
"KCCA","KraneShares California Carbon Allowance Strategy ETF","NYSEARCA"
"KCE","State Street SPDR S&P Capital Markets ETF","NYSEARCA"
"KCHV","Kochav Defense Acquisition Corp.","NASDAQ"
"KCHVR","Kochav Defense Acquisition Corp. - Right","NASDAQ"
"KCHVU","Kochav Defense Acquisition Corp. - Units","NASDAQ"
"KCOP","Kurv Copper & Mining Enhanced Income ETF","BATS"
"KCSH","KraneShares Sustainable Ultra Short Duration Index ETF","NYSEARCA"
"KD","Kyndryl Holdings, Inc.","NYSE"
"KDEC","Innovator U.S. Small Cap Power Buffer ETF - December","BATS"
"KDEF","PLUS Korea Defense Industry Index ETF","NYSEARCA"
"KDK","Kodiak AI, Inc.","NASDAQ"
"KDKRW","Kodiak AI, Inc. - Warrant","NASDAQ"
"KDP","Keurig Dr Pepper Inc.","NASDAQ"
"KDRN","Kingsbarn Tactical Bond ETF","NYSEARCA"
"KDVD","Keeley Dividend ETF","NYSEARCA"
"KE","Kimball Electronics, Inc.","NASDAQ"
"KEAT","Keating Active ETF","NASDAQ"
"KEEL","Keel Infrastructure Corp.","NASDAQ"
"KEEX","Defiance Daily Target 2x Long KEEL ETF","BATS"
"KELYA","Kelly Services, Inc.","NASDAQ"
"KELYB","Kelly Services, Inc.","NASDAQ"
"KEMQ","KraneShares Emerging Markets Consumer Technology Index ETF","NYSEARCA"
"KEMX","KraneShares MSCI Emerging Markets ex China Index ETF","NYSEARCA"
"KEN","Kenon Holdings Ltd.","NYSE"
"KEP","Korea Electric Power Corporation","NYSE"
"KEQU","Kewaunee Scientific Corporation","NASDAQ"
"KEX","Kirby Corporation","NYSE"
"KEY","KeyCorp","NYSE"
"KEYG","Leverage Shares 2X Long KEYS Daily ETF","BATS"
"KEYS","Keysight Technologies Inc.","NYSE"
"KEYY","Keystone Acquisition Corp.","NASDAQ"
"KEYYU","Keystone Acquisition Corp. - Unit","NASDAQ"
"KEYYW","Keystone Acquisition Corp. - Warrants","NASDAQ"
"KF","Korea Fund, Inc. (The) New","NYSE"
"KFEB","Innovator U.S. Small Cap Power Buffer ETF - February","BATS"
"KFFB","Kentucky First Federal Bancorp","NASDAQ"
"KFII","K&F Growth Acquisition Corp. II","NASDAQ"
"KFIIR","K&F Growth Acquisition Corp. II - Rights","NASDAQ"
"KFIIU","K&F Growth Acquisition Corp. II - Unit","NASDAQ"
"KFRC","Kforce, Inc.","NYSE"
"KFY","Korn Ferry","NYSE"
"KG","Kestrel Group, Ltd.","NASDAQ"
"KGC","Kinross Gold Corporation","NYSE"
"KGEI","Kolibri Global Energy Inc.","NASDAQ"
"KGLD","Kurv Gold Enhanced Income ETF","BATS"
"KGRN","KraneShares MSCI China Clean Technology Index ETF","NYSEARCA"
"KGS","Kodiak Gas Services, Inc.","NYSE"
"KHC","The Kraft Heinz Company","NASDAQ"
"KHPI","Kensington Hedged Premium Income ETF","BATS"
"KHYB","KraneShares Asia Pacific High Income USD Bond ETF","NYSEARCA"
"KIDS","OrthoPediatrics Corp.","NASDAQ"
"KIDZ","KIDZ AI Inc.","NASDAQ"
"KIDZW","KIDZ AI Inc. - Warrants","NASDAQ"
"KIE","State Street SPDR S&P Insurance ETF","NYSEARCA"
"KIM","Kimco Realty Corporation (HC)","NYSE"
"KINS","Kingstone Companies, Inc","NASDAQ"
"KIO","KKR Income Opportunities Fund Common Shares","NYSE"
"KIQQ","KraneShares InspereX Nasdaq Dynamic Buffered High Income Index ETF","NASDAQ"
"KITT","Nauticus Robotics, Inc.","NASDAQ"
"KITTW","Nauticus Robotics, Inc. - Warrant","NASDAQ"
"KJAN","Innovator U.S. Small Cap Power Buffer ETF - January","BATS"
"KJD","KraneShares 2x Long JD Daily ETF","NASDAQ"
"KJUL","Innovator U.S. Small Cap Power Buffer ETF - July","BATS"
"KJUN","Innovator U.S. Small Cap Power Buffer ETF - June","BATS"
"KKR","KKR & Co. Inc.","NYSE"
"KKRS","KKR Group Finance Co. IX LLC 4.625% Subordinated Notes due 2061","NYSE"
"KKRT","KKR & Co. Inc. 6.875% Subordinated Notes due 2065","NYSE"
"KLAC","KLA Corporation","NASDAQ"
"KLAG","Leverage Shares 2x Long KLAC Daily ETF","NASDAQ"
"KLAR","Klarna Group plc","NYSE"
"KLC","KinderCare Learning Companies, Inc.","NYSE"
"KLIC","Kulicke and Soffa Industries, Inc.","NASDAQ"
"KLIP","KraneShares KWEB Covered Call Strategy ETF","NYSEARCA"
"KLMN","Invesco MSCI North America Climate ETF","NYSEARCA"
"KLMT","Invesco MSCI Global Climate 500 ETF","NYSEARCA"
"KLRA","Kailera Therapeutics, Inc.","NASDAQ"
"KLRS","Kalaris Therapeutics, Inc.","NASDAQ"
"KLTR","Kaltura, Inc.","NASDAQ"
"KLXE","KLX Energy Services Holdings, Inc.","NASDAQ"
"KMAR","Innovator U.S. Small Cap Power Buffer ETF - March","BATS"
"KMAY","Innovator U.S. Small Cap Power Buffer ETF - May","BATS"
"KMB","Kimberly-Clark Corporation","NASDAQ"
"KMCA","PLUS Korea Manufacturing Core Alliance Index ETF","NYSEARCA"
"KMDA","Kamada Ltd.","NASDAQ"
"KMI","Kinder Morgan, Inc.","NYSE"
"KMID","Virtus KAR Mid-Cap ETF","NYSEARCA"
"KMLI","KraneShares 2x Long MELI Daily ETF","NASDAQ"
"KMLM","KraneShares Mount Lucas Managed Futures Index Strategy ETF","NYSEARCA"
"KMPB","Kemper Corporation 5.875% Fixed-Rate Reset Junior Subordinated Debentures due 2062","NYSE"
"KMPR","Kemper Corporation","NYSE"
"KMRK","K-Tech Solutions Company Limited","NASDAQ"
"KMT","Kennametal Inc.","NYSE"
"KMTS","Kestra Medical Technologies, Ltd.","NASDAQ"
"KMX","CarMax Inc","NYSE"
"KN","Knowles Corporation","NYSE"
"KNCT","Invesco Next Gen Connectivity ETF","NYSEARCA"
"KNDI","Kandi Technologies Group, Inc.","NASDAQ"
"KNF","Knife Riv Holding Co.","NYSE"
"KNG","FT Vest S&P 500 Dividend Aristocrats Target Income ETF","BATS"
"KNGZ","First Trust S&P 500 Diversified Dividend Aristocrats ETF","NASDAQ"
"KNO","AXS Knowledge Leaders ETF","NYSEARCA"
"KNOP","KNOT Offshore Partners LP Common Units representing Limited Partner Interests","NYSE"
"KNOV","Innovator U.S. Small Cap Power Buffer ETF - November","BATS"
"KNOW","Fundamentals First ETF","BATS"
"KNRG","Simplify Kayne Anderson Energy and Infrastructure Credit ETF","NYSEARCA"
"KNRX","KNOREX LTD. Class A","AMEX"
"KNSA","Kiniksa Pharmaceuticals International, plc","NASDAQ"
"KNSL","Kinsale Capital Group, Inc.","NYSE"
"KNTK","Kinetik Holdings Inc. Class A","NYSE"
"KNX","Knight-Swift Transportation Holdings Inc.","NYSE"
"KO","Coca-Cola Company (The)","NYSE"
"KOCT","Innovator U.S. Small Cap Power Buffer ETF - October","BATS"
"KOD","Kodiak Sciences Inc","NASDAQ"
"KODK","Eastman Kodak Company Common New","NYSE"
"KOF","Coca Cola Femsa S.A.B. de C.V.  American Depositary Shares, each representing 10 Units (each Unit consists of 3 Series B Shares and 5 Series L Shares)","NYSE"
"KOID","KraneShares Global Humanoid Robotics and Physical AI Index ETF","NASDAQ"
"KOKU","Xtrackers MSCI Kokusai Equity ETF","NYSEARCA"
"KOLD","ProShares UltraShort Bloomberg Natural Gas","NYSEARCA"
"KOMP","State Street SPDR S&P Kensho New Economies Composite ETF","NYSEARCA"
"KONG","Formidable Fortress ETF","BATS"
"KOOL","North Shore Equity Rotation ETF","NYSEARCA"
"KOP","Koppers Holdings Inc.","NYSE"
"KOPN","Kopin Corporation","NASDAQ"
"KORE","KORE Group Holdings, Inc.","NYSE"
"KORP","American Century Diversified Corporate Bond ETF","NYSEARCA"
"KORU","Direxion Daily South Korea Bull 3X ETF","NYSEARCA"
"KOS","Kosmos Energy Ltd. Common Shares (DE)","NYSE"
"KOSS","Koss Corporation","NASDAQ"
"KOYN","CSLM Digital Asset Acquisition Corp III","NASDAQ"
"KOYNU","CSLM Digital Asset Acquisition Corp III - Units","NASDAQ"
"KOYNW","CSLM Digital Asset Acquisition Corp III - Warrants","NASDAQ"
"KPDD","KraneShares 2x Long PDD Daily ETF","NASDAQ"
"KPET","KPET Ultra Paceline Corporation Class A","NYSE"
"KPET.U","KPET Ultra Paceline Corporation Units, each consisting of one Class A Ordinary Share and one-sixth of one Warrant","NYSE"
"KPET.W","KPET Ultra Paceline Corporation Warrants, each whole warrant exercisable for one Class A ordinary share at an exercise price of $11.50 per share","NYSE"
"KPHO","KraneShares Dragon Capital Growth of Vietnam Index ETF","NYSEARCA"
"KPLT","Katapult Holdings, Inc.","NASDAQ"
"KPRO","KraneShares 100% KWEB Defined Outcome January 2027 ETF","NYSEARCA"
"KPRX","Kiora Pharmaceuticals, Inc.","NASDAQ"
"KPTI","Karyopharm Therapeutics Inc.","NASDAQ"
"KQQQ","Kurv Technology Titans Select ETF","NASDAQ"
"KR","Kroger Company (The)","NYSE"
"KRAQ","KRAKacquisition Corp","NASDAQ"
"KRAQU","KRAKacquisition Corp - Unit","NASDAQ"
"KRAQW","KRAKacquisition Corp - Warrants","NASDAQ"
"KRBN","KraneShares Global Carbon Strategy ETF","NYSEARCA"
"KRC","Kilroy Realty Corporation","NYSE"
"KRE","State Street SPDR S&P Regional Banking ETF","NYSEARCA"
"KREF","KKR Real Estate Finance Trust Inc.","NYSE"
"KRG","Kite Realty Group Trust","NYSE"
"KRKR","36Kr Holdings Inc.","NASDAQ"
"KRMA","Global X Conscious Companies ETF","NASDAQ"
"KRMD","KORU Medical Systems, Inc.","NASDAQ"
"KRMN","Karman Holdings Inc.","NYSE"
"KRNT","Kornit Digital Ltd.","NASDAQ"
"KRNY","Kearny Financial","NASDAQ"
"KRO","Kronos Worldwide Inc","NYSE"
"KROP","Global X AgTech & Food Innovation ETF","NASDAQ"
"KROS","Keros Therapeutics, Inc.","NASDAQ"
"KRP","Kimbell Royalty Partners Common Units Representing Limited Partner Interests","NYSE"
"KRRO","Korro Bio, Inc.","NASDAQ"
"KRSP","Rice Acquisition Corporation 3 Class A","NYSE"
"KRSP.U","Rice Acquisition Corporation 3 Units, each consisting of one Class A ordinary share, and one-sixth of one redeemable warrant","NYSE"
"KRSP.W","Rice Acquisition Corporation 3 Redeemable warrants, each whole warrant exercisable for one Class A ordinary share at an exercise price of $11.50","NYSE"
"KRT","Karat Packaging Inc.","NASDAQ"
"KRUS","Kura Sushi USA, Inc.","NASDAQ"
"KRWX","Corgi South Korea 2x Daily ETF","BATS"
"KRYP","ProShares CoinDesk 20 Crypto ETF","NYSEARCA"
"KRYS","Krystal Biotech, Inc.","NASDAQ"
"KSA","iShares MSCI Saudi Arabia ETF","NYSEARCA"
"KSCP","Knightscope, Inc.","NASDAQ"
"KSEP","Innovator U.S. Small Cap Power Buffer ETF - September","BATS"
"KSLV","Kurv Silver Enhanced Income ETF","BATS"
"KSPI","Joint Stock Company Kaspi.kz - American Depository Shares","NASDAQ"
"KSPY","KraneShares Hedgeye Hedged Equity Index ETF","NYSEARCA"
"KSS","Kohl's Corporation","NYSE"
"KSTR","KraneShares SSE STAR Market 50 Index ETF","NYSEARCA"
"KT","KT Corporation","NYSE"
"KTB","Kontoor Brands, Inc.","NYSE"
"KTCC","Key Tronic Corporation","NASDAQ"
"KTEC","KraneShares Hang Seng TECH Index ETF","NYSEARCA"
"KTF","DWS Municipal Income Trust","NYSE"
"KTH","Structures Products Cp 8% CorTS Issued by Peco Energy Cap Tr II Preferred Stock","NYSE"
"KTN","Structured Products Corp 8.205% CorTS 8.205% Corporate Backed Trust Securities (CorTS)","NYSE"
"KTOS","Kratos Defense & Security Solutions, Inc.","NASDAQ"
"KTTA","Pasithea Therapeutics Corp.","NASDAQ"
"KTTAW","Pasithea Therapeutics Corp. - Warrant","NASDAQ"
"KTUP","T-REX 2X Long KTOS Daily Target ETF","BATS"
"KTWO","K2 Capital Acquisition Corporation","NASDAQ"
"KTWOR","K2 Capital Acquisition Corporation - Rights","NASDAQ"
"KTWOU","K2 Capital Acquisition Corporation - Units","NASDAQ"
"KULR","KULR Technology Group, Inc.","AMEX"
"KURA","Kura Oncology, Inc.","NASDAQ"
"KURE","KraneShares MSCI All China Health Care Index ETF","NYSEARCA"
"KUST","Kustom Entertainment, Inc.","NASDAQ"
"KVAC","Keen Vision Acquisition Corporation","NASDAQ"
"KVACU","Keen Vision Acquisition Corporation - Units","NASDAQ"
"KVACW","Keen Vision Acquisition Corporation - Warrant","NASDAQ"
"KVHI","KVH Industries, Inc.","NASDAQ"
"KVLE","KraneShares Value Line Dynamic Dividend Equity Index ETF","NYSEARCA"
"KVUE","Kenvue Inc.","NYSE"
"KVYO","Klaviyo, Inc. Series A","NYSE"
"KWEB","KraneShares CSI China Internet ETF","NYSEARCA"
"KWIN","KraneShares Wahed Alternative Income Index ETF","NYSEARCA"
"KWM","K Wave Media, Ltd.","NASDAQ"
"KWMWW","K Wave Media, Ltd. - Warrant","NASDAQ"
"KWR","Quaker Houghton","NYSE"
"KWT","iShares MSCI Kuwait ETF","BATS"
"KWY","Kingsway Corporation","NYSE"
"KXI","iShares Global Consumer Staples ETF","NYSEARCA"
"KXIN","Kaixin Holdings","NASDAQ"
"KYC","Corgi Digital Banking & Fintech Infrastructure ETF","BATS"
"KYIV","Kyivstar Group Ltd. - Common Shares","NASDAQ"
"KYIVW","Kyivstar Group Ltd. - Warrant","NASDAQ"
"KYLD","Kurv High Income ETF","BATS"
"KYMR","Kymera Therapeutics, Inc.","NASDAQ"
"KYN","Kayne Anderson Energy Infrastructure Fund, Inc.","NYSE"
"KYNB","Kyntra Bio, Inc.","NASDAQ"
"KYTX","Kyverna Therapeutics, Inc.","NASDAQ"
"KZIA","Kazia Therapeutics Limited","NASDAQ"
"L","Loews Corporation","NYSE"
"LAB","Standard BioTools Inc.","NASDAQ"
"LABD","Direxion Daily S&P Biotech Bear 3X ETF","NYSEARCA"
"LABT","Lakewood-Amedex Biotherapeutics Inc.","NASDAQ"
"LABU","Direxion Daily S&P Biotech Bull 3X ETF","NYSEARCA"
"LABX","Tradr 2X Long ALAB Daily ETF","BATS"
"LAC","Lithium Americas Corp. Common Shares","NYSE"
"LACG","Leverage Shares 2X Long LAC Daily ETF","NASDAQ"
"LAD","Lithia Motors, Inc.","NYSE"
"LADR","Ladder Capital Corp Class A","NYSE"
"LAES","SEALSQ Corp","NASDAQ"
"LAFA","LaFayette Acquisition Corp. - Ordinary Share","NASDAQ"
"LAFAR","LaFayette Acquisition Corp. - Rights","NASDAQ"
"LAFAU","LaFayette Acquisition Corp. - Unit","NASDAQ"
"LAKE","Lakeland Industries, Inc.","NASDAQ"
"LALT","First Trust Multi-Strategy Alternative ETF","NYSEARCA"
"LAMR","Lamar Advertising Company","NASDAQ"
"LAND","Gladstone Land Corporation","NASDAQ"
"LANDO","Gladstone Land Corporation - 6.00% Series B Cumulative Redeemable Preferred Stock","NASDAQ"
"LANDP","Gladstone Land Corporation - 6.00% Series C Cumulative Redeemable Preferred Stock","NASDAQ"
"LANV","Lanvin Group Holdings Limited","NYSE"
"LANV.W","Lanvin Group Holdings Limited Redeemable Warrants, each whole warrant exercisable for one Ordinary Share at an exercise price of $11.50","NYSE"
"LAPR","Innovator Premium Income 15 Buffer ETF - April","BATS"
"LAR","Lithium Argentina AG Common Shares","NYSE"
"LARK","Landmark Bancorp Inc.","NASDAQ"
"LASE","Laser Photonics Corporation","NASDAQ"
"LASR","nLIGHT, Inc.","NASDAQ"
"LATA","Galata Acquisition Corp. II","NASDAQ"
"LATAU","Galata Acquisition Corp. II - Units","NASDAQ"
"LATAW","Galata Acquisition Corp. II - Warrant","NASDAQ"
"LATR","Corgi Buy Now Pay Later ETF","BATS"
"LAUR","Laureate Education, Inc.","NASDAQ"
"LAW","CS Disco, Inc.","NYSE"
"LAWR","Robot Consulting Co., Ltd. - ADS","NASDAQ"
"LAZ","Lazard, Inc.","NYSE"
"LB","LandBridge Company LLC Class A Shares Representing Limited Liability Company Interests","NYSE"
"LBAY","Leatherback Long/Short Alternative Yield ETF","NYSEARCA"
"LBGJ","Li Bang International Corporation Inc.","NASDAQ"
"LBO","WHITEWOLF Publicly Listed Private Equity ETF","BATS"
"LBRDA","Liberty Broadband Corporation","NASDAQ"
"LBRDK","Liberty Broadband Corporation","NASDAQ"
"LBRDP","Liberty Broadband Corporation - Series A Cumulative Redeemable Preferred Stock","NASDAQ"
"LBRT","Liberty Energy Inc. Class A","NYSE"
"LBRX","LB Pharmaceuticals Inc","NASDAQ"
"LBTYA","Liberty Global Ltd.","NASDAQ"
"LBTYB","Liberty Global Ltd.","NASDAQ"
"LBTYK","Liberty Global Ltd.","NASDAQ"
"LCAP","Principal Capital Appreciation Select ETF","BATS"
"LCCC","Lakeshore Acquisition III Corp.","NASDAQ"
"LCCCR","Lakeshore Acquisition III Corp. - Rights","NASDAQ"
"LCCCU","Lakeshore Acquisition III Corp. - Unit","NASDAQ"
"LCDL","GraniteShares 2x Long LCID Daily ETF","NASDAQ"
"LCDS","JPMorgan Fundamental Data Science Large Core ETF","NASDAQ"
"LCF","Touchstone US Large Cap Focused ETF","BATS"
"LCFY","Locafy Limited - Ordinary Share","NASDAQ"
"LCFYW","Locafy Limited - Warrant","NASDAQ"
"LCID","Lucid Group, Inc.","NASDAQ"
"LCII","LCI Industries","NYSE"
"LCLG","Logan Capital Broad Innovative Growth ETF","NYSEARCA"
"LCLN","Lincoln International, Inc. Class A","NYSE"
"LCNB","LCNB Corporation","NASDAQ"
"LCO","LOGIQ Contrarian Opportunities ETF","NYSEARCA"
"LCOW","Pacer S&P 500 Quality FCF Aristocrats ETF","BATS"
"LCR","Leuthold Core ETF","NYSEARCA"
"LCTD","iShares World ex U.S. Carbon Transition Readiness Aware Active ETF","NYSEARCA"
"LCTU","iShares U.S. Carbon Transition Readiness Aware Active ETF","NYSEARCA"
"LCTX","Lineage Cell Therapeutics, Inc.","AMEX"
"LCUT","Lifetime Brands, Inc.","NASDAQ"
"LDDR","LifeX 2035 Income Bucket ETF","BATS"
"LDEM","iShares ESG MSCI EM Leaders ETF","NASDAQ"
"LDI","loanDepot, Inc. Class A","NYSE"
"LDOS","Leidos Holdings, Inc.","NYSE"
"LDP","Cohen & Steers Limited Duration Preferred and Income Fund, Inc.","NYSE"
"LDRC","iShares iBonds 1-5 Year Corporate Ladder ETF","NYSEARCA"
"LDRH","iShares iBonds 1-5 Year High Yield and Income Ladder ETF","NYSEARCA"
"LDRI","iShares iBonds 1-5 Year TIPS Ladder ETF","NYSEARCA"
"LDRT","iShares iBonds 1-5 Year Treasury Ladder ETF","NYSEARCA"
"LDRX","SGI Enhanced Market Leaders ETF","NASDAQ"
"LDSF","First Trust Low Duration Strategic Focus ETF","NASDAQ"
"LDUR","PIMCO Enhanced Low Duration Active Exchange-Traded Fund","NYSEARCA"
"LE","Lands' End, Inc.","NASDAQ"
"LEA","Lear Corporation","NYSE"
"LEAD","Siren DIVCON Leaders Dividend ETF","BATS"
"LECO","Lincoln Electric Holdings, Inc. - Common Shares","NASDAQ"
"LEDS","SemiLEDS Corporation","NASDAQ"
"LEE","Lee Enterprises, Incorporated","NASDAQ"
"LEG","Leggett & Platt, Incorporated","NYSE"
"LEGH","Legacy Housing Corporation","NASDAQ"
"LEGN","Legend Biotech Corporation","NASDAQ"
"LEGO","Legato Merger Corp. IV","AMEX"
"LEGO.U","Legato Merger Corp. IV Units, each consisting of one ordinary share and one-third of one redeemable warrant","AMEX"
"LEGO.W","Legato Merger Corp. IV Redeemable Warrants, each whole warrant exercisable to purchase one ordinary share at an exercise price of $11.50 per share","AMEX"
"LEGR","First Trust Indxx Innovative Transaction & Process ETF","NASDAQ"
"LEMB","iShares J.P. Morgan EM Local Currency Bond","NYSEARCA"
"LEN","Lennar Corporation Class A","NYSE"
"LEN.B","Lennar Corporation Class B","NYSE"
"LEND","SEI High Yield Bond & Alternative Credit ETF","NASDAQ"
"LENS","Sarmaya Thematic ETF","BATS"
"LENZ","LENZ Therapeutics, Inc.","NASDAQ"
"LEO","BNY Mellon Strategic Municipals, Inc.","NYSE"
"LESL","Leslie's, Inc.","NASDAQ"
"LEU","Centrus Energy Corp. Class A","NYSE"
"LEUX","Tradr 2X Long LEU Daily ETF","BATS"
"LEVI","Levi Strauss & Co Class A","NYSE"
"LEXI","Alexis Practical Tactical ETF","NASDAQ"
"LEXX","Lexaria Bioscience Corp.","NASDAQ"
"LFAC","Leapfrog Acquisition Corporation","NASDAQ"
"LFACU","Leapfrog Acquisition Corporation - Units","NASDAQ"
"LFACW","Leapfrog Acquisition Corporation - Warrants","NASDAQ"
"LFAI","LifeX 2050 Longevity Income ETF","BATS"
"LFAO","LifeX 2055 Longevity Income ETF","BATS"
"LFAW","LifeX 2060 Longevity Income ETF","BATS"
"LFBE","LifeX 2065 Longevity Income ETF","BATS"
"LFCR","Lifecore Biomedical, Inc.","NASDAQ"
"LFDR","LifeX Durable Income ETF","BATS"
"LFEQ","VanEck Long/Flat Trend ETF","NYSEARCA"
"LFGY","YieldMax Crypto Industry & Tech Portfolio Option Income ETF","NYSEARCA"
"LFMD","LifeMD, Inc.","NASDAQ"
"LFMDP","LifeMD, Inc. - 8.875% Series A Cumulative Perpetual Preferred Stock","NASDAQ"
"LFS","LEIFRAS Co., Ltd.","NASDAQ"
"LFSC","F/m Emerald Life Sciences Innovation ETF","NASDAQ"
"LFST","LifeStance Health Group, Inc.","NASDAQ"
"LFT","Lument Finance Trust, Inc.","NYSE"
"LFTO","Liftoff Mobile, Inc.","NASDAQ"
"LFUS","Littelfuse, Inc.","NASDAQ"
"LFVN","Lifevantage Corporation","NASDAQ"
"LFWD","Lifeward Ltd.","NASDAQ"
"LGCF","Themes US Cash Flow Champions ETF","NASDAQ"
"LGCL","Lucas GC Limited","NASDAQ"
"LGCY","Legacy Education Inc.","AMEX"
"LGDX","Intech S&P Large Cap Diversified Alpha ETF","NYSEARCA"
"LGH","HCM Defender 500 Index ETF","NYSEARCA"
"LGHL","Lion Group Holding Ltd. - American Depositary Share","NASDAQ"
"LGHT","Langar Global HealthTech ETF","NYSEARCA"
"LGI","Lazard Global Total Return and Income Fund","NYSE"
"LGIH","LGI Homes, Inc.","NASDAQ"
"LGL","LGL Group, Inc. (The)","AMEX"
"LGL.R","LGL Group, Inc. (The) Rights (expiring June 23, 2026) Rights","AMEX"
"LGLV","State Street SPDR US Large Cap Low Volatility Index ETF","NYSEARCA"
"LGN","Legence Corp.","NASDAQ"
"LGND","Ligand Pharmaceuticals Incorporated","NASDAQ"
"LGO","Largo Inc. - Common Shares","NASDAQ"
"LGOV","First Trust Long Duration Opportunities ETF","NYSEARCA"
"LGPS","LogProstyle Inc. Common Shares","AMEX"
"LGRO","Level Four Large Cap Growth Active ETF","NASDAQ"
"LGVN","Longeveron Inc.","NASDAQ"
"LH","Labcorp Holdings Inc.","NYSE"
"LHAI","Linkhome Holdings Inc.","NASDAQ"
"LHSW","Lianhe Sowell International Group Ltd","NASDAQ"
"LHX","L3Harris Technologies, Inc.","NYSE"
"LI","Li Auto Inc.","NASDAQ"
"LIAE","LifeX 2050 Inflation-Protected Longevity Income ETF","BATS"
"LIAM","LifeX 2055 Inflation-Protected Longevity Income ETF","BATS"
"LIAU","LifeX 2060 Inflation-Protected Longevity Income ETF","BATS"
"LIBD","LifeX 2065 Inflation-Protected Longevity Income ETF","BATS"
"LICN","Lichen International Limited","NASDAQ"
"LIDR","AEye, Inc.","NASDAQ"
"LIDRW","AEye, Inc. - Warrant","NASDAQ"
"LIEN","Chicago Atlantic BDC, Inc.","NASDAQ"
"LIF","Life360, Inc.","NASDAQ"
"LIFE","Ethos Technologies Inc.","NASDAQ"
"LIFT","LifeX 2028 Income Bucket ETF","BATS"
"LII","Lennox International, Inc.","NYSE"
"LILA","Liberty Latin America Ltd.","NASDAQ"
"LILAK","Liberty Latin America Ltd.","NASDAQ"
"LILAP","Liberty Latin America Ltd. - 9.0% Fixed Rate Cumulative Perpetual Redeemable Series A Preference Shares","NASDAQ"
"LIMI","Themes Lithium & Battery Metal Miners ETF","BATS"
"LIMN","Liminatus Pharma, Inc.","NASDAQ"
"LIMNW","Liminatus Pharma, Inc. - Warrants","NASDAQ"
"LIN","Linde plc","NASDAQ"
"LINC","Lincoln Educational Services Corporation","NASDAQ"
"LIND","Lindblad Expeditions Holdings Inc.","NASDAQ"
"LINE","Lineage, Inc.","NASDAQ"
"LINK","Interlink Electronics, Inc.","NASDAQ"
"LINT","Direxion Daily INTC Bull 2X ETF","NASDAQ"
"LION","Lionsgate Studios Corp Common Shares","NYSE"
"LIQT","LiqTech International, Inc.","NASDAQ"
"LIT","Global X Lithium & Battery Tech ETF","NYSEARCA"
"LITB","LightInTheBox Holding Co., Ltd. American Depositary Shares, each representing twelve","NYSE"
"LITE","Lumentum Holdings Inc.","NASDAQ"
"LITL","Simplify Piper Sandler US Small-Cap PLUS Income ETF","NYSEARCA"
"LITP","Sprott Lithium Miners ETF","NASDAQ"
"LITS","Lite Strategy, Inc.","NASDAQ"
"LITU","T-REX 2X Long LITE Daily Target ETF","BATS"
"LITX","Tradr 2X Long LITE Daily ETF","BATS"
"LITZ","Tradr 2X Short LITE Daily ETF","BATS"
"LIVE","Live Ventures Incorporated","NASDAQ"
"LIVN","LivaNova PLC","NASDAQ"
"LIXT","Lixte Biotechnology Holdings, Inc.","NASDAQ"
"LJAN","Innovator Premium Income 15 Buffer ETF - January","BATS"
"LJUL","Innovator Premium Income 15 Buffer ETF - July","BATS"
"LKFN","Lakeland Financial Corporation","NASDAQ"
"LKFT","Lakefront Biotherapeutics","NASDAQ"
"LKOR","FlexShares Credit-Scored US Long Corporate Bond Index Fund","BATS"
"LKQ","LKQ Corporation","NASDAQ"
"LKSP","Lake Superior Acquisition Corp.","NASDAQ"
"LKSPR","Lake Superior Acquisition Corp. - Rights","NASDAQ"
"LKSPU","Lake Superior Acquisition Corp. - Units","NASDAQ"
"LLDR","Global X Long-Term Treasury Ladder ETF","NYSEARCA"
"LLY","Eli Lilly and Company","NYSE"
"LLYVA","Liberty Live Holdings, Inc. - Series A Liberty Live Group","NASDAQ"
"LLYVK","Liberty Live Holdings, Inc. - Series C Liberty Live Group","NASDAQ"
"LLYX","Defiance Daily Target 2X Long LLY ETF","NYSEARCA"
"LMAT","LeMaitre Vascular, Inc.","NASDAQ"
"LMB","Limbach Holdings, Inc.","NASDAQ"
"LMBS","First Trust Low Duration Opportunities ETF","NASDAQ"
"LMFA","LM Funding America, Inc.","NASDAQ"
"LMND","Lemonade, Inc.","NYSE"
"LMNR","Limoneira Co","NASDAQ"
"LMNX","Defiance Daily Target 2x Long LMND ETF","NASDAQ"
"LMRI","Lumexa Imaging Holdings, Inc.","NASDAQ"
"LMT","Lockheed Martin Corporation","NYSE"
"LMTL","Direxion Daily LMT Bull 2X ETF","NASDAQ"
"LMUB","iShares Long-Term National Muni Bond ETF","NYSEARCA"
"LNAI","Lunai Bioworks Inc.","NASDAQ"
"LNC","Lincoln National Corporation","NYSE"
"LND","Brasilagro Brazilian Agric Real Estate Co Sponsored ADR (Brazil)","NYSE"
"LNG","Cheniere Energy, Inc.","NYSE"
"LNGX","Global X U.S. Natural Gas ETF","NYSEARCA"
"LNKS","Linkers Industries Limited","NASDAQ"
"LNN","Lindsay Corporation","NYSE"
"LNOK","Defiance Daily Target 2X Long NOK ETF","BATS"
"LNSR","LENSAR, Inc.","NASDAQ"
"LNT","Alliant Energy Corporation","NASDAQ"
"LNTH","Lantheus Holdings, Inc.","NASDAQ"
"LNZA","LanzaTech Global, Inc.","NASDAQ"
"LNZAW","LanzaTech Global, Inc. - Warrant","NASDAQ"
"LOAN","Manhattan Bridge Capital, Inc","NASDAQ"
"LOAR","Loar Holdings Inc.","NYSE"
"LOB","Live Oak Bancshares, Inc.","NYSE"
"LOBO","LOBO TECHNOLOGIES LTD.","NASDAQ"
"LOCL","Local Bounti Corporation","NYSE"
"LOCO","El Pollo Loco Holdings, Inc.","NASDAQ"
"LOCT","Innovator Premium Income 15 Buffer ETF - October","BATS"
"LODE","Comstock Inc.","AMEX"
"LODI","AAM SLC Low Duration Income ETF","NYSEARCA"
"LOFF","Direxion Daily SpaceX Bull 2X ETF","NYSEARCA"
"LOGI","Logitech International S.A. - Registered Shares","NASDAQ"
"LOGO","Alpha Brands Consumption Leaders ETF","NASDAQ"
"LOHA","Roundhill HALO ETF","BATS"
"LOMA","Loma Negra Compania Industrial Argentina Sociedad Anonima ADS","NYSE"
"LONA","LeonaBio, Inc.","NASDAQ"
"LONZ","PIMCO Senior Loan Active Exchange-Traded Fund","NYSEARCA"
"LOOP","Loop Industries, Inc.","NASDAQ"
"LOPE","Grand Canyon Education, Inc.","NASDAQ"
"LOPP","Gabelli Love Our Planet & People ETF Gabelli Love Our Planet & People ETF","NYSEARCA"
"LOT","Lotus Technology Inc.","NASDAQ"
"LOTI","Liberty One Tactical Income ETF","NASDAQ"
"LOTWW","Lotus Technology Inc. - Warrants","NASDAQ"
"LOUP","Innovator Deepwater Frontier Tech ETF","NYSEARCA"
"LOVE","The Lovesac Company","NASDAQ"
"LOW","Lowe's Companies, Inc.","NYSE"
"LOWV","AB US Low Volatility Equity ETF","NYSEARCA"
"LPA","Logistic Properties of the Americas","AMEX"
"LPAA","Launch One Acquisition Corp.","NASDAQ"
"LPAAU","Launch One Acquisition Corp. - Unit","NASDAQ"
"LPAAW","Launch One Acquisition Corp. - Warrant","NASDAQ"
"LPBB","Launch Two Acquisition Corp.","NASDAQ"
"LPBBU","Launch Two Acquisition Corp. - Unit","NASDAQ"
"LPBBW","Launch Two Acquisition Corp. - Warrant","NASDAQ"
"LPCN","Lipocine Inc.","NASDAQ"
"LPCV","Launchpad Cadenza Acquisition Corp I","NASDAQ"
"LPCVU","Launchpad Cadenza Acquisition Corp I - Unit","NASDAQ"
"LPCVW","Launchpad Cadenza Acquisition Corp I - Warrant","NASDAQ"
"LPG","Dorian LPG Ltd.","NYSE"
"LPL","LG Display Co, Ltd AMERICAN DEPOSITORY SHARES","NYSE"
"LPLA","LPL Financial Holdings Inc.","NASDAQ"
"LPRE","Long Pond Real Estate Select ETF","NYSEARCA"
"LPRO","Open Lending Corporation","NASDAQ"
"LPSN","LivePerson, Inc.","NASDAQ"
"LPTH","LightPath Technologies, Inc.","NASDAQ"
"LPX","Louisiana-Pacific Corporation","NYSE"
"LQ","Simplify Tax Aware Alternatives ETF","NASDAQ"
"LQAI","LG QRAFT AI-Powered U.S. Large Cap Core ETF","NYSEARCA"
"LQD","iShares iBoxx $ Investment Grade Corporate Bond ETF","NYSEARCA"
"LQDA","Liquidia Corporation","NASDAQ"
"LQDB","iShares BBB Rated Corporate Bond ETF","NYSEARCA"
"LQDH","iShares Interest Rate Hedged Corporate Bond ETF","NYSEARCA"
"LQDI","iShares Inflation Hedged Corporate Bond ETF","BATS"
"LQDM","Amplify LQD Investment Grade 12% Target Income ETF","BATS"
"LQDT","Liquidity Services, Inc.","NASDAQ"
"LQDW","iShares Investment Grade Corporate Bond BuyWrite Strategy ETF","BATS"
"LQID","Kurv Enhanced Short Maturity ETF","BATS"
"LQTI","FT Vest Investment Grade & Target Income ETF","NYSEARCA"
"LRCU","Tradr 2X Long LRCX Daily ETF","BATS"
"LRCX","Lam Research Corporation","NASDAQ"
"LRE","Lead Real Estate Co., Ltd","NASDAQ"
"LRGC","AB US Large Cap Strategic Equities ETF","NYSEARCA"
"LRGE","ClearBridge Large Cap Growth Select ETF","NASDAQ"
"LRGF","iShares U.S. Equity Factor ETF","NYSEARCA"
"LRGG","Nomura Focused Large Growth ETF","NYSEARCA"
"LRHC","La Rosa Holdings Corp.","NASDAQ"
"LRMR","Larimar Therapeutics, Inc.","NASDAQ"
"LRN","Stride, Inc.","NYSE"
"LRND","NYLI U.S. Large Cap R&D Leaders ETF","NASDAQ"
"LRNZ","TrueShares Technology, AI & Deep Learning ETF","NYSEARCA"
"LSAF","LeaderShares AlphaFactor US Core Equity ETF","NYSEARCA"
"LSAK","Lesaka Technologies, Inc.","NASDAQ"
"LSAT","LeaderShares AlphaFactor Tactical Focused ETF","NYSEARCA"
"LSBK","Lake Shore Bancorp, Inc.","NASDAQ"
"LSCC","Lattice Semiconductor Corporation","NASDAQ"
"LSE","Leishen Energy Holding Co., Ltd.","NASDAQ"
"LSEQ","Harbor Long-Short Equity ETF","NYSEARCA"
"LSF","Laird Superfood, Inc.","AMEX"
"LSGR","Natixis Loomis Sayles Focused Growth ETF","NYSEARCA"
"LSH","Lakeside Holding Limited","NASDAQ"
"LSPD","Lightspeed Commerce Inc. Subordinate Voting Shares","NYSE"
"LST","Leuthold Select Industries ETF","NYSEARCA"
"LSTA","Lisata Therapeutics, Inc.","NASDAQ"
"LSTR","Landstar System, Inc.","NASDAQ"
"LSVD","LSV Disciplined Value ETF","NYSEARCA"
"LTAX","Nomura Tax-Free USA ETF","NYSEARCA"
"LTBR","Lightbridge Corporation","NASDAQ"
"LTC","LTC Properties, Inc.","NYSE"
"LTCC","Canary Litecoin ETF","NASDAQ"
"LTGRU","Long Table Growth Corp. - Units","NASDAQ"
"LTH","Life Time Group Holdings, Inc.","NYSE"
"LTL","ProShares Ultra Communication Services","NYSEARCA"
"LTM","LATAM Airlines Group S.A. American Depositary Shares (each representing two thousand (2,000) shares of Common Stock)","NYSE"
"LTPZ","Pimco 15  Year U.S. TIPS Index Exchange-Traded Fund","NYSEARCA"
"LTRN","Lantern Pharma Inc.","NASDAQ"
"LTRX","Lantronix, Inc.","NASDAQ"
"LTRYW","Sports Entertainment Gaming Global Corporation  - Warrant","NASDAQ"
"LTTI","FT Vest 20+ Year Treasury & Target Income ETF","NYSEARCA"
"LU","Lufax Holding Ltd American Depositary Shares, each representing two (2)","NYSE"
"LUCD","Lucid Diagnostics Inc.","NASDAQ"
"LUCK","Lucky Strike Entertainment Corporation Class A","NYSE"
"LUCY","Innovative Eyewear, Inc.","NASDAQ"
"LUCYW","Innovative Eyewear, Inc. - Warrants","NASDAQ"
"LUD","Luda Technology Group Limited","AMEX"
"LULG","Leverage Shares 2X Long LULU Daily ETF","NASDAQ"
"LULU","lululemon athletica inc.","NASDAQ"
"LUMN","Lumen Technologies, Inc.","NYSE"
"LUNG","Pulmonx Corporation","NASDAQ"
"LUNL","Defiance Daily Target 2X Long LUNR ETF","BATS"
"LUNR","Intuitive Machines, Inc.","NASDAQ"
"LUV","Southwest Airlines Company","NYSE"
"LUXE","LuxExperience B.V. American Depositary Shares, each representing one Ordinary Share","NYSE"
"LVDS","JPMorgan Fundamental Data Science Large Value ETF","NASDAQ"
"LVHD","Franklin U.S. Low Volatility High Dividend Index ETF","NASDAQ"
"LVHI","Franklin International Low Volatility High Dividend Index ETF","BATS"
"LVIG","Longview Advantage Fixed Income ETF","NASDAQ"
"LVLN","State Street SPDR S&P Leveraged Loan ETF","NYSEARCA"
"LVLU","Lulu's Fashion Lounge Holdings, Inc.","NASDAQ"
"LVO","LiveOne, Inc.","NASDAQ"
"LVS","Las Vegas Sands Corp.","NYSE"
"LVWR","LiveWire Group, Inc.","NYSE"
"LVWR.W","LiveWire Group, Inc. Warrants, each exercisable for one share of Common Stock at an exercise price of $11.50 per share","NYSE"
"LW","Lamb Weston Holdings, Inc.","NYSE"
"LWAC","LightWave Acquisition Corp.","NASDAQ"
"LWACU","LightWave Acquisition Corp. - Units","NASDAQ"
"LWACW","LightWave Acquisition Corp. - Warrants","NASDAQ"
"LWAY","Lifeway Foods, Inc.","NASDAQ"
"LWLG","Lightwave Logic, Inc.","NASDAQ"
"LX","LexinFintech Holdings Ltd.","NASDAQ"
"LXEH","Lixiang Education Holding Co., Ltd.","NASDAQ"
"LXEO","Lexeo Therapeutics, Inc.","NASDAQ"
"LXFR","Luxfer Holdings PLC","NYSE"
"LXP","LXP Industrial Trust Common Stock (Maryland REIT)","NYSE"
"LXRX","Lexicon Pharmaceuticals, Inc.","NASDAQ"
"LXU","LSB Industries, Inc.","NYSE"
"LYB","LyondellBasell Industries NV Ordinary Shares Class A (Netherlands)","NYSE"
"LYEL","Lyell Immunopharma, Inc.","NASDAQ"
"LYFT","Lyft, Inc.","NASDAQ"
"LYG","Lloyds Banking Group Plc American Depositary Shares","NYSE"
"LYLD","Cambria Large Cap Shareholder Yield ETF","BATS"
"LYTS","LSI Industries Inc.","NASDAQ"
"LYV","Live Nation Entertainment, Inc.","NYSE"
"LZ","LegalZoom.com, Inc.","NASDAQ"
"LZB","La-Z-Boy Incorporated","NYSE"
"LZM","Lifezone Metals Limited","NYSE"
"LZM.W","Lifezone Metals Limited Warrants","NYSE"
"LZMH","LZ Technology Holdings Limited","NASDAQ"
"M","Macy's Inc","NYSE"
"MA","Mastercard Incorporated","NYSE"
"MAA","Mid-America Apartment Communities, Inc.","NYSE"
"MAAS","Maase Inc.","NASDAQ"
"MAAY","GraniteShares YieldBOOST MARA ETF","NASDAQ"
"MAC","Macerich Company (The)","NYSE"
"MACI","Melar Acquisition Corp. I","NASDAQ"
"MACIU","Melar Acquisition Corp. I - Unit","NASDAQ"
"MACIW","Melar Acquisition Corp. I - Warrant","NASDAQ"
"MADE","iShares U.S. Manufacturing ETF","NYSEARCA"
"MAGA","Point Bridge America First ETF","BATS"
"MAGC","Roundhill China Magnificent Seven ETF","BATS"
"MAGG","Madison Aggregate Bond ETF","NYSEARCA"
"MAGH","Magnitude International Ltd","NASDAQ"
"MAGN","Magnera Corporation","NYSE"
"MAGO","Tuttle Capital Magnificent 7 Income Blast ETF","BATS"
"MAGS","Roundhill Magnificent Seven ETF","BATS"
"MAGX","Roundhill Daily 2X Long Magnificent Seven ETF","BATS"
"MAGY","Roundhill Magnificent Seven Covered Call ETF","BATS"
"MAIA","MAIA Biotechnology, Inc.","AMEX"
"MAIN","Main Street Capital Corporation","NYSE"
"MAIR","Madison Air Solutions Corporation Class A","NYSE"
"MAKO","Mako Mining Corp","NASDAQ"
"MAKX","ProShares S&P Kensho Smart Factories ETF","NYSEARCA"
"MAMA","Mama's Creations, Inc.","NASDAQ"
"MAMB","Monarch Ambassador Income Index ETF","BATS"
"MAMK","MaxsMaking Inc.","NASDAQ"
"MAMO","Massimo Group","NASDAQ"
"MAN","ManpowerGroup","NYSE"
"MANE","Veradermics, Incorporated","NYSE"
"MANH","Manhattan Associates, Inc.","NASDAQ"
"MANI","Man Active Income ETF","NYSEARCA"
"MANU","Manchester United Ltd. Class A","NYSE"
"MAPP","Harbor Multi-Asset Explorer ETF","NYSEARCA"
"MAR","Marriott International","NASDAQ"
"MARA","MARA Holdings, Inc.","NASDAQ"
"MARB","First Trust Merger Arbitrage ETF","NYSEARCA"
"MARM","FT Vest U.S. Equity Max Buffer ETF - March","BATS"
"MARO","YieldMax MARA Option Income Strategy ETF","NYSEARCA"
"MARPS","Marine Petroleum Trust - Units of Beneficial Interest","NASDAQ"
"MARS","Roundhill Space & Technology ETF","BATS"
"MART","AllianzIM U.S. Large Cap Buffer10 Mar ETF","BATS"
"MARU","AllianzIM U.S. Equity Buffer15 Uncapped Mar ETF","BATS"
"MARW","AllianzIM U.S. Large Cap Buffer20 Mar ETF","BATS"
"MARZ","TrueShares Structured Outcome (March) ETF","BATS"
"MAS","Masco Corporation","NYSE"
"MASK","3 E Network Technology Group Ltd","NASDAQ"
"MASS","908 Devices Inc.","NASDAQ"
"MAT","Mattel, Inc.","NASDAQ"
"MATE","Man Active Trend Enhanced ETF","NASDAQ"
"MATH","Metalpha Technology Holding Limited","NASDAQ"
"MATV","Mativ Holdings, Inc.","NYSE"
"MATW","Matthews International Corporation","NASDAQ"
"MATX","Matson, Inc.","NYSE"
"MAUG","Pacer Swan SOS Moderate (August) ETF","BATS"
"MAVF","Matrix Advisors Value ETF","NYSEARCA"
"MAX","MediaAlpha, Inc. Class A","NYSE"
"MAXI","Simplify Bitcoin Strategy PLUS Income ETF","NASDAQ"
"MAXJ","iShares Large Cap Max Buffer Jun ETF","BATS"
"MAYC","Corgi U.S. Equities 10% Structured Buffer ETF - May Series","BATS"
"MAYM","FT Vest U.S. Equity Max Buffer ETF - May","BATS"
"MAYP","PGIM S&P 500 Buffer 12 ETF - May","BATS"
"MAYS","J. W. Mays, Inc.","NASDAQ"
"MAYT","AllianzIM U.S. Large Cap Buffer10 May ETF","BATS"
"MAYU","AllianzIM U.S. Equity Buffer15 Uncapped May ETF","BATS"
"MAYW","AllianzIM U.S. Large Cap Buffer20 May ETF","BATS"
"MAYZ","TrueShares Structured Outcome (May) ETF","BATS"
"MAZE","Maze Therapeutics, Inc.","NASDAQ"
"MB","MasterBeef Group","NASDAQ"
"MBAI","Check-Cap Ltd. - Ordinary Share","NASDAQ"
"MBAV","M3-Brigade Acquisition V Corp.","NASDAQ"
"MBAVU","M3-Brigade Acquisition V Corp. - Units","NASDAQ"
"MBAVW","M3-Brigade Acquisition V Corp. - Warrant","NASDAQ"
"MBB","iShares MBS ETF","NASDAQ"
"MBBA","iShares Mortgage-Backed Securities Active ETF","BATS"
"MBBB","VanEck Moody's Analytics BBB Corporate Bond ETF","BATS"
"MBBC","Marathon Bancorp, Inc.","NASDAQ"
"MBC","MasterBrand, Inc.","NYSE"
"MBCE","Monarch Blue Chips Elite Index ETF","BATS"
"MBI","MBIA Inc.","NYSE"
"MBIN","Merchants Bancorp","NASDAQ"
"MBINL","Merchants Bancorp - Depositary Shares, Each Representing a 1/40th Interest in a Share of 7.625% Fixed Rate Series E Non-Cumulative Perpetual Preferred","NASDAQ"
"MBINM","Merchants Bancorp - Depositary Shares, Each Representing a 1/40th Interest in a Share of 8.25% Fixed-Rate Reset Series D Non-Cumulative Perpetual Pref","NASDAQ"
"MBINN","Merchants Bancorp - Depositary Shares 6.00% Fixed Rate Series C Non-Cumulative Perpetual Preferred Stock","NASDAQ"
"MBIO","Mustang Bio, Inc.","NASDAQ"
"MBLY","Mobileye Global Inc.","NASDAQ"
"MBND","State Street Nuveen Municipal Bond ETF","BATS"
"MBNKO","Medallion Bank - Fixed-Rate Reset Non-Cumulative Perpetual Preferred Stock, Series G, par value $1.00 per share","NASDAQ"
"MBOT","Microbot Medical Inc.","NASDAQ"
"MBOX","Freedom Day Dividend ETF","NYSEARCA"
"MBRX","Moleculin Biotech, Inc.","NASDAQ"
"MBS","Angel Oak Mortgage-Backed Securities ETF","NASDAQ"
"MBSD","FlexShares Disciplined Duration MBS Index Fund","NYSEARCA"
"MBSF","Regan Floating Rate MBS ETF","NYSEARCA"
"MBSX","Regan Fixed Rate MBS ETF","NYSEARCA"
"MBUU","Malibu Boats, Inc.","NASDAQ"
"MBVI","M3-Brigade Acquisition VI Corp.","NASDAQ"
"MBVIU","M3-Brigade Acquisition VI Corp. - Units","NASDAQ"
"MBVIW","M3-Brigade Acquisition VI Corp. - Warrant","NASDAQ"
"MBWM","Mercantile Bank Corporation","NASDAQ"
"MBX","MBX Biosciences, Inc.","NASDAQ"
"MC","Moelis & Company Class A","NYSE"
"MCAH","Mountain Crest Acquisition 6 Corp.","NASDAQ"
"MCAHR","Mountain Crest Acquisition 6 Corp. - Rights","NASDAQ"
"MCAHU","Mountain Crest Acquisition 6 Corp. - Units","NASDAQ"
"MCB","Metropolitan Bank Holding Corp.","NYSE"
"MCBS","MetroCity Bankshares, Inc.","NASDAQ"
"MCD","McDonald's Corporation","NYSE"
"MCDS","JPMorgan Fundamental Data Science Mid Core ETF","NASDAQ"
"MCFT","MasterCraft Boat Holdings, Inc.","NASDAQ"
"MCGA","Yorkville Acquisition Corp.","NASDAQ"
"MCGAU","Yorkville Acquisition Corp. - Unit","NASDAQ"
"MCGAW","Yorkville Acquisition Corp. - Warrant","NASDAQ"
"MCH","Matthews China Active ETF","NYSEARCA"
"MCHB","Mechanics Bancorp","NASDAQ"
"MCHG","Leverage Shares 2X Long MCHP Daily ETF","BATS"
"MCHI","iShares MSCI China ETF","NASDAQ"
"MCHP","Microchip Technology Incorporated","NASDAQ"
"MCHPP","Microchip Technology Incorporated - Depositary Shares Each Representing a 1/20th Interest in a Share of 7.50% Series A Mandatory Convertible Preferred","NASDAQ"
"MCHS","Matthews China Innovators Active ETF","NASDAQ"
"MCHU","Tradr 2X Long MCHP Daily ETF","BATS"
"MCHX","Marchex, Inc.","NASDAQ"
"MCI","Barings Corporate Investors","NYSE"
"MCK","McKesson Corporation","NYSE"
"MCN","XAI Madison Equity Premium Income Fund Common Shares","NYSE"
"MCO","Moody's Corporation","NYSE"
"MCOW","Pacer S&P MidCap 400 Quality FCF Aristocrats ETF","BATS"
"MCRB","Seres Therapeutics, Inc.","NASDAQ"
"MCRI","Monarch Casino & Resort, Inc.","NASDAQ"
"MCRP","Micropolis AI Robotics","AMEX"
"MCS","Marcus Corporation (The)","NYSE"
"MCTA","Charming Medical Limited","NASDAQ"
"MCVT","Miller Convertible Total Return ETF","NYSEARCA"
"MCY","Mercury General Corporation","NYSE"
"MD","Pediatrix Medical Group, Inc.","NYSE"
"MDA","MDA Space Ltd. Common Shares","NYSE"
"MDAA","Myriad Dynamic Asset Allocation ETF","NYSEARCA"
"MDAI","Spectral AI, Inc.","NASDAQ"
"MDAIW","Spectral AI, Inc. - Warrants","NASDAQ"
"MDB","MongoDB, Inc.","NASDAQ"
"MDBH","MDB Capital Holdings, LLC","NASDAQ"
"MDCR","Pacer Swan SOS Moderate December ETF","BATS"
"MDCX","Medicus Pharma Ltd.","NASDAQ"
"MDCXW","Medicus Pharma Ltd. - Warrant","NASDAQ"
"MDEV","First Trust Indxx Medical Devices ETF","BATS"
"MDGL","Madrigal Pharmaceuticals, Inc.","NASDAQ"
"MDIA","Mediaco Holding Inc.","NASDAQ"
"MDIV","Multi-Asset Diversified Income Index Fund","NASDAQ"
"MDLN","Medline Inc.","NASDAQ"
"MDLV","Morgan Dempsey Large Cap Value ETF","BATS"
"MDLZ","Mondelez International, Inc.","NASDAQ"
"MDPL","Monarch Dividend Plus Index ETF","BATS"
"MDRR","Medalist Diversified, Inc.","NASDAQ"
"MDST","Westwood Salient Enhanced Midstream Income ETF","NYSE"
"MDT","Medtronic plc.","NYSE"
"MDU","MDU Resources Group, Inc. Common Stock (Holding Company)","NYSE"
"MDV","Modiv Industrial, Inc. Class C","NYSE"
"MDWD","MediWound Ltd.","NASDAQ"
"MDXG","MiMedx Group, Inc","NASDAQ"
"MDXH","MDxHealth SA","NASDAQ"
"MDY","State Street SPDR S&P MIDCAP 400 ETF Trust","NYSEARCA"
"MDYG","State Street SPDR S&P 400 Mid Cap Growth ETF","NYSEARCA"
"MDYV","State Street SPDR S&P 400 Mid Cap Value ETF","NYSEARCA"
"MEAR","iShares Short Maturity Municipal Bond Active ETF","BATS"
"MEC","Mayville Engineering Company, Inc.","NYSE"
"MED","MEDIFAST INC","NYSE"
"MEDI","Harbor Health Care ETF","NYSEARCA"
"MEDP","Medpace Holdings, Inc.","NASDAQ"
"MEDX","Horizon Kinetics Medical ETF","NASDAQ"
"MEGI","NYLI CBRE Global Infrastructure Megatrends Term Fund Common Shares","NYSE"
"MEGL","Magic Empire Global Limited","NASDAQ"
"MEI","Methode Electronics, Inc.","NYSE"
"MELI","MercadoLibre, Inc.","NASDAQ"
"MEM","Matthews Emerging Markets Equity Active ETF","NYSEARCA"
"MEMA","Man Active Emerging Markets Alternative ETF","NASDAQ"
"MEME","Roundhill Meme Stock ETF","NYSEARCA"
"MEMS","Matthews Emerging Markets Discovery Active ETF","NASDAQ"
"MEMX","Matthews Emerging Markets ex China Active ETF","NYSEARCA"
"MEMY","Tuttle Capital Meme Stock Income Blast ETF","BATS"
"MENS","Jyong Biotech Ltd.","NASDAQ"
"MEOH","Methanex Corporation","NASDAQ"
"MERC","Mercer International Inc.","NASDAQ"
"MESH","Meshflow Acquisition Corp.","NASDAQ"
"MESHU","Meshflow Acquisition Corp. - Units","NASDAQ"
"MESHW","Meshflow Acquisition Corp. - Warrants","NASDAQ"
"MESO","Mesoblast Limited","NASDAQ"
"MET","MetLife, Inc.","NYSE"
"META","Meta Platforms, Inc.","NASDAQ"
"METC","Ramaco Resources, Inc.","NASDAQ"
"METCB","Ramaco Resources, Inc.","NASDAQ"
"METCI","Ramaco Resources, Inc. - 8.250% Senior Notes due 2030","NASDAQ"
"METCZ","Ramaco Resources, Inc. - 8.375% Senior Notes due 2029","NASDAQ"
"METD","Direxion Daily META Bear 1X ETF","NASDAQ"
"METL","Sprott Active Metals & Miners ETF","NASDAQ"
"METU","Direxion Daily META Bull 2X ETF","NASDAQ"
"METV","Roundhill Ball Metaverse ETF","NYSEARCA"
"METW","Roundhill META WeeklyPay ETF","BATS"
"MEVO","M Evo Global Acquisition Corp II","NASDAQ"
"MEVOU","M Evo Global Acquisition Corp II - Units","NASDAQ"
"MEVOW","M Evo Global Acquisition Corp II - Warrants","NASDAQ"
"MEXX","Direxion Daily MSCI Mexico Bull 3X ETF","NYSEARCA"
"MFA","MFA Financial, Inc.","NYSE"
"MFAN","MFA Financial, Inc. 8.875% Senior Notes due 2029","NYSE"
"MFAO","MFA Financial, Inc. 9.000% Senior Notes due 2029","NYSE"
"MFC","Manulife Financial Corporation","NYSE"
"MFDX","PIMCO RAFI Dynamic Multi-Factor International Equity ETF","NYSEARCA"
"MFEB","Pacer Swan SOS Moderate (February) ETF","BATS"
"MFEM","PIMCO RAFI Dynamic Multi-Factor Emerging Markets Equity ETF","NYSEARCA"
"MFG","Mizuho Financial Group, Inc. Sponosred ADR (Japan)","NYSE"
"MFI","mF International Limited","NASDAQ"
"MFIC","MidCap Financial Investment Corporation - Closed End Fund","NASDAQ"
"MFICL","MidCap Financial Investment Corporation - 8.00% Notes due 2028","NASDAQ"
"MFIG","Motley Fool Innovative Growth ETF","NASDAQ"
"MFIN","Medallion Financial Corp.","NASDAQ"
"MFLX","First Trust Flexible Municipal High Income ETF","NASDAQ"
"MFM","Aberdeen Municipal Income Fund Common Shares of Beneficial Interest","NYSE"
"MFMO","Motley Fool Momentum Factor ETF","NASDAQ"
"MFSB","MFS Active Core Plus Bond ETF","NYSE"
"MFSG","MFS Active Growth ETF","NYSE"
"MFSI","MFS Active International ETF","NYSE"
"MFSM","MFS Active Intermediate Muni Bond ETF","NYSE"
"MFSV","MFS Active Value ETF","NYSE"
"MFUL","Mindful Conservative ETF","BATS"
"MFUS","PIMCO RAFI Dynamic Multi-Factor U.S. Equity ETF","NYSEARCA"
"MFUT","Cambria Chesapeake Pure Trend ETF","BATS"
"MFVL","Motley Fool Value Factor ETF","NASDAQ"
"MG","Mistras Group Inc","NYSE"
"MGA","Magna International, Inc.","NYSE"
"MGC","Vanguard Mega Cap ETF","NYSEARCA"
"MGEE","MGE Energy Inc.","NASDAQ"
"MGF","MFS Government Markets Income Trust","NYSE"
"MGIH","Millennium Group International Holdings Limited","NASDAQ"
"MGK","Vanguard Mega Cap Growth ETF","NYSEARCA"
"MGKX","Corgi U.S. Mega-Cap Growth 2x Daily ETF","BATS"
"MGLD","The Marygold Companies, Inc.","AMEX"
"MGM","MGM Resorts International","NYSE"
"MGMT","Ballast Small/Mid Cap ETF","NYSEARCA"
"MGN","Megan Holdings Limited","NASDAQ"
"MGNI","Magnite, Inc.","NASDAQ"
"MGNR","American Beacon Select Funds American Beacon GLG Natural Resources ETF","NYSEARCA"
"MGNX","MacroGenics, Inc.","NASDAQ"
"MGOV","First Trust Intermediate Government Opportunities ETF","NYSEARCA"
"MGPI","MGP Ingredients, Inc.","NASDAQ"
"MGR","Affiliated Managers Group, Inc. 5.875% Junior Subordinated Notes due 2059","NYSE"
"MGRB","Affiliated Managers Group, Inc. 4.750% Junior Subordinated Notes due 2060","NYSE"
"MGRC","McGrath RentCorp","NASDAQ"
"MGRD","Affiliated Managers Group, Inc. 4.200% Junior Subordinated Notes due 2061","NYSE"
"MGRE","Affiliated Managers Group, Inc. 6.750% Junior Subordinated Notes due 2064","NYSE"
"MGRT","Mega Fortune Company Limited","NASDAQ"
"MGRX","Mangoceuticals, Inc.","NASDAQ"
"MGTX","MeiraGTx Holdings plc","NASDAQ"
"MGV","Vanguard Mega Cap Value ETF","NYSEARCA"
"MGX","Metagenomi Therapeutics, Inc.","NASDAQ"
"MGY","Magnolia Oil & Gas Corporation Class A","NYSE"
"MGYR","Magyar Bancorp, Inc.","NASDAQ"
"MH","McGraw Hill, Inc.","NYSE"
"MHD","Blackrock MuniHoldings Fund, Inc.","NYSE"
"MHF","Western Asset Municipal High Income Fund, Inc.","NYSE"
"MHH","Mastech Digital, Inc","AMEX"
"MHIG","Milliman Healthcare Inflation Guard ETF","NYSEARCA"
"MHIP","Milliman Healthcare Inflation Plus ETF","NYSEARCA"
"MHK","Mohawk Industries, Inc.","NYSE"
"MHLA","Maiden Holdings, Ltd. 6.625% Notes due 2046","NYSE"
"MHNC","Maiden Holdings North America, Ltd. 7.75% Notes due 2043","NYSE"
"MHO","M/I Homes, Inc.","NYSE"
"MHY","Man Active High Yield ETF","NYSEARCA"
"MI","NFT Limited Class A Ordinary Share","AMEX"
"MIAX","Miami International Holdings, Inc.","NYSE"
"MICC","The Magnum Ice Cream Company N.V.","NYSE"
"MID","American Century Mid Cap Growth Impact ETF","NYSEARCA"
"MIDD","The Middleby Corporation","NASDAQ"
"MIDE","Xtrackers S&P MidCap 400 Scored & Screened ETF","NYSEARCA"
"MIDU","Direxion Mid Cap Bull 3X ETF","NYSEARCA"
"MIG","VanEck Moody's Analytics IG Corporate Bond ETF","BATS"
"MIGO","MIG Core ETF","NYSEARCA"
"MILK","Pacer US Cash Cows Bond ETF","BATS"
"MILN","Global X Millennial Consumer ETF","NASDAQ"
"MIMI","Mint Incorporation Limited","NASDAQ"
"MIN","MFS Intermediate Income Trust","NYSE"
"MIND","MIND Technology, Inc.","NASDAQ"
"MINE","Mayfair Gold Corp. Common Shares","AMEX"
"MINN","Mairs & Power Minnesota Municipal Bond ETF","BATS"
"MINO","PIMCO Municipal Income Opportunities Active Exchange-Traded Fund","NYSEARCA"
"MINT","PIMCO Enhanced Short Maturity Active Exchange-Traded Fund","NYSEARCA"
"MINV","Matthews Asia Innovators Active ETF","NYSEARCA"
"MINY","YieldMax Strategic Metals & Mining Portfolio Option Income ETF","NYSEARCA"
"MIR","Mirion Technologies, Inc. Class A","NYSE"
"MIRA","MIRA Pharmaceuticals, Inc.","NASDAQ"
"MIRM","Mirum Pharmaceuticals, Inc.","NASDAQ"
"MISL","First Trust Indxx Aerospace & Defense ETF","NYSEARCA"
"MIST","Milestone Pharmaceuticals Inc. - Common Shares","NASDAQ"
"MITK","Mitek Systems, Inc.","NASDAQ"
"MITN","TPG Mortgage Investment Trust, Inc. 9.500% Senior Notes due 2029","NYSE"
"MITP","TPG Mortgage Investment Trust, Inc. 9.500% Senior Notes due 2029","NYSE"
"MITQ","Moving iMage Technologies, Inc.","AMEX"
"MITT","TPG Mortgage Investment Trust, Inc.","NYSE"
"MIVL","MFS Active International Value ETF","NYSEARCA"
"MIY","Blackrock MuniYield Michigan Quality Fund, Inc.","NYSE"
"MJ","Amplify Alternative Harvest ETF","NYSEARCA"
"MJSC","MUFG Japan Small Cap Active ETF","NYSEARCA"
"MJUN","Pacer Swan SOS Moderate June ETF","BATS"
"MKAM","MKAM ETF","NASDAQ"
"MKC","McCormick & Company, Incorporated","NYSE"
"MKC.V","McCormick & Company, Incorporated","NYSE"
"MKDW","MKDWELL Tech Inc.","NASDAQ"
"MKDWW","MKDWELL Tech Inc. - Warrants","NASDAQ"
"MKL","Markel Group Inc.","NYSE"
"MKLY","McKinley Acquisition Corporation","NASDAQ"
"MKLYR","McKinley Acquisition Corporation - Rights","NASDAQ"
"MKLYU","McKinley Acquisition Corporation - Units","NASDAQ"
"MKOR","Matthews Korea Active ETF","NYSEARCA"
"MKSI","MKS Inc.","NASDAQ"
"MKTN","Federated Hermes MDT Market Neutral ETF","NYSEARCA"
"MKTW","MarketWise, Inc.","NASDAQ"
"MKTX","MarketAxess Holdings, Inc.","NASDAQ"
"MKZR","MacKenzie Realty Capital, Inc.","NASDAQ"
"MLAA","Mountain Lake Acquisition Corp. II","NASDAQ"
"MLAAU","Mountain Lake Acquisition Corp. II - Units","NASDAQ"
"MLAAW","Mountain Lake Acquisition Corp. II - Warrants","NASDAQ"
"MLAB","Mesa Laboratories, Inc.","NASDAQ"
"MLCI","Mount Logan Capital Inc.","NASDAQ"
"MLCIL","Mount Logan Capital Inc. - 8.00% Notes Due 2031","NASDAQ"
"MLCO","Melco Resorts & Entertainment Limited","NASDAQ"
"MLDR","Global X Intermediate-Term Treasury Ladder ETF","NYSEARCA"
"MLEC","Moolec Science SA","NASDAQ"
"MLECW","Moolec Science SA - Warrant","NASDAQ"
"MLGO","MicroAlgo, Inc.","NASDAQ"
"MLI","Mueller Industries, Inc.","NYSE"
"MLKN","MillerKnoll, Inc.","NASDAQ"
"MLM","Martin Marietta Materials, Inc.","NYSE"
"MLN","VanEck Long Muni ETF","BATS"
"MLP","Maui Land & Pineapple Company, Inc.","NYSE"
"MLPA","Global X MLP ETF","NYSEARCA"
"MLPB","ETRACS Alerian MLP Infrastructure Index ETN Series B due April 2, 2040","NYSEARCA"
"MLPD","Global X MLP & Energy Infrastructure Covered Call ETF","NYSEARCA"
"MLPI","NEOS MLP & Energy Infrastructure High Income ETF","BATS"
"MLPR","ETRACS Quarterly Pay 1.5X Leveraged Alerian MLP Index ETN","NYSEARCA"
"MLPX","Global X MLP & Energy Infrastructure ETF","NYSEARCA"
"MLR","Miller Industries, Inc.","NYSE"
"MLSS","Milestone Scientific, Inc.","AMEX"
"MLTX","MoonLake Immunotherapeutics","NASDAQ"
"MLYS","Mineralys Therapeutics, Inc.","NASDAQ"
"MMA","Mixed Martial Arts Group Limited","AMEX"
"MMAR","Pacer Swan SOS Moderate March ETF","BATS"
"MMAX","iShares Large Cap Max Buffer Mar ETF","BATS"
"MMAY","Pacer Swan SOS Moderate (May) ETF","BATS"
"MMCA","NYLI MacKay California Muni Intermediate ETF","NYSEARCA"
"MMD","NYLI MacKay DefinedTerm Muni Opportunities Fund Common Shares","NYSE"
"MMED","MiniMed Group, Inc.","NASDAQ"
"MMI","Marcus & Millichap, Inc.","NYSE"
"MMID","MFS Active Mid Cap ETF","NYSE"
"MMIN","NYLI MacKay Muni Insured ETF","NYSEARCA"
"MMIT","NYLI MacKay Muni Intermediate ETF","NYSEARCA"
"MMK","State Street Prime Money Market ETF","NYSE"
"MMKT","Texas Capital Government Money Market ETF","NYSE"
"MMLP","Martin Midstream Partners L.P. - Common Units Representing Limited Partnership Interests","NASDAQ"
"MMM","3M Company","NYSE"
"MMMA","NYLI MacKay Muni Allocation ETF","NYSEARCA"
"MMS","Maximus, Inc.","NYSE"
"MMSC","First Trust Multi-Manager Small Cap Opportunities ETF","NYSEARCA"
"MMSD","NYLI MacKay Muni Short Duration ETF","NYSEARCA"
"MMSI","Merit Medical Systems, Inc.","NASDAQ"
"MMT","Aberdeen Multi-Market Income Fund Common Shares of Beneficial Interest","NYSE"
"MMTM","State Street SPDR S&P 1500 Momentum Tilt ETF","NYSEARCA"
"MMTX","Miluna Acquisition Corp","NASDAQ"
"MMTXU","Miluna Acquisition Corp - Units","NASDAQ"
"MMTXW","Miluna Acquisition Corp - Warrant","NASDAQ"
"MMU","Western Asset Managed Municipals Fund, Inc.","NYSE"
"MMYT","MakeMyTrip Limited","NASDAQ"
"MNA","NYLI Merger Arbitrage ETF","NYSEARCA"
"MNBD","ALPS BBH Intermediate Municipal Bond ETF","NYSEARCA"
"MNDO","MIND C.T.I. Ltd.","NASDAQ"
"MNDR","Mobile-health Network Solutions","NASDAQ"
"MNDY","monday.com Ltd.","NASDAQ"
"MNKD","MannKind Corporation","NASDAQ"
"MNOV","MediciNova, Inc.","NASDAQ"
"MNPR","Monopar Therapeutics Inc.","NASDAQ"
"MNR","Mach Natural Resources LP Common Units representing Limited Partner Interests","NYSE"
"MNRO","Monro, Inc.","NASDAQ"
"MNRS","Grayscale Bitcoin Miners ETF","NYSEARCA"
"MNSB","MainStreet Bancshares, Inc.","NASDAQ"
"MNSBP","MainStreet Bancshares, Inc. - Depositary Shares","NASDAQ"
"MNSO","MINISO Group Holding Limited American Depositary Shares, each representing four","NYSE"
"MNST","Monster Beverage Corporation","NASDAQ"
"MNTK","Montauk Renewables, Inc.","NASDAQ"
"MNTN","MNTN, Inc. Class A","NYSE"
"MNTS","Momentus Inc.","NASDAQ"
"MNTSW","Momentus Inc. - Warrant","NASDAQ"
"MNVR","Pacer Swan SOS Moderate (November) ETF","BATS"
"MNVT","Moonvest ETF","NASDAQ"
"MNY","MoneyHero Limited","NASDAQ"
"MNYWW","MoneyHero Limited - Warrants","NASDAQ"
"MNZL","Manzil Russell Halal USA Broad Market ETF","NASDAQ"
"MO","Altria Group, Inc.","NYSE"
"MOAT","VanEck Morningstar Wide Moat ETF","BATS"
"MOB","Mobilicom Limited","NASDAQ"
"MOBBW","Mobilicom Limited - Warrants","NASDAQ"
"MOBI","Mobia Medical, Inc.","NASDAQ"
"MOBX","Mobix Labs, Inc.","NASDAQ"
"MOBXW","Mobix Labs, Inc. - Warrants","NASDAQ"
"MOD","Modine Manufacturing Company","NYSE"
"MODD","Modular Medical, Inc.","NASDAQ"
"MODL","VictoryShares WestEnd U.S. Sector ETF","NASDAQ"
"MOG.A","Moog Inc. Class A","NYSE"
"MOG.B","Moog Inc. Class B","NYSE"
"MOGU","MOGU Inc. American Depositary Shares (each  representing 25 Class A Ordinary Shares)","NYSE"
"MOH","Molina Healthcare Inc","NYSE"
"MOLN","Molecular Partners AG","NASDAQ"
"MOMO","Hello Group Inc.","NASDAQ"
"MOO","VanEck Agribusiness ETF","NYSEARCA"
"MOOD","Relative Sentiment Tactical Allocation ETF","NASDAQ"
"MORN","Morningstar, Inc.","NASDAQ"
"MORT","VanEck Mortgage REIT Income ETF","NYSEARCA"
"MOS","Mosaic Company (The)","NYSE"
"MOTG","VanEck Morningstar Global Wide Moat ETF","BATS"
"MOTI","VanEck Morningstar International Moat ETF","BATS"
"MOTO","Guinness Atkinson Smart Transportation & Technology ETF","NYSEARCA"
"MOV","Movado Group Inc.","NYSE"
"MOVE","Corvex, Inc.","NASDAQ"
"MP","MP Materials Corp.","NYSE"
"MPA","Blackrock MuniYield Pennsylvania Quality Fund","NYSE"
"MPAA","Motorcar Parts of America, Inc.","NASDAQ"
"MPB","Mid Penn Bancorp","NASDAQ"
"MPC","Marathon Petroleum Corporation","NYSE"
"MPG","Leverage Shares 2X Long MP Daily ETF","NASDAQ"
"MPL","Defiance Daily Target 2X Long MP ETF","NYSEARCA"
"MPLT","MapLight Therapeutics, Inc.","NASDAQ"
"MPLX","MPLX LP Common Units Representing Limited Partner Interests","NYSE"
"MPLY","Monopoly ETF","BATS"
"MPRO","Monarch ProCap Index ETF","BATS"
"MPT","Medical Properties Trust, Inc.","NYSE"
"MPTI","M-tron Industries, Inc.","AMEX"
"MPU","Mega Matrix Inc. Class A","AMEX"
"MPV","Barings Participation Investors","NYSE"
"MPWR","Monolithic Power Systems, Inc.","NASDAQ"
"MPWX","Tradr 2X Long MPWR Daily ETF","BATS"
"MQ","Marqeta, Inc.","NASDAQ"
"MQQQ","Tradr 2X Long Innovation 100 Monthly ETF","NASDAQ"
"MQY","Blackrock MuniYield Quality Fund, Inc.","NYSE"
"MRA","GraniteShares Autocallable MARA ETF","NASDAQ"
"MRAL","GraniteShares 2x Long MARA Daily ETF","NASDAQ"
"MRAM","Everspin Technologies, Inc.","NASDAQ"
"MRBK","Meridian Corporation","NASDAQ"
"MRCP","PGIM S&P 500 Buffer 12 ETF - March","BATS"
"MRCY","Mercury Systems Inc","NASDAQ"
"MRDN","Meridian Holdings Inc.","NASDAQ"
"MREO","Mereo BioPharma Group plc","NASDAQ"
"MRGR","ProShares Merger ETF","BATS"
"MRK","Merck & Company, Inc. Common Stock (new)","NYSE"
"MRKR","Marker Therapeutics, Inc.","NASDAQ"
"MRLN","Merlin, Inc.","NASDAQ"
"MRM","MEDIROM Healthcare Technologies Inc. - American Depositary Share","NASDAQ"
"MRNA","Moderna, Inc.","NASDAQ"
"MRNO","Murano Global Investments PLC","NASDAQ"
"MRNOW","Murano Global Investments PLC - Warrants","NASDAQ"
"MRNX","Defiance Daily Target 2X Long MRNA ETF","NYSEARCA"
"MRNY","YieldMax MRNA Option Income Strategy ETF","NYSEARCA"
"MRP","Millrose Properties, Inc. Class A","NYSE"
"MRSH","Marsh","NYSE"
"MRSK","Toews Agility Shares Managed Risk ETF","NYSEARCA"
"MRT","Marti Technologies, Inc. Class A","AMEX"
"MRTN","Marten Transport, Ltd.","NASDAQ"
"MRVI","Maravai LifeSciences Holdings, Inc.","NASDAQ"
"MRVL","Marvell Technology, Inc.","NASDAQ"
"MRVU","Direxion Daily MRVL Bull 2X ETF","NASDAQ"
"MRX","Marex Group plc","NASDAQ"
"MS","Morgan Stanley","NYSE"
"MSA","MSA Safety Incorporated","NYSE"
"MSAI","MultiSensor AI Holdings, Inc.","NASDAQ"
"MSAIW","MultiSensor AI Holdings, Inc. - Warrants","NASDAQ"
"MSB","Mesabi Trust","NYSE"
"MSBI","Midland States Bancorp, Inc.","NASDAQ"
"MSBIP","Midland States Bancorp, Inc. - Depositary Shares Each Representing a 1/40th Interest in a Share of 7.750% Fixed-Rate Reset Non-Cumulative Perpetual Pr","NASDAQ"
"MSBT","Common Units of Beneficial Interest of Morgan Stanley Bitcoin Trust","NYSEARCA"
"MSC","Studio City International Holdings Limited American depositary shares, each representing four  Class A","NYSE"
"MSCI","MSCI Inc.","NYSE"
"MSD","Morgan Stanley Emerging Markets Debt Fund, Inc.","NYSE"
"MSDL","Morgan Stanley Direct Lending Fund","NYSE"
"MSEP","Pacer Swan SOS Moderate September ETF","BATS"
"MSEX","Middlesex Water Company","NASDAQ"
"MSFD","Direxion Daily MSFT Bear 1X ETF","NASDAQ"
"MSFL","GraniteShares 2x Long MSFT Daily ETF","NASDAQ"
"MSFO","YieldMax MSFT Option Income Strategy ETF","NYSEARCA"
"MSFT","Microsoft Corporation","NASDAQ"
"MSFU","Direxion Daily MSFT Bull 2X ETF","NASDAQ"
"MSFW","Roundhill MSFT WeeklyPay ETF","BATS"
"MSFX","T-Rex 2X Long Microsoft Daily Target ETF","BATS"
"MSFY","Kurv Yield Premium Strategy Microsoft (MSFT) ETF","BATS"
"MSGE","Madison Square Garden Entertainment Corp. Class A","NYSE"
"MSGM","Motorsport Games Inc.","NASDAQ"
"MSGS","Madison Square Garden Sports Corp. Class A Common Stock (New)","NYSE"
"MSGY","Masonglory Limited","NASDAQ"
"MSI","Motorola Solutions, Inc.","NYSE"
"MSIF","MSC Income Fund, Inc.","NYSE"
"MSLC","Morgan Stanley Pathway Large Cap Equity ETF","NYSEARCA"
"MSLE","Satellos Bioscience Inc.","NASDAQ"
"MSM","MSC Industrial Direct Company, Inc.","NYSE"
"MSMR","McElhenny Sheffield Managed Risk ETF","BATS"
"MSN","Emerson Radio Corporation","AMEX"
"MSOS","AdvisorShares Pure US Cannabis ETF","NYSEARCA"
"MSOX","AdvisorShares MSOS Daily Leveraged ETF","NYSEARCA"
"MSR","GraniteShares Autocallable MSTR ETF","NASDAQ"
"MSS","Maison Solutions Inc.","NASDAQ"
"MSSM","Morgan Stanley Pathway Small-Mid Cap Equity ETF","NYSEARCA"
"MSSS","Monarch Select Subsector Index ETF","BATS"
"MSST","YieldMax MSTR Performance & Distribution Target 25 ETF","BATS"
"MST","Defiance Leveraged Long + Income MSTR ETF","NASDAQ"
"MSTB","LHA Market State Tactical Beta ETF","BATS"
"MSTI","Madison Short Term Strategic Income ETF","NYSEARCA"
"MSTP","GraniteShares 2x Long MSTR Daily ETF","NASDAQ"
"MSTQ","LHA Market State Tactical Q ETF","BATS"
"MSTR","Strategy Inc","NASDAQ"
"MSTU","T-Rex 2X Long MSTR Daily Target ETF","BATS"
"MSTW","Roundhill MSTR WeeklyPay ETF","BATS"
"MSTX","Defiance Daily Target 2x Long MSTR ETF","NASDAQ"
"MSTY","YieldMax MSTR Option Income Strategy ETF","NYSEARCA"
"MSTZ","T-Rex 2X Inverse MSTR Daily Target ETF","BATS"
"MSW","Ming Shing Group Holdings Limited","NASDAQ"
"MT","Arcelor Mittal NY Registry Shares NEW","NYSE"
"MTA","Metalla Royalty & Streaming Ltd. Common Shares","AMEX"
"MTAL","Metals Acquisition Corp. II Class A","NYSE"
"MTAL.U","Metals Acquisition Corp. II Units, each consisting of one Class A ordinary share and one-third of one redeemable warrant","NYSE"
"MTAL.W","Metals Acquisition Corp. II Warrants, each whole warrant exercisable for one Class A ordinary share at an exercise price of $11.50 per share","NYSE"
"MTB","M&T Bank Corporation","NYSE"
"MTBA","Simplify MBS ETF","NYSEARCA"
"MTC","MMTec, Inc. - Common Shares","NASDAQ"
"MTCH","Match Group, Inc.","NASDAQ"
"MTD","Mettler-Toledo International, Inc.","NYSE"
"MTDR","Matador Resources Company","NYSE"
"MTEK","Maris-Tech Ltd.","NASDAQ"
"MTEKW","Maris-Tech Ltd. - Warrants","NASDAQ"
"MTEN","Mingteng International Corporation Inc.","NASDAQ"
"MTEX","Mannatech, Incorporated","NASDAQ"
"MTG","MGIC Investment Corporation","NYSE"
"MTGP","WisdomTree Mortgage Plus Bond Fund","NYSEARCA"
"MTH","Meritage Homes Corporation","NYSE"
"MTLS","Materialise NV","NASDAQ"
"MTN","Vail Resorts, Inc.","NYSE"
"MTNB","Matinas Biopharma Holdings, Inc.","AMEX"
"MTNE","CH4 Natural Solutions Corporation Class A","NYSE"
"MTNE.U","CH4 Natural Solutions Corporation Units, each consisting of one Class A ordinary share and one-half of one Warrant","NYSE"
"MTNE.W","CH4 Natural Solutions Corporation Warrants, each whole warrant exercisable for one Class A Ordinary Share at an exercise price of $11.50 per share","NYSE"
"MTR","Mesa Royalty Trust","NYSE"
"MTRA","Invesco International Growth Focus ETF","BATS"
"MTRN","Materion Corporation","NYSE"
"MTRX","Matrix Service Company","NASDAQ"
"MTSG","Leverage Shares 2X Long MTSI Daily ETF","BATS"
"MTSI","MACOM Technology Solutions Holdings, Inc.","NASDAQ"
"MTUL","ETRACS 2x Leveraged MSCI US Momentum Factor TR ETN","NYSEARCA"
"MTUM","iShares MSCI USA Momentum Factor ETF","BATS"
"MTUS","Metallus Inc. Common Shares","NYSE"
"MTVA","MetaVia Inc.","NASDAQ"
"MTW","Manitowoc Company, Inc. (The)","NYSE"
"MTX","Minerals Technologies Inc.","NYSE"
"MTYY","GraniteShares YieldBOOST MSTR ETF","NASDAQ"
"MTZ","MasTec, Inc.","NYSE"
"MU","Micron Technology, Inc.","NASDAQ"
"MUA","Blackrock MuniAssets Fund, Inc","NYSE"
"MUB","iShares National Muni Bond ETF","NYSEARCA"
"MUC","Blackrock MuniHoldings California Quality Fund, Inc.","NYSE"
"MUD","Direxion Daily MU Bear 1X ETF","NASDAQ"
"MUFG","Mitsubishi UFJ Financial Group, Inc.","NYSE"
"MUJ","Blackrock MuniHoldings New Jersey Quality Fund, Inc.","NYSE"
"MULL","GraniteShares 2x Long MU Daily ETF","NASDAQ"
"MULT","Franklin Multisector Income ETF","NASDAQ"
"MUNA","Northern Trust 2030 Tax-Exempt Distributing Ladder ETF","NYSEARCA"
"MUNB","Northern Trust 2035 Tax-Exempt Distributing Ladder ETF","NYSEARCA"
"MUNC","Northern Trust 2045 Tax-Exempt Distributing Ladder ETF","NYSEARCA"
"MUND","Northern Trust 2055 Tax-Exempt Distributing Ladder ETF","NYSEARCA"
"MUNI","PIMCO Intermediate Municipal Bond Active Exchange-Traded Fund","NYSEARCA"
"MUNX","AMG GW&K Muni Income ETF","NYSEARCA"
"MUNY","Vanguard New York Tax-Exempt Bond ETF","BATS"
"MUR","Murphy Oil Corporation","NYSE"
"MUSA","Murphy USA Inc.","NYSE"
"MUSE","TCW Multisector Credit Income ETF","NYSE"
"MUSI","American Century Multisector Income ETF","NYSEARCA"
"MUSQ","MUSQ Global Music Industry Index ETF","NYSEARCA"
"MUST","Columbia Multi-Sector Municipal Income ETF","NYSEARCA"
"MUU","Direxion Daily MU Bull 2X ETF","NASDAQ"
"MUX","McEwen Inc.","NYSE"
"MUYY","GraniteShares YieldBOOST MU ETF","NASDAQ"
"MUZ","Defiance Daily Target 2X Short MU ETF","NYSEARCA"
"MUZE","Muzero Acquisition Corp","NASDAQ"
"MUZEU","Muzero Acquisition Corp - Unit","NASDAQ"
"MUZEW","Muzero Acquisition Corp - Warrant","NASDAQ"
"MVAL","VanEck Morningstar Wide Moat Value ETF","BATS"
"MVBF","MVB Financial Corp.","NASDAQ"
"MVFD","Monarch Volume Factor Dividend Tree Index ETF","BATS"
"MVFG","Monarch Volume Factor Global Unconstrained Index ETF","BATS"
"MVIS","MicroVision, Inc.","NASDAQ"
"MVLL","GraniteShares 2x Long MRVL Daily ETF","NASDAQ"
"MVO","MV Oil Trust Units of Beneficial Interests","NYSE"
"MVPA","Miller Value Partners Appreciation ETF","NYSEARCA"
"MVPL","Miller Value Partners Leverage ETF","NYSEARCA"
"MVRL","ETRACS Monthly Pay 1.5X Leveraged Mortgage REIT ETN","NYSEARCA"
"MVST","Microvast Holdings, Inc.","NASDAQ"
"MVSTW","Microvast Holdings, Inc. - Warrant","NASDAQ"
"MVV","ProShares Ultra MidCap400","NYSEARCA"
"MWA","MUELLER WATER PRODUCTS","NYSE"
"MWC","Micware Co., Ltd.","NASDAQ"
"MWG","Multi Ways Holdings Limited Class A","AMEX"
"MWH","SOLV Energy, Inc.","NASDAQ"
"MWYN","Marwynn Holdings, Inc.","NASDAQ"
"MX","Magnachip Semiconductor Corporation","NYSE"
"MXC","Mexco Energy Corporation","AMEX"
"MXCT","MaxCyte, Inc.","NASDAQ"
"MXE","Mexico Equity and Income Fund, Inc. (The)","NYSE"
"MXF","Mexico Fund, Inc. (The)","NYSE"
"MXI","iShares Global Materials ETF","NYSEARCA"
"MXL","MaxLinear, Inc","NASDAQ"
"MYCF","State Street My2026 Corporate Bond ETF","NASDAQ"
"MYCG","State Street My2027 Corporate Bond ETF","NASDAQ"
"MYCH","State Street My2028 Corporate Bond ETF","NASDAQ"
"MYCI","State Street My2029 Corporate Bond ETF","NASDAQ"
"MYCJ","State Street My2030 Corporate Bond ETF","NASDAQ"
"MYCK","State Street My2031 Corporate Bond ETF","NASDAQ"
"MYCL","State Street My2032 Corporate Bond ETF","NASDAQ"
"MYCM","State Street My2033 Corporate Bond ETF","NASDAQ"
"MYCN","State Street My2034 Corporate Bond ETF","NASDAQ"
"MYCO","State Street My2035 Corporate Bond ETF","NASDAQ"
"MYE","Myers Industries, Inc.","NYSE"
"MYFW","First Western Financial, Inc.","NASDAQ"
"MYGN","Myriad Genetics, Inc.","NASDAQ"
"MYHA","State Street My2027 High Yield Corporate Bond ETF","NASDAQ"
"MYHB","State Street My2028 High Yield Corporate Bond ETF","NASDAQ"
"MYHC","State Street My2029 High Yield Corporate Bond ETF","NASDAQ"
"MYHD","State Street My2030 High Yield Corporate Bond ETF","NASDAQ"
"MYHE","State Street My2031 High Yield Corporate Bond ETF","NASDAQ"
"MYI","Blackrock MuniYield Quality Fund III, Inc","NYSE"
"MYLD","Cambria Micro and SmallCap Shareholder Yield ETF","BATS"
"MYMF","State Street My2026 Municipal Bond ETF","NASDAQ"
"MYMG","State Street My2027 Municipal Bond ETF","NASDAQ"
"MYMH","State Street My2028 Municipal Bond ETF","NASDAQ"
"MYMI","State Street My2029 Municipal Bond ETF","NASDAQ"
"MYMJ","State Street My2030 Municipal Bond ETF","NASDAQ"
"MYMK","State Street My2031 Municipal Bond ETF","NASDAQ"
"MYN","Blackrock MuniYield New York Quality Fund, Inc.Common Stock","NYSE"
"MYND","Mynd.ai, Inc. American Depositary Shares","AMEX"
"MYO","Myomo Inc.","AMEX"
"MYPS","PLAYSTUDIOS, Inc.","NASDAQ"
"MYRG","MYR Group, Inc.","NASDAQ"
"MYSE","Myseum.AI, Inc.","NASDAQ"
"MYSEW","Myseum.AI, Inc. - Series A Warrant","NASDAQ"
"MYSZ","My Size, Inc.","NASDAQ"
"MYX","Maywood Acquisition Corp. 2","NASDAQ"
"MYXXR","Maywood Acquisition Corp. 2 - Rights","NASDAQ"
"MYXXU","Maywood Acquisition Corp. 2 - Units","NASDAQ"
"MYXXW","Maywood Acquisition Corp. 2 - Warrants","NASDAQ"
"MYY","ProShares Short MidCap400","NYSEARCA"
"MZTI","The Marzetti Company","NASDAQ"
"MZYX","MOZAYYX Acquisition Corp. Class A","NYSE"
"MZYX.U","MOZAYYX Acquisition Corp. Units, each consisting of one Class A ordinary share and one-quarter of one redeemable warrant","NYSE"
"MZYX.W","MOZAYYX Acquisition Corp. Redeemable warrants, each whole warrant exercisable for one Class A ordinary share at an exercise price of $11.50","NYSE"
"MZZ","ProShares UltraShort MidCap400","NYSEARCA"
"NA","Nano Labs Ltd","NASDAQ"
"NAAS","NaaS Technology Inc.","NASDAQ"
"NABL","N-able, Inc.","NYSE"
"NAC","Nuveen California Quality Municipal Income Fund","NYSE"
"NACP","Impact Shares NAACP Minority Empowerment ETF","NYSEARCA"
"NAD","Nuveen Quality Municipal Income Fund","NYSE"
"NAGE","Niagen Bioscience, Inc.","NASDAQ"
"NAII","Natural Alternatives International, Inc.","NASDAQ"
"NAIL","Direxion Daily Homebuilders & Supplies Bull 3X ETF","NYSEARCA"
"NAK","Northern Dynasty Minerals, Ltd.","AMEX"
"NAKA","Nakamoto Inc.","NASDAQ"
"NAMI","Jinxin Technology Holding Company","NASDAQ"
"NAMM","Namib Minerals","NASDAQ"
"NAMMW","Namib Minerals - Warrants","NASDAQ"
"NAMS","NewAmsterdam Pharma Company N.V.","NASDAQ"
"NAMSW","NewAmsterdam Pharma Company N.V. - Warrant","NASDAQ"
"NAN","Nuveen New York Quality Municipal Income Fund","NYSE"
"NANC","Unusual Whales Subversive Democratic Trading ETF","BATS"
"NANR","State Street SPDR S&P North American Natural Resources ETF","NYSEARCA"
"NAPR","Innovator Growth-100 Power Buffer ETF - April","BATS"
"NASA","Tema Space Innovators ETF","NYSEARCA"
"NAT","Nordic American Tankers Limited","NYSE"
"NATH","Nathan's Famous, Inc.","NASDAQ"
"NATL","NCR Atleos Corporation","NYSE"
"NATO","Themes Transatlantic Defense ETF","NASDAQ"
"NATR","Nature's Sunshine Products, Inc.","NASDAQ"
"NAUG","Innovator Growth-100 Power Buffer ETF - August","BATS"
"NAUT","Nautilus Biotechnology, Inc.","NASDAQ"
"NAVI","Navient Corporation","NASDAQ"
"NAVN","Navan, Inc.","NASDAQ"
"NAZ","Nuveen Arizona Quality Municipal Income Fund","NYSE"
"NB","NioCorp Developments Ltd.","NASDAQ"
"NBB","Nuveen Taxable Municipal Income Fund Common Shares of Beneficial Interest","NYSE"
"NBBK","NB Bancorp, Inc.","NASDAQ"
"NBCE","Neuberger China Equity ETF","NYSEARCA"
"NBCM","Neuberger Commodity Strategy ETF","NYSEARCA"
"NBCR","Neuberger Core Equity ETF","NYSEARCA"
"NBDS","Neuberger Disrupters ETF","NYSEARCA"
"NBET","Neuberger Energy Transition & Infrastructure ETF","NYSEARCA"
"NBFC","Neuberger Flexible Credit Income ETF","NYSEARCA"
"NBFR","Innovator Nasdaq-100 Managed 10 Buffer ETF","NYSEARCA"
"NBGX","Neuberger Growth ETF","NYSEARCA"
"NBH","Neuberger Municipal Fund Inc.","AMEX"
"NBHC","National Bank Holdings Corporation","NYSE"
"NBIE","Neuberger International Core Equity ETF","NYSEARCA"
"NBIG","Leverage Shares 2X Long NBIS Daily ETF","NASDAQ"
"NBIL","GraniteShares 2x Long NBIS Daily ETF","NASDAQ"
"NBIS","Nebius Group N.V.","NASDAQ"
"NBIX","Neurocrine Biosciences, Inc.","NASDAQ"
"NBIZ","Tradr 2X Short NBIS Daily ETF","BATS"
"NBJP","Neuberger Japan Equity ETF","NYSEARCA"
"NBN","Northeast Bank","NASDAQ"
"NBOS","Neuberger Option Strategy ETF","NYSEARCA"
"NBP","NovaBridge Biosciences","NASDAQ"
"NBR","Nabors Industries Ltd.","NYSE"
"NBRG","Newbridge Acquisition Limited","NASDAQ"
"NBRGR","Newbridge Acquisition Limited - Rights","NASDAQ"
"NBRGU","Newbridge Acquisition Limited - Unit","NASDAQ"
"NBSD","Neuberger Short Duration Income ETF","NYSEARCA"
"NBSM","Neuberger Small-Mid Cap ETF","NYSEARCA"
"NBTB","NBT Bancorp Inc.","NASDAQ"
"NBTR","Neuberger Total Return Bond ETF","NYSEARCA"
"NBTX","Nanobiotix S.A. - ADSs","NASDAQ"
"NBXG","Neuberger Next Generation Connectivity Fund Inc.","NYSE"
"NC","NACCO Industries, Inc.","NYSE"
"NCA","Nuveen California Municipal Value Fund","NYSE"
"NCDL","Nuveen Churchill Direct Lending Corp.","NYSE"
"NCEL","NewcelX Ltd.","NASDAQ"
"NCEW","New Century Logistics (BVI) Limited","NASDAQ"
"NCI","Neo-Concept International Group Holdings Limited","NASDAQ"
"NCIQ","Hashdex Nasdaq CME Crypto Index ETF","NASDAQ"
"NCL","Northann Corp.","AMEX"
"NCLH","Norwegian Cruise Line Holdings Ltd.","NYSE"
"NCLO","Nuveen AA-BBB CLO ETF","NYSEARCA"
"NCMI","National CineMedia, Inc.","NASDAQ"
"NCNA","NuCana plc","NASDAQ"
"NCNO","nCino, Inc.","NASDAQ"
"NCPB","Nuveen Core Plus Bond ETF","NASDAQ"
"NCPL","Netcapital Inc.","NASDAQ"
"NCPLW","Netcapital Inc. - warrants","NASDAQ"
"NCRA","Nocera, Inc.","NASDAQ"
"NCSM","NCS Multistage Holdings, Inc.","NASDAQ"
"NCT","Intercont (Cayman) Limited","NASDAQ"
"NCTY","The9 Limited - American Depository Shares","NASDAQ"
"NCV","Virtus Convertible & Income Fund Common Shares of Beneficial Interest","NYSE"
"NCZ","Virtus Convertible & Income Fund II Common Shares of Beneficial Interest","NYSE"
"NDAA","Ned Davis Research 360 Dynamic Allocation ETF","NASDAQ"
"NDAQ","Nasdaq, Inc.","NASDAQ"
"NDEC","Innovator Growth-100 Power Buffer ETF - December","BATS"
"NDIA","Global X India Active ETF","NYSEARCA"
"NDIV","Amplify Energy & Natural Resources Covered Call ETF","NYSEARCA"
"NDLS","Noodles & Company","NASDAQ"
"NDMO","Nuveen Dynamic Municipal Opportunities Fund Common Shares of Beneficial Interest","NYSE"
"NDOW","Anydrus Advantage ETF","BATS"
"NDRA","ENDRA Life Sciences Inc.","NASDAQ"
"NDSN","Nordson Corporation","NASDAQ"
"NE","Noble Corporation plc A","NYSE"
"NE.A","Noble Corporation plc Tranche 2 Warrants","NYSE"
"NE.W","Noble Corporation plc Tranche 1 Warrants","NYSE"
"NEA","Nuveen AMT-Free Quality Municipal Income Fund Common Shares of Beneficial Interest Par Value $.01","NYSE"
"NEAR","iShares Short Duration Bond Active ETF","BATS"
"NEBX","Tradr 2X Long NBIS Daily ETF","BATS"
"NECB","NorthEast Community Bancorp, Inc.","NASDAQ"
"NEE","NextEra Energy, Inc.","NYSE"
"NEGG","Newegg Commerce, Inc. - Common Shares","NASDAQ"
"NEHI","NEOS Ethereum High Income ETF","BATS"
"NELS","Nelson Select ETF","BATS"
"NEM","Newmont Corporation","NYSE"
"NEMD","Neuberger Emerging Markets Debt Hard Currency ETF","NYSEARCA"
"NEMG","Leverage Shares 2x Long NEM Daily ETF","NASDAQ"
"NEN","New England Realty Associates Limited Partnership Class A Depositary Receipts Evidencing Units of Limited Partnership","AMEX"
"NEO","NeoGenomics, Inc.","NASDAQ"
"NEOG","Neogen Corporation","NASDAQ"
"NEON","Neonode Inc.","NASDAQ"
"NEOV","NeoVolta Inc.","NASDAQ"
"NEOVW","NeoVolta Inc. - Warrant","NASDAQ"
"NEPH","Nephros, Inc.","NASDAQ"
"NERD","Roundhill Video Games ETF","BATS"
"NERV","Minerva Neurosciences, Inc","NASDAQ"
"NESR","National Energy Services Reunited Corp","NASDAQ"
"NET","Cloudflare, Inc. Class A","NYSE"
"NETG","Leverage Shares 2X Long NET Daily ETF","NASDAQ"
"NETL","Colterpoint Net Lease Real Estate ETF","NYSEARCA"
"NEU","NewMarket Corp","NYSE"
"NEUP","Neuphoria Therapeutics Inc.","NASDAQ"
"NEWP","New Pacific Metals Corp. Common Shares","AMEX"
"NEWT","NewtekOne, Inc.","NASDAQ"
"NEWTG","NewtekOne, Inc. - 8.50% Fixed Rate Senior Notes due 2029","NASDAQ"
"NEWTH","NewtekOne, Inc. - 8.625% Fixed Rate Senior Notes due 2029","NASDAQ"
"NEWTI","NewtekOne, Inc. - 8.00% Fixed Rate Senior Notes due 2028","NASDAQ"
"NEWTO","NewtekOne, Inc. - 8.50% Fixed Rate Senior Notes due 2031","NASDAQ"
"NEWTP","NewtekOne, Inc. - Depositary Shares, Each Representing a 1/40th Interest in a Share of 8.500% Fixed Rate Reset Non-Cumulative Perpetual Preferred Stoc","NASDAQ"
"NEWZ","StockSnips AI-Powered Sentiment US All Cap ETF","NASDAQ"
"NEXA","Nexa Resources S.A. Common Shares","NYSE"
"NEXM","NexMetals Mining Corp.","NASDAQ"
"NEXN","Nexxen International Ltd.","NASDAQ"
"NEXR","Nexera Technologies Ltd","NASDAQ"
"NEXRW","Nexera Technologies Ltd - Warrant","NASDAQ"
"NEXT","NextDecade Corporation","NASDAQ"
"NFBK","Northfield Bancorp, Inc.","NASDAQ"
"NFE","New Fortress Energy Inc.","NASDAQ"
"NFEB","Innovator Growth-100 Power Buffer ETF - February","BATS"
"NFG","National Fuel Gas Company","NYSE"
"NFGC","New Found Gold Corp Common Shares","AMEX"
"NFJ","Virtus Dividend, Interest & Premium Strategy Fund Common Shares of Beneficial Interest","NYSE"
"NFLP","Kurv Yield Premium Strategy Netflix (NFLX) ETF","BATS"
"NFLT","Virtus Newfleet Multi-Sector Bond ETF","NYSEARCA"
"NFLU","T-Rex 2X Long NFLX Daily Target ETF","BATS"
"NFLW","Roundhill NFLX WeeklyPay ETF","BATS"
"NFLX","Netflix, Inc.","NASDAQ"
"NFLY","YieldMax NFLX Option Income Strategy ETF","NYSEARCA"
"NFRA","FlexShares STOXX Global Broad Infrastructure Index Fund","NYSEARCA"
"NFRX","Harrison Street Infrastructure Active ETF","NASDAQ"
"NFTY","First Trust India Nifty 50 Equal Weight ETF","NASDAQ"
"NFXL","Direxion Daily NFLX Bull 2X ETF","NASDAQ"
"NFXS","Direxion Daily NFLX Bear 1X ETF","NASDAQ"
"NG","Novagold Resources Inc.","AMEX"
"NGEN","NervGen Pharma Corp.","NASDAQ"
"NGG","National Grid Transco, PLC National Grid PLC (NEW) American Depositary Shares","NYSE"
"NGHT","Nicholas Bitcoin and Treasuries AfterDark ETF","NASDAQ"
"NGIF","Nuveen Global Infrastructure Fund: ETF Class Shares","NYSEARCA"
"NGL","NGL ENERGY PARTNERS LP Common Units representing Limited Partner Interests","NYSE"
"NGNE","Neurogene Inc.","NASDAQ"
"NGS","Natural Gas Services Group, Inc.","NYSE"
"NGVC","Natural Grocers by Vitamin Cottage, Inc.","NYSE"
"NGVT","Ingevity Corporation","NYSE"
"NHC","National HealthCare Corporation","AMEX"
"NHI","National Health Investors, Inc.","NYSE"
"NHIC","NewHold Investment Corp III","NASDAQ"
"NHICU","NewHold Investment Corp III - Units","NASDAQ"
"NHICW","NewHold Investment Corp III - Warrants","NASDAQ"
"NHIV","NewHold Investment Corp IV","NASDAQ"
"NHIVU","NewHold Investment Corp IV - Units","NASDAQ"
"NHIVW","NewHold Investment Corp IV - Warrants","NASDAQ"
"NHP","National Healthcare Properties, Inc.","NASDAQ"
"NHPAP","National Healthcare Properties, Inc. - 7.375% Series A Cumulative Redeemable Perpetual Preferred Stock","NASDAQ"
"NHPBP","National Healthcare Properties, Inc. - 7.125% Series B Cumulative Redeemable Perpetual Preferred Stock","NASDAQ"
"NHS","Neuberger High Yield Strategies Fund Inc.","AMEX"
"NHTC","Natural Health Trends Corp.","NASDAQ"
"NHYB","Nuveen High Yield Corporate Bond ETF","NYSEARCA"
"NHYM","Nuveen High Yield Municipal Income ETF","NYSEARCA"
"NI","NiSource Inc","NYSE"
"NIC","Nicolet Bankshares Inc.","NYSE"
"NICE","NICE Ltd","NASDAQ"
"NICM","Nicola Mining Inc.","NASDAQ"
"NICO","Hexis Active Nicotine Engagement ETF","NYSEARCA"
"NIE","Virtus Equity & Convertible Income Fund Common Shares of Beneficial Interest","NYSE"
"NIHI","NEOS MSCI EAFE High Income ETF","BATS"
"NIKL","Sprott Nickel Miners ETF","NASDAQ"
"NIM","Nuveen Select Maturities Municipal Fund","NYSE"
"NINE","Nine Energy Service, Inc.","AMEX"
"NIO","NIO Inc. American depositary shares, each  representing one Class A ordinary share","NYSE"
"NIOBW","NioCorp Developments Ltd. - Warrant","NASDAQ"
"NIOG","Leverage Shares 2X Long NIO Daily ETF","NASDAQ"
"NIPG","NIP Group Inc.","NASDAQ"
"NIQ","NIQ Global Intelligence plc","NYSE"
"NISM","NYLI International Small-Mid Cap Equity ETF","NYSEARCA"
"NITE","The Nightview Fund NITE","NYSEARCA"
"NIU","Niu Technologies","NASDAQ"
"NIVF","NewGenIvf Group Limited","NASDAQ"
"NIVFW","NewGenIvf Group Limited - Warrants","NASDAQ"
"NIXT","Research Affiliates Deletions ETF","NASDAQ"
"NIXX","Nixxy, Inc.","NASDAQ"
"NIXXW","Nixxy, Inc. - Warrant","NASDAQ"
"NJAN","Innovator Growth-100 Power Buffer ETF - January","BATS"
"NJNK","Columbia U.S. High Yield ETF","NYSEARCA"
"NJR","NewJersey Resources Corporation","NYSE"
"NJUL","Innovator Growth-100 Power Buffer ETF - July","BATS"
"NJUN","Innovator Growth-100 Power Buffer ETF - June","BATS"
"NKE","Nike, Inc.","NYSE"
"NKLR","Terra Innovatum Global N.V.","NASDAQ"
"NKSH","National Bankshares, Inc.","NASDAQ"
"NKTR","Nektar Therapeutics","NASDAQ"
"NKTX","Nkarta, Inc.","NASDAQ"
"NKX","Nuveen California AMT-Free Quality Municipal Income Fund","NYSE"
"NL","NLI Holdings, Inc.","NYSE"
"NLOP","Net Lease Office Properties Common Shares of Beneficial Interest","NYSE"
"NLR","VanEck Uranium and Nuclear ETF","NYSEARCA"
"NLSI","NEOS Long/Short Equity Income ETF","BATS"
"NLY","Annaly Capital Management Inc.","NYSE"
"NMAI","Nuveen Multi-Asset Income Fund Common Shares of Beneficial Interest","NYSE"
"NMAR","Innovator Growth-100 Power Buffer ETF - March","BATS"
"NMAX","Newsmax, Inc. Class B","NYSE"
"NMAY","Innovator Growth-100 Power Buffer ETF - May","BATS"
"NMB","Simplify National Muni Bond ETF","NYSEARCA"
"NMBL","NovaTide Flexible Allocation ETF","NYSEARCA"
"NMCO","Nuveen Municipal Credit Opportunities Fund Common Shares","NYSE"
"NMFC","New Mountain Finance Corporation","NASDAQ"
"NMFCZ","New Mountain Finance Corporation - 8.250% Notes due 2028","NASDAQ"
"NMG","Nouveau Monde Graphite Inc. Common Shares","NYSE"
"NMI","Nuveen Municipal Income Fund, Inc.","NYSE"
"NMIH","NMI Holdings Inc","NASDAQ"
"NML","Neuberger Energy Infrastructure and Income Fund Inc.","AMEX"
"NMM","Navios Maritime Partners LP Common Units Representing Limited Partner Interests","NYSE"
"NMP","NMP Acquisition Corp.","NASDAQ"
"NMPAR","NMP Acquisition Corp. - Right","NASDAQ"
"NMPAU","NMP Acquisition Corp. - Units","NASDAQ"
"NMR","Nomura Holdings Inc ADR American Depositary Shares","NYSE"
"NMRA","Neumora Therapeutics, Inc.","NASDAQ"
"NMRK","Newmark Group, Inc.","NASDAQ"
"NMS","Nuveen Minnesota Quality Municipal Income Fund","NYSE"
"NMT","Nuveen Massachusetts Quality Municipal Income Fund","NYSE"
"NMTC","NeuroOne Medical Technologies Corporation","NASDAQ"
"NMZ","Nuveen Municipal High Income Opportunity Fund Common Stock, $0.01 par value, per share","NYSE"
"NN","NextNav Inc.","NASDAQ"
"NNAVW","NextNav Inc. - Warrant","NASDAQ"
"NNBR","NN, Inc.","NASDAQ"
"NNDM","Nano Dimension Ltd.","NASDAQ"
"NNE","Nano Nuclear Energy Inc.","NASDAQ"
"NNI","Nelnet, Inc.","NYSE"
"NNN","NNN REIT, Inc.","NYSE"
"NNNN","Anbio Biotechnology","NASDAQ"
"NNOV","Innovator Growth-100 Power Buffer ETF - November","BATS"
"NNOX","NANO-X IMAGING LTD","NASDAQ"
"NNVC","NanoViricides, Inc.","AMEX"
"NNY","Nuveen New York Municipal Value Fund","NYSE"
"NOA","North American Construction Group Ltd. Common Shares (no par)","NYSE"
"NOAH","Noah Holdings Limited American Depositary Shares","NYSE"
"NOBL","ProShares S&P 500 Dividend Aristocrats ETF","BATS"
"NOC","Northrop Grumman Corporation","NYSE"
"NOCT","Innovator Growth-100 Power Buffer ETF- October","BATS"
"NODE","VanEck Onchain Economy ETF","BATS"
"NODK","NI Holdings, Inc.","NASDAQ"
"NOEM","CO2 Energy Transition Corp.","NASDAQ"
"NOEMR","CO2 Energy Transition Corp. - Right","NASDAQ"
"NOEMU","CO2 Energy Transition Corp. - Unit","NASDAQ"
"NOEMW","CO2 Energy Transition Corp. - Warrant","NASDAQ"
"NOEQ","Northern Trust US Equity ETF","NYSEARCA"
"NOG","Northern Oil and Gas, Inc.","NYSE"
"NOK","Nokia Corporation Sponsored American Depositary Shares","NYSE"
"NOMA","NOMADAR Corp.","NASDAQ"
"NOMD","Nomad Foods Limited","NYSE"
"NORW","Global X MSCI Norway ETF","NYSEARCA"
"NOV","NOV Inc.","NYSE"
"NOVM","FT Vest U.S. Equity Max Buffer ETF - November","BATS"
"NOVP","PGIM S&P 500 Buffer 12 ETF - November","BATS"
"NOVT","Novanta Inc. - Common Shares","NASDAQ"
"NOVTU","Novanta Inc. - Tangible Equity Units","NASDAQ"
"NOVZ","TrueShares Structured Outcome (November) ETF","BATS"
"NOW","ServiceNow, Inc.","NYSE"
"NOWL","GraniteShares 2x Long NOW Daily ETF","NASDAQ"
"NP","Neptune Insurance Holdings Inc. Class A","NYSE"
"NPAC","New Providence Acquisition Corp. III","NASDAQ"
"NPACU","New Providence Acquisition Corp. III - Units","NASDAQ"
"NPACW","New Providence Acquisition Corp. III - Warrants","NASDAQ"
"NPB","Northpointe Bancshares, Inc.","NYSE"
"NPCE","Neuropace, Inc.","NASDAQ"
"NPCT","Nuveen Core Plus Impact Fund Common Shares of Beneficial Interest","NYSE"
"NPFD","Nuveen Variable Rate Preferred & Income Fund Common Shares","NYSE"
"NPFE","NPF Core Equity ETF","BATS"
"NPFI","Nuveen Preferred and Income ETF","NASDAQ"
"NPK","National Presto Industries, Inc.","NYSE"
"NPKI","NPK International Inc.","NYSE"
"NPO","Enpro Inc.","NYSE"
"NPT","Texxon Holding Limited","NASDAQ"
"NPV","Nuveen Virginia Quality Municipal Income Fund","NYSE"
"NPWR","NET Power Inc. Class A","NYSE"
"NPWR.W","NET Power Inc. Redeemable warrants, each whole warrant exercisable for one share of Class A Common Stock at an exercise price of $11.50","NYSE"
"NRC","NRC Health","NASDAQ"
"NRDS","NerdWallet, Inc.","NASDAQ"
"NRDY","Nerdy Inc. Class A","NYSE"
"NREF","NexPoint Real Estate Finance, Inc.","NYSE"
"NRES","Xtrackers RREEF Global Natural Resources ETF","NASDAQ"
"NRG","NRG Energy, Inc.","NYSE"
"NRGD","MicroSectors U.S. Big Oil -3 Inverse Leveraged ETNs due February 17, 2045","NYSEARCA"
"NRGU","MicroSectors U.S. Big Oil 3 Leveraged ETNs due February 17, 2045","NYSEARCA"
"NRGV","Energy Vault Holdings, Inc.","NYSE"
"NRIM","Northrim BanCorp Inc","NASDAQ"
"NRIX","Nurix Therapeutics, Inc.","NASDAQ"
"NRK","Nuveen New York AMT-Free Quality Municipal Income Fund","NYSE"
"NRO","Neuberger Real Estate Securities Income Fund Inc.","AMEX"
"NRP","Natural Resource Partners LP Limited Partnership","NYSE"
"NRSH","Aztlan North America Nearshoring Stock Selection ETF","NYSEARCA"
"NRSN","NeuroSense Therapeutics Ltd.","NASDAQ"
"NRSNW","NeuroSense Therapeutics Ltd. - Warrant","NASDAQ"
"NRT","North European Oil Royality Trust","NYSE"
"NRUC","National Rural Utilities Cooperative Finance Corporation 5.500% Subordinated Notes due 2064 (Subordinated Deferrable Interest Notes)","NYSE"
"NRXP","NRX Pharmaceuticals, Inc.","NASDAQ"
"NRXS","Neuraxis, Inc.","AMEX"
"NSA","National Storage Affiliates Trust Common Shares of Beneficial Interest","NYSE"
"NSC","Norfolk Southern Corporation","NYSE"
"NSCI","Nuveen Securitized Income ETF","NYSEARCA"
"NSEP","Innovator Growth-100 Power Buffer ETF - September","BATS"
"NSI","National Security Emerging Markets Index ETF","NASDAQ"
"NSIT","Insight Enterprises, Inc.","NASDAQ"
"NSP","Insperity, Inc.","NYSE"
"NSPR","InspireMD Inc.","NASDAQ"
"NSRX","Nasus Pharma Ltd.","AMEX"
"NSSC","NAPCO Security Technologies, Inc.","NASDAQ"
"NSTS","NSTS Bancorp, Inc.","NASDAQ"
"NSYS","Nortech Systems Incorporated","NASDAQ"
"NTAP","NetApp, Inc.","NASDAQ"
"NTB","Bank of N.T. Butterfield & Son Limited (The) Voting","NYSE"
"NTCL","NETCLASS TECHNOLOGY INC","NASDAQ"
"NTCT","NetScout Systems, Inc.","NASDAQ"
"NTES","NetEase, Inc.","NASDAQ"
"NTGR","NETGEAR, Inc.","NASDAQ"
"NTHI","NeOnc Technologies Holdings, Inc.","NASDAQ"
"NTIC","Northern Technologies International Corporation","NASDAQ"
"NTIP","Network-1 Technologies, Inc.","AMEX"
"NTLA","Intellia Therapeutics, Inc.","NASDAQ"
"NTNX","Nutanix, Inc.","NASDAQ"
"NTR","Nutrien Ltd. Common Shares","NYSE"
"NTRA","Natera, Inc.","NASDAQ"
"NTRB","Nutriband Inc.","NASDAQ"
"NTRBW","Nutriband Inc. - Warrant","NASDAQ"
"NTRP","NextTrip, Inc.","NASDAQ"
"NTRS","Northern Trust Corporation","NASDAQ"
"NTRSO","Northern Trust Corporation - Depositary Shares Each Representing a 1/1,000th Interest in a Share of Series E Non-Cumulative Perpetual Preferred Stock","NASDAQ"
"NTSD","WisdomTree Efficient U.S. Plus International Equity Fund","NYSEARCA"
"NTSE","WisdomTree Emerging Markets Efficient Core Fund","NYSEARCA"
"NTSI","WisdomTree International Efficient Core Fund","NYSEARCA"
"NTSK","Netskope, Inc.","NASDAQ"
"NTST","NetSTREIT Corp.","NYSE"
"NTSX","WisdomTree U.S. Efficient Core Fund","NYSEARCA"
"NTWK","NETSOL Technologies Inc.","NASDAQ"
"NTWO","Newbury Street II Acquisition Corp","NASDAQ"
"NTWOU","Newbury Street II Acquisition Corp - Unit","NASDAQ"
"NTWOW","Newbury Street II Acquisition Corp - Warrant","NASDAQ"
"NTZ","Natuzzi, S.p.A.","NYSE"
"NU","Nu Holdings Ltd. Class A","NYSE"
"NUAG","Nuveen Enhanced Yield U.S. Aggregate Bond ETF","NYSEARCA"
"NUAI","New Era Energy & Digital, Inc.","NASDAQ"
"NUAIW","New Era Energy & Digital, Inc. - Warrants","NASDAQ"
"NUBD","Nuveen ESG U.S. Aggregate Bond ETF","NYSEARCA"
"NUCL","Eagle Nuclear Energy Corp.","NASDAQ"
"NUCLW","Eagle Nuclear Energy Corp. - Warrants","NASDAQ"
"NUDG","Nuveen Dividend Growth Fund: ETF Class Shares","NYSEARCA"
"NUDM","Nuveen ESG International Developed Markets Equity ETF","BATS"
"NUDV","Nuveen ESG Dividend ETF","BATS"
"NUE","Nucor Corporation","NYSE"
"NUEM","Nuveen ESG Emerging Markets Equity ETF","BATS"
"NUG","Leverage Shares 2X Long NU Daily ETF","NASDAQ"
"NUGO","Nuveen Growth Opportunities ETF","NYSEARCA"
"NUGT","Direxion Daily Gold Miners Index Bull 2X ETF","NYSEARCA"
"NUGY","GraniteShares YieldBOOST Gold Miners ETF","NASDAQ"
"NUHY","Nuveen ESG High Yield Corporate Bond ETF","NYSEARCA"
"NUIF","Nuveen US Infrastructure ETF","NASDAQ"
"NUKX","Nicholas Nuclear Income ETF","NYSEARCA"
"NUKZ","Range Nuclear Renaissance Index ETF","NYSEARCA"
"NULC","Nuveen ESG Large-Cap ETF","BATS"
"NULG","Nuveen ESG Large-Cap Growth ETF","BATS"
"NULV","Nuveen ESG Large-Cap Value ETF","BATS"
"NUMG","Nuveen ESG Mid-Cap Growth ETF","BATS"
"NUMI","Nuveen Municipal Income ETF","NYSEARCA"
"NUMV","Nuveen ESG Mid-Cap Value ETF","BATS"
"NURE","Nuveen Short-Term REIT ETF","BATS"
"NUS","Nu Skin Enterprises, Inc.","NYSE"
"NUSA","Nuveen ESG 1-5 Year U.S. Aggregate Bond ETF","NYSEARCA"
"NUSB","Nuveen Ultra Short Income ETF","NASDAQ"
"NUSC","Nuveen ESG Small-Cap ETF","BATS"
"NUTR","Nusatrip Incorporated","NASDAQ"
"NUTX","Nutex Health Inc.","NASDAQ"
"NUV","Nuveen Municipal Value Fund, Inc.","NYSE"
"NUVB","Nuvation Bio Inc. Class A","NYSE"
"NUVL","Nuvalent, Inc.","NASDAQ"
"NUW","Nuveen AMT-Free Municipal Value Fund","NYSE"
"NUWE","Nuwellis, Inc.","NASDAQ"
"NVA","Nova Minerals Corp","AMEX"
"NVA.W","Nova Minerals Corp Warrants to Purchase","AMEX"
"NVAX","Novavax, Inc.","NASDAQ"
"NVBT","AllianzIM U.S. Large Cap Buffer10 Nov ETF","BATS"
"NVBU","AllianzIM U.S. Equity Buffer15 Uncapped Nov ETF","BATS"
"NVBW","AllianzIM U.S. Large Cap Buffer20 Nov ETF","BATS"
"NVCR","NovoCure Limited","NASDAQ"
"NVCT","Nuvectis Pharma, Inc.","NASDAQ"
"NVD","GraniteShares 2x Short NVDA Daily ETF","NASDAQ"
"NVDA","NVIDIA Corporation","NASDAQ"
"NVDB","ProShares Ultra NVDA","NYSEARCA"
"NVDD","Direxion Daily NVDA Bear 1X ETF","NASDAQ"
"NVDG","Leverage Shares 2X Long NVDA Daily ETF","NASDAQ"
"NVDL","GraniteShares 2x Long NVDA Daily ETF","NASDAQ"
"NVDQ","T-Rex 2X Inverse NVIDIA Daily Target ETF","BATS"
"NVDS","Tradr 1.5X Short NVDA Daily ETF","NASDAQ"
"NVDU","Direxion Daily NVDA Bull 2X ETF","NASDAQ"
"NVDW","Roundhill NVDA WeeklyPay ETF","BATS"
"NVDX","T-Rex 2X Long NVIDIA Daily Target ETF","BATS"
"NVDY","YieldMax NVDA Option Income Strategy ETF","NYSEARCA"
"NVEC","NVE Corporation","NASDAQ"
"NVG","Nuveen AMT-Free Municipal Credit Income Fund","NYSE"
"NVGS","Navigator Holdings Ltd. Ordinary Shares (Marshall Islands)","NYSE"
"NVII","REX NVDA Growth & Income ETF","BATS"
"NVIR","Horizon Kinetics Energy and Remediation ETF","NYSEARCA"
"NVIT","YieldMax NVDA Performance & Distribution Target 25 ETF","BATS"
"NVMI","Nova Ltd.","NASDAQ"
"NVNI","Nvni Group Limited","NASDAQ"
"NVNIW","Nvni Group Limited - Warrants","NASDAQ"
"NVNO","enVVeno Medical Corporation","NASDAQ"
"NVO","Novo Nordisk A/S","NYSE"
"NVOH","Novo Nordisk A/S B Shares ADRhedged","NYSEARCA"
"NVOX","Defiance Daily Target 2X Long NVO ETF","NYSEARCA"
"NVPS","PurePlay Nvidia Ecosystem Picks & Shovels Index ETF","NASDAQ"
"NVR","NVR, Inc.","NYSE"
"NVRI","Enviri Corporation","NYSE"
"NVS","Novartis AG","NYSE"
"NVST","Envista Holdings Corporation","NYSE"
"NVT","nVent Electric plc","NYSE"
"NVTS","Navitas Semiconductor Corporation","NASDAQ"
"NVTX","Tradr 2X Long NVTS Daily ETF","BATS"
"NVVE","Nuvve Holding Corp.","NASDAQ"
"NVX","NOVONIX Limited - American Depository Shares","NASDAQ"
"NVYY","GraniteShares YieldBOOST NVDA ETF","NASDAQ"
"NWAX","New America Acquisition I Corp. Class A","NYSE"
"NWAX.U","New America Acquisition I Corp. Units, each consisting of one share of Class A Common Stock and one-half of one redeemable warrant","NYSE"
"NWAX.W","New America Acquisition I Corp. Warrants, each whole warrant is exercisable to purchase one share of Class A","NYSE"
"NWBI","Northwest Bancshares, Inc.","NASDAQ"
"NWE","NorthWestern Energy Group, Inc.","NASDAQ"
"NWFL","Norwood Financial Corp.","NASDAQ"
"NWG","NatWest Group plc American Depositary Shares, (each representing two (2) Ordinary Shares)","NYSE"
"NWGL","CL Workshop Group Limited","NASDAQ"
"NWL","Newell Brands Inc.","NASDAQ"
"NWN","Northwest Natural Holding Company","NYSE"
"NWPX","NWPX Infrastructure, Inc.","NASDAQ"
"NWS","News Corporation","NASDAQ"
"NWSA","News Corporation","NASDAQ"
"NWTG","Newton Golf Company, Inc.","NASDAQ"
"NX","Quanex Building Products Corporation","NYSE"
"NXB","NextBoat Inc. Common Stcok","AMEX"
"NXDR","Nextdoor Holdings, Inc. Class A","NYSE"
"NXDT","NexPoint Diversified Real Estate Trust","NYSE"
"NXE","Nexgen Energy Ltd. Common Shares","NYSE"
"NXG","NXG NextGen Infrastructure Income Fund Common Shares of Beneficial Interest","NYSE"
"NXGL","NexGel, Inc","NASDAQ"
"NXGLW","NexGel, Inc - Warrant","NASDAQ"
"NXL","Nexalin Technology, Inc.","NASDAQ"
"NXP","Nuveen Select Tax Free Income Portfolio","NYSE"
"NXPG","Leverage Shares 2X Long NXPI Daily ETF","BATS"
"NXPI","NXP Semiconductors N.V.","NASDAQ"
"NXPL","NextPlat Corp","NASDAQ"
"NXPX","Tradr 2X Long NXPI Daily ETF","BATS"
"NXRT","NexPoint Residential Trust, Inc.","NYSE"
"NXST","Nexstar Media Group, Inc.","NASDAQ"
"NXT","Nextpower Inc.","NASDAQ"
"NXTC","NextCure, Inc.","NASDAQ"
"NXTE","AXS Green Alpha ETF","NYSEARCA"
"NXTG","First Trust Indxx NextG ETF","NASDAQ"
"NXTI","Simplify Next Intangible Core Index ETF","BATS"
"NXTS","Nexentis Technologies Inc.","NASDAQ"
"NXTT","Next Technology Holding Inc.","NASDAQ"
"NXUS","Nuveen International Aggregate Bond ETF","NYSEARCA"
"NXXT","NextNRG, Inc.","NASDAQ"
"NYAX","Nayax Ltd.","NASDAQ"
"NYC","American Strategic Investment Co. Class A","NYSE"
"NYF","iShares New York Muni Bond ETF","NYSEARCA"
"NYM","AB New York Intermediate Municipal ETF","NYSEARCA"
"NYNY","Corgi NYC Based ETF","BATS"
"NYSX","Global X NYSE 100 ETF","NYSEARCA"
"NYT","New York Times Company (The)","NYSE"
"NYXH","Nyxoah SA","NASDAQ"
"NYYY","xETFs NVDA Daily Income ETF","NYSEARCA"
"NZAC","State Street SPDR MSCI ACWI Climate Paris Aligned ETF","NASDAQ"
"NZF","Nuveen Municipal Credit Income Fund","NYSE"
"O","Realty Income Corporation","NYSE"
"OABI","OmniAb, Inc.","NASDAQ"
"OABIW","OmniAb, Inc. - Warrant","NASDAQ"
"OACC","Oaktree Acquisition Corp. III Life Sciences","NASDAQ"
"OACCU","Oaktree Acquisition Corp. III Life Sciences - Unit","NASDAQ"
"OACCW","Oaktree Acquisition Corp. III Life Sciences - Warrant","NASDAQ"
"OACP","OneAscent Core Plus Bond ETF","NYSEARCA"
"OAEM","OneAscent Emerging Markets ETF","NYSEARCA"
"OAIM","OneAscent International Equity ETF","NYSEARCA"
"OAKG","Oakmark Global Large Cap ETF","NYSEARCA"
"OAKI","Oakmark International Large Cap ETF","NYSEARCA"
"OAKM","Oakmark U.S. Large Cap ETF","NYSEARCA"
"OALC","OneAscent Large Cap Core ETF","NYSEARCA"
"OARK","YieldMax Innovation Option Income Strategy ETF","NYSEARCA"
"OASC","OneAscent Enhanced Small and Mid Cap ETF","NYSEARCA"
"OBA","Oxley Bridge Acquisition Limited","NASDAQ"
"OBAI","Our Bond, Inc.","NASDAQ"
"OBAWU","Oxley Bridge Acquisition Limited - Unit","NASDAQ"
"OBAWW","Oxley Bridge Acquisition Limited - Warrants","NASDAQ"
"OBDC","Blue Owl Capital Corporation","NYSE"
"OBE","Obsidian Energy Ltd. Common Shares","AMEX"
"OBIL","US Treasury 12 Month Bill ETF","NASDAQ"
"OBIO","Orchestra BioMed Holdings, Inc.","NASDAQ"
"OBK","Origin Bancorp, Inc.","NYSE"
"OBND","State Street Loomis Sayles Opportunistic Bond ETF","BATS"
"OBOR","KraneShares MSCI One Belt One Road Index ETF","NYSEARCA"
"OBT","Orange County Bancorp, Inc.","NASDAQ"
"OBTC","Osprey Bitcoin Trust","NASDAQ"
"OC","Owens Corning Inc Common Stock New","NYSE"
"OCAC.U","Ocean Capital Acquisition Corporation Units, each consisting of one Class A Ordinary Share, one redeemable Warrant and one Right","NYSE"
"OCC","Optical Cable Corporation","NASDAQ"
"OCCI","OFS Credit Company, Inc. - Closed End Fund","NASDAQ"
"OCCIM","OFS Credit Company, Inc. - 7.875% Series F Term Preferred Stock","NASDAQ"
"OCCIN","OFS Credit Company, Inc. - 5.25% Series E Term Preferred Stock Due 2026","NASDAQ"
"OCDB","Aptus October Deep Buffer ETF","BATS"
"OCFC","OceanFirst Financial Corp.","NASDAQ"
"OCG","Oriental Culture Holding LTD","NASDAQ"
"OCGN","Ocugen, Inc.","NASDAQ"
"OCIO","ClearShares OCIO ETF","NYSEARCA"
"OCS","Oculis Holding AG","NASDAQ"
"OCSAW","Oculis Holding AG - Warrants","NASDAQ"
"OCSL","Oaktree Specialty Lending Corporation - Closed End Fund","NASDAQ"
"OCTB","Aptus October Buffer ETF","BATS"
"OCTH","Innovator Premium Income 20 Barrier ETF - October","BATS"
"OCTJ","Innovator Premium Income 30 Barrier ETF - October","BATS"
"OCTM","FT Vest U.S. Equity Max Buffer ETF - October","BATS"
"OCTP","PGIM S&P 500 Buffer 12 ETF - October","BATS"
"OCTT","AllianzIM U.S. Large Cap Buffer10 Oct ETF","BATS"
"OCTU","AllianzIM U.S. Equity Buffer15 Uncapped Oct ETF","BATS"
"OCTV","Octave Intelligence plc","NASDAQ"
"OCTW","AllianzIM U.S. Large Cap Buffer20 Oct ETF","BATS"
"OCTZ","TrueShares Structured Outcome (October) ETF","BATS"
"OCUL","Ocular Therapeutix, Inc.","NASDAQ"
"ODC","Oil-Dri Corporation Of America","NYSE"
"ODD","ODDITY Tech Ltd.","NASDAQ"
"ODDS","Pacer BlueStar Digital Entertainment ETF","NASDAQ"
"ODDZ","Corgi Sports Betting & Gambling ETF","BATS"
"ODFL","Old Dominion Freight Line, Inc.","NASDAQ"
"ODHY","Obra Defensive High Yield ETF","NYSEARCA"
"ODTE","VegaShares SPX NDX RTY Premium Income ETF","NASDAQ"
"ODTX","Odyssey Therapeutics, Inc.","NASDAQ"
"ODV","Osisko Development Corp. Common Shares","NYSE"
"ODVWZ","Osisko Development Corp. - Warrant","NASDAQ"
"ODYS","Odysight.ai Inc.","NASDAQ"
"OEC","Orion S.A. Common Shares","NYSE"
"OEF","iShares S&P 100 Fund","NYSEARCA"
"OEFA","ALPS O'Shares International Developed Quality Dividend ETF","NYSEARCA"
"OEI","Optimized Equity Income ETF","NYSEARCA"
"OESX","Orion Energy Systems, Inc.","NASDAQ"
"OFAL","OFA Group","NASDAQ"
"OFG","OFG Bancorp","NYSE"
"OFIX","Orthofix Medical Inc.","NASDAQ"
"OFLX","Omega Flex, Inc.","NASDAQ"
"OFRM","Once Upon a Farm, PBC","NYSE"
"OFS","OFS Capital Corporation - Closed End Fund","NASDAQ"
"OFSSH","OFS Capital Corporation - 4.95% Notes due 2028","NASDAQ"
"OFSSO","OFS Capital Corporation - 7.50% Notes due 2028","NASDAQ"
"OGC","OceanaGold Corporation Common Shares","NYSE"
"OGCP","Empire State Realty OP, L.P. Series 60 Operating Partnership Units Representing Limited Partnership Interests","NYSEARCA"
"OGE","OGE Energy Corp","NYSE"
"OGEN","Oragenics Inc.","AMEX"
"OGI","Organigram Global Inc. - Common Shares","NASDAQ"
"OGIG","ALPS O'Shares Global Internet Giants ETF","NYSEARCA"
"OGN","Organon & Co.","NYSE"
"OGS","ONE Gas, Inc.","NYSE"
"OGSP","Obra High Grade Structured Products ETF","NYSEARCA"
"OHAC","Oceanhawk Acquisition Corp.","NASDAQ"
"OHACR","Oceanhawk Acquisition Corp. - Rights","NASDAQ"
"OHACU","Oceanhawk Acquisition Corp. - Units","NASDAQ"
"OHI","Omega Healthcare Investors, Inc.","NYSE"
"OI","O-I Glass, Inc.","NYSE"
"OIA","Invesco Municipal Income Opportunities Trust","NYSE"
"OIH","VanEck Oil Services ETF","NYSEARCA"
"OII","Oceaneering International, Inc.","NYSE"
"OILD","MicroSectors Oil & Gas Exp. & Prod. -3x Inverse Leveraged ETN","NYSEARCA"
"OILK","ProShares K-1 Free Crude Oil ETF","BATS"
"OILT","Texas Capital Texas Oil Index ETF","NYSEARCA"
"OILU","MicroSectors Oil & Gas Exp. & Prod. 3x Leveraged ETN","NYSEARCA"
"OIM","OneIM Acquisition Corp.","NASDAQ"
"OIMAU","OneIM Acquisition Corp. - Units","NASDAQ"
"OIMAW","OneIM Acquisition Corp. - Warrant","NASDAQ"
"OIO","OIO Group","NASDAQ"
"OIOWW","OIO Group - Warrants","NASDAQ"
"OIS","Oil States International, Inc.","NYSE"
"OKE","ONEOK, Inc.","NYSE"
"OKLL","Defiance Daily Target 2x Long OKLO ETF","NASDAQ"
"OKLO","Oklo Inc. Class A","NYSE"
"OKLS","Defiance Daily Target 2X Short OKLO ETF","NYSEARCA"
"OKTA","Okta, Inc.","NASDAQ"
"OKTG","Leverage Shares 2X Long OKTA Daily ETF","NASDAQ"
"OKUR","OnKure Therapeutics, Inc.","NASDAQ"
"OKYO","OKYO Pharma Limited","NASDAQ"
"OLB","The OLB Group, Inc.","NASDAQ"
"OLED","Universal Display Corporation","NASDAQ"
"OLLI","Ollie's Bargain Outlet Holdings, Inc.","NASDAQ"
"OLMA","Olema Pharmaceuticals, Inc.","NASDAQ"
"OLN","Olin Corporation","NYSE"
"OLOX","Olenox Industries Inc.","NASDAQ"
"OLP","One Liberty Properties, Inc.","NYSE"
"OLPX","Olaplex Holdings, Inc.","NASDAQ"
"OM","Outset Medical, Inc.","NASDAQ"
"OMAB","Grupo Aeroportuario del Centro Norte S.A.B. de C.V.","NASDAQ"
"OMAH","VistaShares Target 15 Berkshire Select Income ETF","NYSEARCA"
"OMC","Omnicom Group Inc.","NYSE"
"OMCL","Omnicell, Inc.","NASDAQ"
"OMDA","Omada Health, Inc.","NASDAQ"
"OMER","Omeros Corporation","NASDAQ"
"OMEX","Odyssey Marine Exploration, Inc.","NASDAQ"
"OMF","OneMain Holdings, Inc.","NYSE"
"OMFL","Invesco Russell 1000 Dynamic Multifactor ETF","BATS"
"OMFS","Invesco Russell 2000 Dynamic Multifactor ETF","BATS"
"OMH","Ohmyhome Limited","NASDAQ"
"OMSE","OMS Energy Technologies Inc.","NASDAQ"
"ON","ON Semiconductor Corporation","NASDAQ"
"ONB","Old National Bancorp","NASDAQ"
"ONBPO","Old National Bancorp - Depositary Shares, Each Representing a 1/40th Interest in a Share of Series C Preferred Stock","NASDAQ"
"ONBPP","Old National Bancorp - Depositary Shares, Each Representing a 1/40th Interest in a Share of Series A Preferred Stock","NASDAQ"
"ONC","BeOne Medicines Ltd.","NASDAQ"
"ONCH","1RT Acquisition Corp.","NASDAQ"
"ONCHU","1RT Acquisition Corp. - Units","NASDAQ"
"ONCHW","1RT Acquisition Corp. - Warrant","NASDAQ"
"ONCO","Onconetix, Inc.","NASDAQ"
"ONCY","Oncolytics Biotech Inc.","NASDAQ"
"OND","ProShares On-Demand ETF","NYSEARCA"
"ONDG","Leverage Shares 2X Long ONDS Daily ETF","NASDAQ"
"ONDL","Defiance Daily Target 2X Long ONDS ETF","BATS"
"ONDS","Ondas Inc","NASDAQ"
"ONDU","Tradr 2X Long ONDS Daily ETF","BATS"
"ONEG","OneConstruction Group Limited","NASDAQ"
"ONEH","TrueShares Equity Hedge ETF","BATS"
"ONEO","State Street SPDR Russell 1000 Momentum Focus ETF","NYSEARCA"
"ONEQ","Fidelity Nasdaq Composite Index ETF","NASDAQ"
"ONEV","State Street SPDR Russell 1000 Low Volatility Focus ETF","NYSEARCA"
"ONEW","OneWater Marine Inc.","NASDAQ"
"ONEY","State Street SPDR Russell 1000 Yield Focus ETF","NYSEARCA"
"ONEZ","TrueShares Seasonality Laddered Buffered ETF","BATS"
"ONFO","Onfolio Holdings Inc.","NASDAQ"
"ONFOW","Onfolio Holdings Inc. - Warrant","NASDAQ"
"ONG","Leverage Shares 2X Long ON Daily ETF","BATS"
"ONIT","Onity Group Inc.","NYSE"
"ONL","Orion Properties Inc.","NYSE"
"ONLN","ProShares Online Retail ETF","NYSEARCA"
"ONMD","OneMedNet Corp","NASDAQ"
"ONMDW","OneMedNet Corp - Warrant","NASDAQ"
"ONOF","Global X Adaptive U.S. Risk Management ETF","NYSEARCA"
"ONON","On Holding AG Class A","NYSE"
"ONT","Onterris, Inc.","NYSE"
"ONTO","Onto Innovation Inc.","NYSE"
"ONX","Tradr 2X Long ON Daily ETF","BATS"
"OOMA","Ooma, Inc.","NYSE"
"OOSP","Obra Opportunistic Structured Products ETF","NYSEARCA"
"OPAD","Offerpad Solutions Inc. Class A","NYSE"
"OPAL","OPAL Fuels Inc.","NASDAQ"
"OPBK","OP Bancorp","NASDAQ"
"OPCH","Option Care Health, Inc.","NASDAQ"
"OPEG","Leverage Shares 2X Long OPEN Daily ETF","NASDAQ"
"OPEN","Opendoor Technologies Inc","NASDAQ"
"OPENL","Opendoor Technologies Inc  - Series A Warrants, each whole warrant exercisable to purchase one share of Common Stock at an exercise price of $13.00 pe","NASDAQ"
"OPENW","Opendoor Technologies Inc  - Series K Warrants, each whole warrant exercisable to purchase one share of Common Stock at an exercise price of $9.00 per","NASDAQ"
"OPENZ","Opendoor Technologies Inc  - Series Z Warrants, each whole warrant exercisable to purchase one share of Common Stock at an exercise price of $17.00 pe","NASDAQ"
"OPER","ETF ClearShares Ultra-Short Maturity ETF","NYSEARCA"
"OPEX","Tradr 2X Long OPEN Daily ETF","BATS"
"OPFI","OppFi Inc. Class A","NYSE"
"OPFI.W","OppFi Inc. Warrants","NYSE"
"OPHC","OptimumBank Holdings, Inc.","AMEX"
"OPI","Office Properties Income Trust - Common shares of beneficial interest","NASDAQ"
"OPK","Opko Health, Inc.","NASDAQ"
"OPLN","OPENLANE, Inc.","NYSE"
"OPP","RiverNorth/DoubleLine Strategic Opportunity Fund, Inc.","NYSE"
"OPPE","WisdomTree European Opportunities Fund","NYSEARCA"
"OPPJ","WisdomTree Japan Opportunities Fund","NASDAQ"
"OPRA","Opera Limited","NASDAQ"
"OPRT","Oportun Financial Corporation","NASDAQ"
"OPRX","OptimizeRx Corporation","NASDAQ"
"OPTH","Optimi Health Corp. - Common Shares","NASDAQ"
"OPTT","Ocean Power Technologies, Inc.","AMEX"
"OPTU","Optimum Communications, Inc. Class A","NYSE"
"OPTX","Syntec Optics Holdings, Inc.","NASDAQ"
"OPTXW","Syntec Optics Holdings, Inc. - Warrant","NASDAQ"
"OPTZ","Optimize Strategy Index ETF","NASDAQ"
"OPXS","Optex Systems Holdings, Inc.","NASDAQ"
"OPY","Oppenheimer Holdings, Inc. Class A Common Stock (DE)","NYSE"
"OR","OR Royalties Inc. Common Shares","NYSE"
"ORA","Ormat Technologies, Inc.","NYSE"
"ORBS","Eightco Holdings Inc.","NASDAQ"
"ORBX","Global X Space Tech ETF","NASDAQ"
"ORC","Orchid Island Capital, Inc.","NYSE"
"ORCL","Oracle Corporation","NYSE"
"ORCS","Direxion Daily ORCL Bear 1X ETF","NASDAQ"
"ORCU","Direxion Daily ORCL Bull 2X ETF","NASDAQ"
"ORCX","Defiance Daily Target 2X Long ORCL ETF","NASDAQ"
"ORGN","Origin Materials, Inc.","NASDAQ"
"ORGNW","Origin Materials, Inc. - Warrant","NASDAQ"
"ORGO","Organogenesis Holdings Inc.","NASDAQ"
"ORI","Old Republic International Corporation","NYSE"
"ORIC","Oric Pharmaceuticals, Inc.","NASDAQ"
"ORIO","Orion Digital Corp. - Common Shares","NASDAQ"
"ORIQ","Origin Investment Corp I","NASDAQ"
"ORIQU","Origin Investment Corp I - Units","NASDAQ"
"ORIQW","Origin Investment Corp I - Redeemable Warrant","NASDAQ"
"ORIS","Oriental Rise Holdings Limited","NASDAQ"
"ORKA","Oruka Therapeutics, Inc.","NASDAQ"
"ORKT","Orangekloud Technology Inc.","NASDAQ"
"ORLA","Orla Mining Ltd. Common Shares","AMEX"
"ORLG","Leverage Shares 2X Long ORLY Daily ETF","NASDAQ"
"ORLY","O'Reilly Automotive, Inc.","NASDAQ"
"ORMP","Oramed Pharmaceuticals Inc.","NASDAQ"
"ORN","Orion Group Holdings, Inc. Common","NYSE"
"ORO","Arrow Valtoro ETF","BATS"
"ORR","Militia Long/Short Equity ETF","NASDAQ"
"ORRF","Orrstown Financial Services, Inc.","NASDAQ"
"OSBC","Old Second Bancorp, Inc.","NASDAQ"
"OSCG","Leverage Shares 2X Long OSCR Daily ETF","NASDAQ"
"OSCR","Oscar Health, Inc. Class A","NYSE"
"OSCV","Opus Small Cap Value ETF","BATS"
"OSCX","Defiance Daily Target 2x Long OSCR ETF","NASDAQ"
"OSEA","Harbor International Compounders ETF","NYSEARCA"
"OSG","Octave Specialty Group, Inc.","NYSE"
"OSIS","OSI Systems, Inc.","NASDAQ"
"OSK","Oshkosh Corporation (Holding Company)Common Stock","NYSE"
"OSPN","OneSpan Inc.","NASDAQ"
"OSRH","OSR Health, Inc.","NASDAQ"
"OSRHW","OSR Health, Inc. - Warrant","NASDAQ"
"OSS","One Stop Systems, Inc.","NASDAQ"
"OSSL","Defiance Daily Target 2X Long OSS ETF","BATS"
"OST","Ostin Technology Group Co., Ltd.","NASDAQ"
"OSTX","OS Therapies Incorporated","AMEX"
"OSUR","OraSure Technologies, Inc.","NASDAQ"
"OSW","OneSpaWorld Holdings Limited - Common Shares","NASDAQ"
"OTAI.U","Starlink AI Acquisition Corporation Units, each consisting of one Ordinary Share, and one Right to receive one-fourth (1/4) of one ordinary share","NYSE"
"OTEX","Open Text Corporation - Common Shares","NASDAQ"
"OTF","Blue Owl Technology Finance Corp.","NYSE"
"OTGA","OTG Acquisition Corp. I","NASDAQ"
"OTGAU","OTG Acquisition Corp. I - Unit","NASDAQ"
"OTGAW","OTG Acquisition Corp. I - Warrants","NASDAQ"
"OTGL","OTG Latin America ETF","NASDAQ"
"OTIS","Otis Worldwide Corporation","NYSE"
"OTLK","Outlook Therapeutics, Inc.","NASDAQ"
"OTLY","Oatly Group AB","NASDAQ"
"OTTR","Otter Tail Corporation","NASDAQ"
"OUNZ","VanEck Merk Gold ETF","NYSEARCA"
"OUSA","ALPS O'Shares U.S. Quality Dividend ETF","NYSEARCA"
"OUSM","ALPS O'Shares U.S. Small-Cap Quality Dividend ETF","NYSEARCA"
"OUST","Ouster, Inc.","NASDAQ"
"OUT","OUTFRONT Media Inc.","NYSE"
"OVB","Overlay Shares Core Bond ETF","BATS"
"OVBC","Ohio Valley Banc Corp.","NASDAQ"
"OVF","Overlay Shares Foreign Equity ETF","BATS"
"OVID","Ovid Therapeutics Inc.","NASDAQ"
"OVL","Overlay Shares Large Cap Equity ETF","BATS"
"OVLH","Overlay Shares Hedged Large Cap Equity ETF","BATS"
"OVLY","Oak Valley Bancorp (CA)","NASDAQ"
"OVM","Overlay Shares Municipal Bond ETF","BATS"
"OVS","Overlay Shares Small Cap Equity ETF","BATS"
"OVT","Overlay Shares Short Term Bond ETF","BATS"
"OVV","Ovintiv Inc. (DE)","NYSE"
"OWL","Blue Owl Capital Inc. Class A","NYSE"
"OWLS","OBOOK Holdings Inc.","NASDAQ"
"OWLT","Owlet, Inc. Class A","NYSE"
"OWN","Inside Ownership 100 ETF","BATS"
"OWNB","Bitwise Bitcoin Standard Corporations ETF","NYSEARCA"
"OWNS","Quaker Investment Trust CCM Affordable Housing MBS ETF","NYSEARCA"
"OXBR","Oxbridge Re Holdings Limited","NASDAQ"
"OXBRW","Oxbridge Re Holdings Limited - Warrant","NASDAQ"
"OXLC","Oxford Lane Capital Corp. - Closed End Fund","NASDAQ"
"OXLCG","Oxford Lane Capital Corp. - 7.95% Notes due 2032","NASDAQ"
"OXLCI","Oxford Lane Capital Corp. - 8.75% Notes due 2030","NASDAQ"
"OXLCL","Oxford Lane Capital Corp. - 6.75% Notes due 2031","NASDAQ"
"OXLCM","Oxford Lane Capital Corp. - Preferred Stock Shares, 8.25% Series 2031","NASDAQ"
"OXLCN","Oxford Lane Capital Corp. - 7.125% Series 2029 Term Preferred Stock","NASDAQ"
"OXLCO","Oxford Lane Capital Corp. - Preferred Stock Shares, 6.00% Series 2029","NASDAQ"
"OXLCZ","Oxford Lane Capital Corp. - 5.00% Notes due 2027","NASDAQ"
"OXM","Oxford Industries, Inc.","NYSE"
"OXSQ","Oxford Square Capital Corp. - Closed End Fund","NASDAQ"
"OXSQG","Oxford Square Capital Corp. - 5.50% Notes due 2028","NASDAQ"
"OXSQH","Oxford Square Capital Corp. - 7.75% Notes due 2030","NASDAQ"
"OXY","Occidental Petroleum Corporation","NYSE"
"OXY.W","Occidental Petroleum Corporation Warrants","NYSE"
"OYSE","Oyster Enterprises II Acquisition Corp","NASDAQ"
"OYSER","Oyster Enterprises II Acquisition Corp - Rights","NASDAQ"
"OYSEU","Oyster Enterprises II Acquisition Corp - Units","NASDAQ"
"OZ","Belpointe PREP, LLC Class A Units","AMEX"
"OZEM","Roundhill GLP-1 & Weight Loss ETF","NASDAQ"
"OZK","Bank OZK","NASDAQ"
"OZKAP","Bank OZK - 4.625% Series A Non-Cumulative Perpetual Preferred Stock","NASDAQ"
"P","Everpure, Inc. Class A","NYSE"
"PAA","Plains All American Pipeline, L.P. - Common Units representing Limited Partner Interests","NASDAQ"
"PAAA","PGIM AAA CLO ETF","NYSEARCA"
"PAAC","Proem Acquisition Corp I","NASDAQ"
"PAACU","Proem Acquisition Corp I - Units","NASDAQ"
"PAACW","Proem Acquisition Corp I - Warrants","NASDAQ"
"PAAS","Pan American Silver Corp.","NYSE"
"PAAU","T-REX 2X Long PAAS Daily Target ETF","BATS"
"PAB","PGIM Active Aggregate Bond ETF","NYSEARCA"
"PABD","iShares Paris-Aligned Climate Optimized MSCI World ex USA ETF","NASDAQ"
"PABU","iShares Paris-Aligned Climate Optimized MSCI USA ETF","NASDAQ"
"PAC","Grupo Aeroportuario Del Pacifico, S.A. B. de C.V. Grupo Aeroportuario Del Pacifico, S.A. de C.V. (each representing 10 Series B shares)","NYSE"
"PACB","Pacific Biosciences of California, Inc.","NASDAQ"
"PACH","Pioneer Acquisition I Corp","NASDAQ"
"PACHU","Pioneer Acquisition I Corp - Units","NASDAQ"
"PACHW","Pioneer Acquisition I Corp - Warrants","NASDAQ"
"PACK","Ranpak Holdings Corp Class A","NYSE"
"PACS","PACS Group, Inc.","NYSE"
"PAG","Penske Automotive Group, Inc.","NYSE"
"PAGP","Plains GP Holdings, L.P.","NASDAQ"
"PAGS","PagSeguro Digital Ltd. Class A Common Shares","NYSE"
"PAHC","Phibro Animal Health Corporation","NASDAQ"
"PAI","Western Asset Investment Grade Income Fund Inc.","NYSE"
"PAII","Pyrophyte Acquisition Corp. II Class A","NYSE"
"PAII.U","Pyrophyte Acquisition Corp. II Units, each consisting of one Class A ordinary share and one-half of one redeemable warrant","NYSE"
"PAII.W","Pyrophyte Acquisition Corp. II Warrants, each whole warrant exercisable for one Class A Ordinary Share at an exercise price of $11.50 per share","NYSE"
"PAL","Proficient Auto Logistics, Inc.","NASDAQ"
"PALC","Pacer Lunt Large Cap Multi-Factor Alternator ETF","NYSEARCA"
"PALD","Direxion Daily PANW Bear 1X ETF","NASDAQ"
"PALI","Palisade Bio, Inc.","NASDAQ"
"PALL","abrdn Physical Palladium Shares ETF","NYSEARCA"
"PALO","Paloma Acquisition Corp I","NASDAQ"
"PALOU","Paloma Acquisition Corp I - Units","NASDAQ"
"PALOW","Paloma Acquisition Corp I - Warrants","NASDAQ"
"PALU","Direxion Daily PANW Bull 2X ETF","NASDAQ"
"PAM","Pampa Energia S.A.","NYSE"
"PAMC","Pacer Lunt MidCap Multi-Factor Alternator ETF","NYSEARCA"
"PAMT","PAMT CORP","NASDAQ"
"PANG","Leverage Shares 2X Long PANW Daily ETF","NASDAQ"
"PANL","Pangaea Logistics Solutions Ltd.","NASDAQ"
"PANW","Palo Alto Networks, Inc.","NASDAQ"
"PAPI","Parametric Equity Premium Income ETF","NYSEARCA"
"PAPL","Pineapple Financial Inc.","AMEX"
"PAPR","Innovator U.S. Equity Power Buffer ETF - April","BATS"
"PAR","PAR Technology Corporation","NYSE"
"PARK","Park Dental Partners, Inc.","NASDAQ"
"PARR","Par Pacific Holdings, Inc.","NYSE"
"PASG","Passage Bio, Inc.","NASDAQ"
"PASW","Ping An Biomedical Co., Ltd.","NASDAQ"
"PATH","UiPath, Inc. Class A","NYSE"
"PATK","Patrick Industries, Inc.","NASDAQ"
"PATN","Pacer Nasdaq International Patent Leaders ETF","NASDAQ"
"PATX","Tradr 2X Long PATH Daily ETF","BATS"
"PAUG","Innovator U.S. Equity Power Buffer ETF - August","BATS"
"PAVE","Global X U.S. Infrastructure Development ETF","BATS"
"PAVM","PAVmed Inc.","NASDAQ"
"PAVS","Paranovus Entertainment Technology Ltd.","NASDAQ"
"PAWZ","ProShares Pet Care ETF","BATS"
"PAX","Patria Investments Limited","NASDAQ"
"PAXS","PIMCO Access Income Fund Common Shares of Beneficial Interest","NYSE"
"PAY","Paymentus Holdings, Inc. Class A","NYSE"
"PAYC","Paycom Software, Inc.","NYSE"
"PAYH","TrueShares S&P Autocallable High Income ETF","BATS"
"PAYM","TrueShares S&P Autocallable Defensive Income ETF","BATS"
"PAYO","Payoneer Global Inc.","NASDAQ"
"PAYP","PayPay Corporation - American Depository Shares","NASDAQ"
"PAYR","Federated Hermes Enhanced Income ETF","BATS"
"PAYS","Paysign, Inc.","NASDAQ"
"PAYX","Paychex, Inc.","NASDAQ"
"PB","Prosperity Bancshares, Inc.","NYSE"
"PBA","Pembina Pipeline Corp. Ordinary Shares (Canada)","NYSE"
"PBAP","PGIM S&P 500 Buffer 20 ETF - April","BATS"
"PBAU","PGIM S&P 500 Buffer 20 ETF - August","BATS"
"PBD","Invesco Global Clean Energy ETF","NYSEARCA"
"PBDC","Putnam BDC Income ETF","NYSEARCA"
"PBDE","PGIM S&P 500 Buffer 20 ETF - December","BATS"
"PBE","Invesco Biotechnology & Genome ETF","NYSEARCA"
"PBEU","Portfolio Building Block European Banks Index ETF","NASDAQ"
"PBF","PBF Energy Inc. Class A","NYSE"
"PBFB","PGIM S&P 500 Buffer 20 ETF - February","BATS"
"PBFR","PGIM Laddered S&P 500 Buffer 20 ETF","BATS"
"PBFS","Pioneer Bancorp, Inc.","NASDAQ"
"PBH","Prestige Consumer Healthcare Inc.","NYSE"
"PBHC","Pathfinder Bancorp, Inc.","NASDAQ"
"PBI","Pitney Bowes Inc.","NYSE"
"PBJ","Invesco Food & Beverage ETF","NYSEARCA"
"PBJA","PGIM S&P 500 Buffer 20 ETF - January","BATS"
"PBJL","PGIM S&P 500 Buffer 20 ETF - July","BATS"
"PBJN","PGIM S&P 500 Buffer 20 ETF - June","BATS"
"PBK","PowerBank Corporation","NASDAQ"
"PBL","PGIM Portfolio Ballast ETF","BATS"
"PBLS","Parabilis Medicines, Inc.","NASDAQ"
"PBM","Psyence Biomedical Ltd. - Common Shares","NASDAQ"
"PBMR","PGIM S&P 500 Buffer 20 ETF - March","BATS"
"PBMWW","Psyence Biomedical Ltd. - Warrant","NASDAQ"
"PBMY","PGIM S&P 500 Buffer 20 ETF - May","BATS"
"PBNV","PGIM S&P 500 Buffer 20 ETF - November","BATS"
"PBOC","PGIM S&P 500 Buffer 20 ETF - October","BATS"
"PBOG","Portfolio Building Block Integrated Oil and Gas and Exploration and Production Index ETF","NASDAQ"
"PBOT","Pictet AI & Automation ETF","NYSEARCA"
"PBP","Invesco S&P 500 BuyWrite ETF","BATS"
"PBPH","Portfolio Building Block World Pharma and Biotech Index ETF","NASDAQ"
"PBQQ","PGIM Laddered Nasdaq-100 Buffer 12 ETF","NASDAQ"
"PBR","Petroleo Brasileiro S.A. Petrobras ADS","NYSE"
"PBR.A","Petroleo Brasileiro S.A. Petrobras American Depositary Shares representing Preferred Shares","NYSE"
"PBRG","Leverage Shares 2X Long PBR Daily ETF","NASDAQ"
"PBSC","Pacer Barings Secured Credit Flex ETF","NASDAQ"
"PBSE","PGIM S&P 500 Buffer 20 ETF - September","BATS"
"PBT","Permian Basin Royalty Trust","NYSE"
"PBTP","Invesco 0-5 Yr US TIPS ETF","BATS"
"PBUS","Invesco MSCI USA ETF","BATS"
"PBW","Invesco WilderHill Clean Energy ETF","NYSEARCA"
"PBYI","Puma Biotechnology Inc","NASDAQ"
"PC","Premium Catering (Holdings) Limited","NASDAQ"
"PCAP","ProCap Acquisition Corp","NASDAQ"
"PCAPU","ProCap Acquisition Corp - Unit","NASDAQ"
"PCAPW","ProCap Acquisition Corp - Warrant","NASDAQ"
"PCAR","PACCAR Inc.","NASDAQ"
"PCB","PCB Bancorp","NASDAQ"
"PCCE","Polen Capital China Growth ETF","NYSEARCA"
"PCEB","Polen Euro High Yield Bond ETF","NYSEARCA"
"PCEF","Invesco CEF Income Composite ETF","NYSEARCA"
"PCF","High Income Securities Fund","NYSE"
"PCFI","Polen Floating Rate Income ETF","NYSEARCA"
"PCG","Pacific Gas & Electric Co.","NYSE"
"PCGG","Polen Capital Global Growth ETF","NYSEARCA"
"PCHI","Polen High Income ETF","NYSEARCA"
"PCI","PGIM Corporate Bond 5-10 Year ETF","BATS"
"PCIG","Polen Capital International Growth ETF","NYSEARCA"
"PCL","PGIM Corporate Bond 10+ Year ETF","BATS"
"PCLA","PicoCELA Inc.","NASDAQ"
"PCLC","Polen 5Perspectives Large Growth ETF","NYSEARCA"
"PCLG","Polen Focus Growth ETF","NYSEARCA"
"PCLN","Pictet Cleaner Planet ETF","NYSEARCA"
"PCLO","VIRTUS SEIX AAA Private Credit CLO ETF","NYSEARCA"
"PCM","PCM Fund, Inc.","NYSE"
"PCMM","BondBloxx Private Credit CLO ETF","NASDAQ"
"PCN","Pimco Corporate & Income Strategy Fund","NYSE"
"PCOR","Procore Technologies, Inc.","NYSE"
"PCPI","PIMCO Inflation PLUS Active Exchange-Traded Fund","NASDAQ"
"PCPP","Porter & Company Porter Portfolio Index ETF","BATS"
"PCQ","PIMCO California Municipal Income Fund","NYSE"
"PCR","Simplify VettaFi Private Credit Strategy ETF","NYSEARCA"
"PCRX","Pacira BioSciences, Inc.","NASDAQ"
"PCS","PGIM Corporate Bond 0-5 Year ETF","BATS"
"PCSA","Processa Pharmaceuticals, Inc.","NASDAQ"
"PCSC","Perceptive Capital Solutions Corp","NASDAQ"
"PCSG","Polen 5Perspectives Small-Mid Growth ETF","NYSEARCA"
"PCT","PureCycle Technologies, Inc.","NASDAQ"
"PCTTU","PureCycle Technologies, Inc. - Unit","NASDAQ"
"PCTTW","PureCycle Technologies, Inc. - Warrant","NASDAQ"
"PCTY","Paylocity Holding Corporation","NASDAQ"
"PCVX","Vaxcyte, Inc.","NASDAQ"
"PCY","Invesco Emerging Markets Sovereign Debt ETF","NYSEARCA"
"PCYO","Pure Cycle Corporation","NASDAQ"
"PD","PagerDuty, Inc.","NYSE"
"PDBA","Invesco Agriculture Commodity Strategy No K-1 ETF","NASDAQ"
"PDBC","Invesco Optimum Yield Diversified Commodity Strategy No K-1 ETF","NASDAQ"
"PDC","Perpetuals.com Ltd","NASDAQ"
"PDCC","Pearl Diver Credit Company Inc.","NYSE"
"PDD","PDD Holdings Inc.","NASDAQ"
"PDDL","GraniteShares 2x Long PDD Daily ETF","NASDAQ"
"PDEC","Innovator U.S. Equity Power Buffer ETF - December","BATS"
"PDEX","Pro-Dex, Inc.","NASDAQ"
"PDFS","PDF Solutions, Inc.","NASDAQ"
"PDI","PIMCO Dynamic Income Fund","NYSE"
"PDLB","Ponce Financial Group, Inc.","NASDAQ"
"PDM","Piedmont Realty Trust, Inc. Class A","NYSE"
"PDN","Invesco RAFI Developed Markets ex-U.S. Small-Mid ETF","NYSEARCA"
"PDO","PIMCO Dynamic Income Opportunities Fund Common Shares of Beneficial Interest","NYSE"
"PDP","Invesco Dorsey Wright Momentum ETF","NASDAQ"
"PDPA","Pearl Diver Credit Company Inc. 8.00% Series A Preferred Stock Due 2029","NYSE"
"PDS","Precision Drilling Corporation","NYSE"
"PDSB","PDS Biotechnology Corporation","NASDAQ"
"PDT","John Hancock Premium Dividend Fund","NYSE"
"PDX","PIMCO Dynamic Income Strategy Fund Common Shares of Beneficial Interest","NYSE"
"PDYN","Palladyne AI Corp.","NASDAQ"
"PDYNW","Palladyne AI Corp. - Warrant","NASDAQ"
"PEB","Pebblebrook Hotel Trust Common Shares of Beneficial Interest","NYSE"
"PEBK","Peoples Bancorp of North Carolina, Inc.","NASDAQ"
"PEBO","Peoples Bancorp Inc.","NASDAQ"
"PECE","Peace Acquisition Corp","NASDAQ"
"PECER","Peace Acquisition Corp - Right","NASDAQ"
"PECEU","Peace Acquisition Corp - Units","NASDAQ"
"PECEW","Peace Acquisition Corp - Warrant","NASDAQ"
"PECO","Phillips Edison & Company, Inc.","NASDAQ"
"PED","Pedevco Corp.","AMEX"
"PEG","Public Service Enterprise Group Incorporated","NYSE"
"PEGA","Pegasystems Inc.","NASDAQ"
"PEJ","Invesco Leisure and Entertainment ETF","NYSEARCA"
"PEMX","Putnam Emerging Markets ex-China ETF","NYSEARCA"
"PEN","Penumbra, Inc.","NYSE"
"PENG","Penguin Solutions, Inc.","NASDAQ"
"PENN","PENN Entertainment, Inc.","NASDAQ"
"PEO","Adams Natural Resources Fund, Inc.","NYSE"
"PEP","PepsiCo, Inc.","NASDAQ"
"PEPG","PepGen Inc.","NASDAQ"
"PEPS","Parametric Equity Plus ETF","NASDAQ"
"PERF","Perfect Corp. Class A Ordinary Share","NYSE"
"PERI","Perion Network Ltd","NASDAQ"
"PESI","Perma-Fix Environmental Services, Inc.","NASDAQ"
"PETS","PetMed Express, Inc.","NASDAQ"
"PETZ","TDH Holdings, Inc. - Common Shares","NASDAQ"
"PEVC","Pacer PE/VC ETF","NYSEARCA"
"PEW","GrabAGun Digital Holdings Inc.","NYSE"
"PEW.W","GrabAGun Digital Holdings Inc. Warrants, each whole warrant exercisable to purchase one share of Common Stock at an exercise price of $11.50 per share","NYSE"
"PEX","ProShares Global Listed Private Equity ETF","BATS"
"PEXL","Pacer US Export Leaders ETF","NYSEARCA"
"PEY","Invesco High Yield Equity Dividend Achievers ETF","NASDAQ"
"PEZ","Invesco Dorsey Wright Consumer Cyclicals Momentum ETF","NASDAQ"
"PFAI","Pinnacle Food Group Limited","NASDAQ"
"PFBC","Preferred Bank","NASDAQ"
"PFD","Flaherty & Crumrine Preferred and Income Fund Incorporated","NYSE"
"PFDE","Pathfinder Disciplined US Equity ETF","NASDAQ"
"PFE","Pfizer, Inc.","NYSE"
"PFEB","Innovator U.S. Equity Power Buffer ETF - February","BATS"
"PFF","iShares Preferred and Income Securities ETF","NASDAQ"
"PFFA","Virtus InfraCap U.S. Preferred Stock ETF","NYSEARCA"
"PFFD","Global X U.S. Preferred ETF","NYSEARCA"
"PFFL","ETRACS 2xMonthly Pay Leveraged Preferred Stock Index ETN due September 25, 2048","NYSEARCA"
"PFFR","InfraCap REIT Preferred ETF","NYSEARCA"
"PFFV","Global X Variable Rate Preferred ETF","NYSEARCA"
"PFG","Principal Financial Group Inc","NASDAQ"
"PFGC","Performance Food Group Company","NYSE"
"PFH","Prudential Financial, Inc. 4.125% Junior Subordinated Notes due 2060","NYSE"
"PFI","Invesco Dorsey Wright Financial Momentum ETF","NASDAQ"
"PFIG","Invesco Fundamental Investment Grade Corporate Bond  ETF","NYSEARCA"
"PFIS","Peoples Financial Services Corp.","NASDAQ"
"PFIX","Simplify Interest Rate Hedge ETF","NYSEARCA"
"PFL","PIMCO Income Strategy Fund Shares of Beneficial Interest","NYSE"
"PFLA","PennantPark Floating Rate Capital Ltd. 7.375% Notes Due 2031","NYSE"
"PFLD","AAM Low Duration Preferred and Income Securities ETF","NYSEARCA"
"PFLT","PennantPark Floating Rate Capital Ltd.","NYSE"
"PFM","Invesco Dividend Achievers ETF","NASDAQ"
"PFN","PIMCO Income Strategy Fund II","NYSE"
"PFO","Flaherty & Crumrine Preferred and Income Opportunity Fund Incorporated","NYSE"
"PFOE","Pathfinder Focused Opportunities ETF","NASDAQ"
"PFRL","PGIM Floating Rate Income ETF","NYSEARCA"
"PFS","Provident Financial Services, Inc","NYSE"
"PFSA","Profusa, Inc.","NASDAQ"
"PFSI","PennyMac Financial Services, Inc.","NYSE"
"PFX","PhenixFIN Corporation","NASDAQ"
"PFXF","VanEck Preferred Securities ex Financials ETF","NYSEARCA"
"PFXNZ","PhenixFIN Corporation  - 5.25% Notes due 2028","NASDAQ"
"PG","Procter & Gamble Company (The)","NYSE"
"PGAC","Pantages Capital Acquisition Corporation","NASDAQ"
"PGACR","Pantages Capital Acquisition Corporation - Right","NASDAQ"
"PGACU","Pantages Capital Acquisition Corporation - Unit","NASDAQ"
"PGC","Peapack-Gladstone Financial Corporation","NASDAQ"
"PGEN","Precigen, Inc.","NASDAQ"
"PGF","Invesco Financial Preferred ETF","NYSEARCA"
"PGHY","Invesco Global ex-US High Yield Corporate Bond ETF","NYSEARCA"
"PGJ","Invesco Golden Dragon China ETF","NASDAQ"
"PGNY","Progyny, Inc.","NASDAQ"
"PGP","Pimco Global StocksPlus & Income Fund Common Shares of Beneficial Interest","NYSE"
"PGR","Progressive Corporation (The)","NYSE"
"PGRI","Putnam International Stock ETF","NYSEARCA"
"PGRO","Putnam Focused Large Cap Growth ETF","NYSEARCA"
"PGX","Invesco Preferred ETF","NYSEARCA"
"PGY","Pagaya Technologies Ltd.","NASDAQ"
"PGYWW","Pagaya Technologies Ltd. - Warrants","NASDAQ"
"PGZ","Principal Real Estate Income Fund Common Shares of Beneficial Interest","NYSE"
"PH","Parker-Hannifin Corporation","NYSE"
"PHAR","Pharming Group N.V. - ADS, each representing 10","NASDAQ"
"PHAT","Phathom Pharmaceuticals, Inc.","NASDAQ"
"PHDG","Invesco S&P 500 Downside Hedged ETF","NYSEARCA"
"PHEQ","Parametric Hedged Equity ETF","NYSEARCA"
"PHG","Koninklijke Philips N.V. NY Registry Shares","NYSE"
"PHGE","BiomX Inc.","AMEX"
"PHI","PLDT Inc. Sponsored ADR","NYSE"
"PHIN","PHINIA Inc.","NYSE"
"PHIO","Phio Pharmaceuticals Corp.","NASDAQ"
"PHK","Pimco High Income Fund","NYSE"
"PHM","PulteGroup, Inc.","NYSE"
"PHO","Invesco Water Resources ETF","NASDAQ"
"PHOE","Phoenix Asia Holdings Limited","NASDAQ"
"PHR","Phreesia, Inc.","NYSE"
"PHUN","Phunware, Inc.","NASDAQ"
"PHVS","Pharvaris N.V.","NASDAQ"
"PHYL","PGIM Active High Yield Bond ETF","NYSEARCA"
"PHYS","Sprott Physical Gold Trust ETV","NYSEARCA"
"PI","Impinj, Inc.","NASDAQ"
"PICB","Invesco International Corporate Bond ETF","NYSEARCA"
"PICK","iShares MSCI Global Select Metals & Mining Producers Fund","BATS"
"PICS","PicS N.V.","NASDAQ"
"PID","Invesco International Dividend Achievers ETF","NASDAQ"
"PIE","Invesco Dorsey Wright Emerging Markets Momentum ETF","NASDAQ"
"PIEL","Pacer International Export Leaders ETF","BATS"
"PIEQ","Principal International Equity ETF","BATS"
"PIFI","ClearShares Piton Intermediate Fixed Income ETF","NYSEARCA"
"PII","Polaris Inc.","NYSE"
"PIII","P3 Health Partners Inc.","NASDAQ"
"PIIIW","P3 Health Partners Inc. - Warrant","NASDAQ"
"PILL","Direxion Daily Pharmaceutical & Medical Bull 3X ETF","NYSEARCA"
"PIM","Putnam Master Intermediate Income Trust","NYSE"
"PINC","PGIM Securitized Income ETF","BATS"
"PINE","Alpine Income Property Trust, Inc.","NYSE"
"PINK","Simplify Health Care ETF","NYSEARCA"
"PINS","Pinterest, Inc. Class A","NYSE"
"PIO","Invesco Global Water ETF","NASDAQ"
"PIPE","Invesco SteelPath MLP & Energy Infrastructure ETF","BATS"
"PIPR","Piper Sandler Companies","NYSE"
"PIT","VanEck Commodity Strategy ETF","BATS"
"PIZ","Invesco Dorsey Wright Developed Markets Momentum ETF","NASDAQ"
"PJAN","Innovator U.S. Equity Power Buffer ETF - January","BATS"
"PJBF","PGIM Jennison Better Future ETF","BATS"
"PJFG","PGIM Jennison Focused Growth ETF","NYSEARCA"
"PJFM","PGIM Jennison Focused Mid-Cap ETF","BATS"
"PJFV","PGIM Jennison Focused Value ETF","NYSEARCA"
"PJIO","PGIM Jennison International Opportunities ETF","NYSEARCA"
"PJP","Invesco Pharmaceuticals ETF","NYSEARCA"
"PJT","PJT Partners Inc. Class A","NYSE"
"PJUL","Innovator U.S. Equity Power Buffer ETF - July","BATS"
"PJUN","Innovator U.S. Equity Power Buffer ETF - June","BATS"
"PJUS","PGIM Jennison U.S. Core Equity ETF","BATS"
"PK","Park Hotels & Resorts Inc.","NYSE"
"PKB","Invesco Building & Construction ETF","NYSEARCA"
"PKBK","Parke Bancorp, Inc.","NASDAQ"
"PKE","Park Aerospace Corp.","NYSE"
"PKG","Packaging Corporation of America","NYSE"
"PKOH","Park-Ohio Holdings Corp.","NASDAQ"
"PKW","Invesco BuyBack Achievers ETF","NASDAQ"
"PKX","POSCO HOLDINGS INC. American Depositary Shares (Each representing 1/4th of a share of Common Stock)","NYSE"
"PL","Planet Labs PBC Class A","NYSE"
"PLA","GraniteShares Autocallable PLTR ETF","NASDAQ"
"PLAB","Photronics, Inc.","NASDAQ"
"PLAG","Planet Green Holdings Corp.","AMEX"
"PLAY","Dave & Buster's Entertainment, Inc.","NASDAQ"
"PLBC","Plumas Bancorp","NASDAQ"
"PLBL","Polibeli Group Ltd","NASDAQ"
"PLBY","Playboy, Inc.","NASDAQ"
"PLCE","Children's Place, Inc. (The)","NASDAQ"
"PLD","Prologis, Inc.","NYSE"
"PLG","Platinum Group Metals Ltd. Ordinary Shares (Canada)","AMEX"
"PLGI","PL Growth and Income ETF","BATS"
"PLGO","Pelagos Insurance Capital Limited Common Shares","NYSE"
"PLMK","Plum Acquisition Corp. IV","NASDAQ"
"PLMKU","Plum Acquisition Corp. IV - Unit","NASDAQ"
"PLMKW","Plum Acquisition Corp. IV - Warrants","NASDAQ"
"PLMR","Palomar Holdings, Inc.","NASDAQ"
"PLNT","Planet Fitness, Inc.","NYSE"
"PLOW","Douglas Dynamics, Inc.","NYSE"
"PLPC","Preformed Line Products Company","NASDAQ"
"PLRX","Pliant Therapeutics, Inc.","NASDAQ"
"PLRZ","Polyrizon Ltd.","NASDAQ"
"PLSE","Pulse Biosciences, Inc","NASDAQ"
"PLSM","Pulsenmore Ltd.","NASDAQ"
"PLTA","ProShares Ultra PLTR","NYSEARCA"
"PLTD","Direxion Daily PLTR Bear 1X ETF","NASDAQ"
"PLTG","Leverage Shares 2X Long PLTR Daily ETF","NASDAQ"
"PLTK","Playtika Holding Corp.","NASDAQ"
"PLTM","GraniteShares Platinum Shares ETF","NYSEARCA"
"PLTR","Palantir Technologies Inc.","NASDAQ"
"PLTS","Platinum Analytics Cayman Limited","NASDAQ"
"PLTU","Direxion Daily PLTR Bull 2X ETF","NASDAQ"
"PLTW","Roundhill PLTR WeeklyPay ETF","BATS"
"PLTY","YieldMax PLTR Option Income Strategy ETF","NYSEARCA"
"PLTZ","Defiance Daily Target 2x Short PLTR ETF","NASDAQ"
"PLU","Defiance Daily Target 2x Long PL ETF","BATS"
"PLUG","Plug Power, Inc.","NASDAQ"
"PLUL","Leverage Shares 2X Long PLUG Daily ETF","NASDAQ"
"PLUN","Plutonian Acquisition Corp II Class A","NYSE"
"PLUN.R","Plutonian Acquisition Corp II Rights, each entitling the holder to receive one-fourth of one Class A Ordinary Share","NYSE"
"PLUN.U","Plutonian Acquisition Corp II Units, each consisting of one Class A Ordinary Share and one right entitling the holder to one-fourth of one Class A Ord","NYSE"
"PLUR","Pluri Inc.","NASDAQ"
"PLUS","ePlus inc.","NASDAQ"
"PLUT","Plutus Financial Group Limited","NASDAQ"
"PLX","Protalix BioTherapeutics, Inc. (DE)","AMEX"
"PLXS","Plexus Corp.","NASDAQ"
"PLYX","Polaryx Therapeutics, Inc.","NASDAQ"
"PLYY","GraniteShares YieldBOOST PLTR ETF","NASDAQ"
"PM","Philip Morris International Inc","NYSE"
"PMAP","PGIM S&P 500 Max Buffer ETF - April","BATS"
"PMAR","Innovator U.S. Equity Power Buffer ETF - March","BATS"
"PMAU","PGIM S&P 500 Max Buffer ETF - August","BATS"
"PMAX","Powell Max Limited","NASDAQ"
"PMAY","Innovator U.S. Equity Power Buffer ETF - May","BATS"
"PMBS","PIMCO Mortgage-Backed Securities Active Exchange-Traded Fund","NASDAQ"
"PMCB","PharmaCyte  Biotech, Inc.","NASDAQ"
"PMDE","PGIM S&P 500 Max Buffer ETF - December","BATS"
"PMEC","Primech Holdings Ltd.","NASDAQ"
"PMFB","PGIM S&P 500 Max Buffer ETF - February","BATS"
"PMI","Picard Medical, Inc.","AMEX"
"PMIO","PGIM Municipal Income Opportunities ETF","NYSEARCA"
"PMJA","PGIM S&P 500 Max Buffer ETF - January","BATS"
"PMJL","PGIM S&P 500 Max Buffer ETF - July","BATS"
"PMJN","PGIM S&P 500 Max Buffer ETF - June","BATS"
"PML","Pimco Municipal Income Fund II Common Shares of Beneficial Interest","NYSE"
"PMM","Putnam Managed Municipal Income Trust","NYSE"
"PMMF","iShares Prime Money Market ETF","NYSE"
"PMMR","PGIM S&P 500 Max Buffer ETF - March","BATS"
"PMMY","PGIM S&P 500 Max Buffer ETF - May","BATS"
"PMN","ProMIS Neurosciences Inc. - Common Shares","NASDAQ"
"PMNV","PGIM S&P 500 Max Buffer ETF - November","BATS"
"PMO","Putnam Municipal Opportunities Trust","NYSE"
"PMOC","PGIM S&P 500 Max Buffer ETF - October","BATS"
"PMSE","PGIM S&P 500 Max Buffer ETF - September","BATS"
"PMT","PennyMac Mortgage Investment Trust Common Shares of Beneficial Interest","NYSE"
"PMTR","Perimeter Acquisition Corp. I","NASDAQ"
"PMTRU","Perimeter Acquisition Corp. I - Unit","NASDAQ"
"PMTRW","Perimeter Acquisition Corp. I - Warrant","NASDAQ"
"PMTS","CPI Card Group Inc.","NASDAQ"
"PMTU","PennyMac Mortgage Investment Trust 8.50% Senior Notes due 2028","NYSE"
"PMTV","PennyMac Mortgage Investment Trust 9.00% Senior Notes due 2030","NYSE"
"PMTW","PennyMac Mortgage Investment Trust 9.00% Senior Notes due 2030","NYSE"
"PMVP","PMV Pharmaceuticals, Inc.","NASDAQ"
"PN","PN Smart Energy Limited","NASDAQ"
"PNBK","Patriot National Bancorp Inc.","NASDAQ"
"PNC","PNC Financial Services Group, Inc. (The)","NYSE"
"PNFP","Pinnacle Financial Partners, Inc.","NYSE"
"PNI","Pimco New York Municipal Income Fund II Common Shares of Beneficial Interest","NYSE"
"PNNT","PennantPark Investment Corporation","NYSE"
"PNOV","Innovator U.S. Equity Power Buffer ETF - November","BATS"
"PNQI","Invesco Nasdaq Internet ETF","NASDAQ"
"PNR","Pentair plc. Ordinary Share","NYSE"
"PNRG","PrimeEnergy Resources Corporation","NASDAQ"
"PNTG","The Pennant Group, Inc.","NASDAQ"
"PNW","Pinnacle West Capital Corporation","NYSE"
"POAS","Phaos Technology Holdings (Cayman) Limited Class A","AMEX"
"POCI","Precision Optics Corporation, Inc.","NASDAQ"
"POCT","Innovator U.S. Equity Power Buffer ETF - October","BATS"
"PODC","PodcastOne, Inc.","NASDAQ"
"PODD","Insulet Corporation","NASDAQ"
"POEL","Defiance Daily Target 2X Long POET ETF","BATS"
"POET","POET Technologies Inc. - Common Shares","NASDAQ"
"POLA","Polar Power, Inc.","NASDAQ"
"POLE","Andretti Acquisition Corp. II","NASDAQ"
"POLEU","Andretti Acquisition Corp. II - Unit","NASDAQ"
"POLEW","Andretti Acquisition Corp. II - Warrant","NASDAQ"
"POM","POMDOCTOR LIMITED","NASDAQ"
"PONO","Pono Capital Four, Inc.","NASDAQ"
"PONOR","Pono Capital Four, Inc. - Rights","NASDAQ"
"PONOU","Pono Capital Four, Inc. - Units","NASDAQ"
"PONX","Tradr 2X Long PONY Daily ETF","BATS"
"PONY","Pony AI Inc.","NASDAQ"
"POOL","Pool Corporation","NASDAQ"
"POR","Portland General Electric Co","NYSE"
"POST","Post Holdings, Inc.","NYSE"
"POW","VistaShares Electrification Supercycle ETF","NYSEARCA"
"POWA","Invesco Bloomberg Pricing Power ETF","NYSEARCA"
"POWI","Power Integrations, Inc.","NASDAQ"
"POWL","Powell Industries, Inc.","NASDAQ"
"POWR","iShares U.S. Power Infrastructure ETF","NYSEARCA"
"POWW","Outdoor Holding Company","NASDAQ"
"POWWP","Outdoor Holding Company - 8.75% Series A Cumulative Redeemable Perpetual Preferred Stock","NASDAQ"
"PPA","Invesco Aerospace & Defense ETF","NYSEARCA"
"PPBT","Purple Biotech Ltd.","NASDAQ"
"PPC","Pilgrim's Pride Corporation","NASDAQ"
"PPCB","Propanc Biopharma, Inc.","NASDAQ"
"PPG","PPG Industries, Inc.","NYSE"
"PPH","VanEck Pharmaceutical ETF","NASDAQ"
"PPHC","Public Policy Holding Company, Inc.","NASDAQ"
"PPI","Astoria Real Assets ETF","NASDAQ"
"PPIH","Perma-Pipe International Holdings, Inc.","NASDAQ"
"PPL","PPL Corporation","NYSE"
"PPLC","PPL Corporation Corporate Units","NYSE"
"PPLI","People Incorporated","NASDAQ"
"PPLT","abrdn Physical Platinum Shares ETF","NYSEARCA"
"PPSI","Pioneer Power Solutions, Inc.","NASDAQ"
"PPT","Putnam Premier Income Trust","NYSE"
"PPTA","Perpetua Resources Corp. - Common Shares","NASDAQ"
"PPTY","U.S. Diversified Real Estate ETF","NYSEARCA"
"PQAP","PGIM Nasdaq-100 Buffer 12 ETF - April","NASDAQ"
"PQDI","Principal Spectrum Preferred and Income ETF","NYSEARCA"
"PQJA","PGIM Nasdaq-100 Buffer 12 ETF - January","NASDAQ"
"PQJL","PGIM Nasdaq-100 Buffer 12 ETF - July","NASDAQ"
"PQNT","Pictet AI Enhanced International Equity ETF","NYSEARCA"
"PQOC","PGIM Nasdaq-100 Buffer 12 ETF - October","NASDAQ"
"PQUS","Pictet AI Enhanced US Equity ETF","NYSEARCA"
"PR","Permian Resources Corporation Class A","NYSE"
"PRA","ProAssurance Corporation","NYSE"
"PRAA","PRA Group, Inc.","NASDAQ"
"PRAB","State Street IG Public & Private ABS ETF","NYSEARCA"
"PRAE","PlanRock Alternative Growth ETF","NYSEARCA"
"PRAX","Praxis Precision Medicines, Inc.","NASDAQ"
"PRAY","FIS Christian Stock Fund","NYSEARCA"
"PRCH","Porch Group, Inc.","NASDAQ"
"PRCS","Parnassus Core Select ETF","NYSE"
"PRCT","PROCEPT BioRobotics Corporation","NASDAQ"
"PRDO","Perdoceo Education Corporation","NASDAQ"
"PRE","Prenetics Global Limited","NASDAQ"
"PREF","Principal Spectrum Preferred Securities Active ETF","NYSEARCA"
"PRENW","Prenetics Global Limited - Warrant","NASDAQ"
"PRF","Invesco RAFI US 1000 ETF","NYSEARCA"
"PRFD","PIMCO Preferred and Capital Securities Active Exchange-Traded Fund","NYSEARCA"
"PRFX","PRF Technologies Ltd.","NASDAQ"
"PRFZ","Invesco RAFI US 1500 Small-Mid ETF","NASDAQ"
"PRG","PROG Holdings, Inc.","NYSE"
"PRGO","Perrigo Company plc","NYSE"
"PRGS","Progress Software Corporation","NASDAQ"
"PRH","Prudential Financial, Inc. 5.950% Junior Subordinated Notes due 2062","NYSE"
"PRHI","Presurance Holdings, Inc.","NASDAQ"
"PRHIZ","Presurance Holdings, Inc. - 9.75% Senior Unsecured Notes due 2028","NASDAQ"
"PRI","Primerica, Inc.","NYSE"
"PRIM","Primoris Services Corporation","NYSE"
"PRIV","State Street IG Public & Private Credit ETF","NYSEARCA"
"PRIZ","Zacks Preferred Income ETF","NYSEARCA"
"PRK","Park National Corporation","AMEX"
"PRKS","United Parks & Resorts Inc.","NYSE"
"PRLB","Proto Labs, Inc.","NYSE"
"PRLD","Prelude Therapeutics Incorporated","NASDAQ"
"PRM","Perimeter Solutions, SA","NYSE"
"PRMB","Primo Brands Corporation Class A","NYSE"
"PRME","Prime Medicine, Inc.","NASDAQ"
"PRMR","PeakShares RMR Prime Equity ETF","NASDAQ"
"PRN","Invesco Dorsey Wright Industrials Momentum ETF","NASDAQ"
"PRNT","3D Printing (The) ETF","BATS"
"PROF","Profound Medical Corp.","NASDAQ"
"PROK","ProKidney Corp.","NASDAQ"
"PROP","Prairie Operating Co.","NASDAQ"
"PROV","Provident Financial Holdings, Inc.","NASDAQ"
"PRPL","Purple Innovation, Inc.","NASDAQ"
"PRPO","Precipio, Inc.","NASDAQ"
"PRQR","ProQR Therapeutics N.V.","NASDAQ"
"PRS","Prudential Financial, Inc. 5.625% Junior Subordinated Notes due 2058","NYSE"
"PRSD","State Street Short Duration IG Public & Private Credit ETF","NYSEARCA"
"PRSO","Peraso Inc.","NASDAQ"
"PRSU","Pursuit Attractions and Hospitality, Inc.","NYSE"
"PRT","PermRock Royalty Trust Units of Beneficial Interest","NYSE"
"PRTA","Prothena Corporation plc","NASDAQ"
"PRTH","Priority Technology Holdings, Inc.","NASDAQ"
"PRTO","RCN Pareto Strategic Allocation ETF","NYSEARCA"
"PRTS","CarParts.com, Inc.","NASDAQ"
"PRU","Prudential Financial, Inc.","NYSE"
"PRVA","Privia Health Group, Inc.","NASDAQ"
"PRVS","Parnassus Value Select ETF","NYSE"
"PRXG","Praxis Impact Large Cap Growth ETF","NYSEARCA"
"PRXI","Praxis Impact International ETF","NYSEARCA"
"PRXV","Praxis Impact Large Cap Value ETF","NYSEARCA"
"PRZO","ParaZero Technologies Ltd.","NASDAQ"
"PS","Pershing Square Inc.","NYSE"
"PSA","Public Storage","NYSE"
"PSAI","Pacer S&P 500 3AI Top 100 ETF","BATS"
"PSBD","Palmer Square Capital BDC Inc.","NYSE"
"PSC","Principal U.S. Small-Cap ETF","NASDAQ"
"PSCC","Invesco S&P SmallCap Consumer Staples ETF","NASDAQ"
"PSCD","Invesco S&P SmallCap Consumer Discretionary ETF","NASDAQ"
"PSCE","Invesco S&P SmallCap Energy ETF","NASDAQ"
"PSCF","Invesco S&P SmallCap Financials ETF","NASDAQ"
"PSCH","Invesco S&P SmallCap Health Care ETF","NASDAQ"
"PSCI","Invesco S&P SmallCap Industrials ETF","NASDAQ"
"PSCJ","Pacer Swan SOS Conservative (July) ETF","BATS"
"PSCM","Invesco S&P SmallCap Materials ETF","NASDAQ"
"PSCQ","Pacer Swan SOS Conservative (October) ETF","BATS"
"PSCT","Invesco S&P SmallCap Information Technology ETF","NASDAQ"
"PSCU","Invesco S&P SmallCap Utilities & Communication Services ETF","NASDAQ"
"PSCW","Pacer Swan SOS Conservative (April) ETF","BATS"
"PSCX","Pacer Swan SOS Conservative (January) ETF","BATS"
"PSDM","PGIM Short Duration Multi-Sector Bond ETF","BATS"
"PSEC","Prospect Capital Corporation - Closed End Fund","NASDAQ"
"PSEP","Innovator U.S. Equity Power Buffer ETF - September","BATS"
"PSET","Principal Quality ETF","NASDAQ"
"PSF","Cohen & Steers Select Preferred and Income Fund, Inc.","NYSE"
"PSFD","Pacer Swan SOS Flex (January) ETF","BATS"
"PSFE","Paysafe Limited Common Shares","NYSE"
"PSFF","Pacer Swan SOS Fund of Funds ETF","BATS"
"PSFJ","Pacer Swan SOS Flex (July) ETF","BATS"
"PSFM","Pacer Swan SOS Flex (April) ETF","BATS"
"PSFO","Pacer Swan SOS Flex (October) ETF","BATS"
"PSH","PGIM Short Duration High Yield ETF","BATS"
"PSHG","Performance Shipping Inc. - Common Shares","NASDAQ"
"PSI","Invesco Semiconductors ETF","NYSEARCA"
"PSIG","PS International Group Ltd.","NASDAQ"
"PSIL","AdvisorShares Psychedelics ETF","NYSEARCA"
"PSIX","Power Solutions International, Inc.","NASDAQ"
"PSK","State Street SPDR ICE Preferred Securities ETF","NYSEARCA"
"PSKY","Paramount Skydance Corporation","NASDAQ"
"PSL","Invesco Dorsey Wright Consumer Staples Momentum ETF","NASDAQ"
"PSLV","Sprott Physical Silver Trust ETV","NYSEARCA"
"PSMD","Pacer Swan SOS Moderate (January) ETF","BATS"
"PSMJ","Pacer Swan SOS Moderate (July) ETF","BATS"
"PSMO","Pacer Swan SOS Moderate (October) ETF","BATS"
"PSMR","Pacer Swan SOS Moderate (April) ETF","BATS"
"PSMT","PriceSmart, Inc.","NASDAQ"
"PSN","Parsons Corporation","NYSE"
"PSNL","Personalis, Inc.","NASDAQ"
"PSNY","Polestar Automotive Holding UK Limited","NASDAQ"
"PSNYW","Polestar Automotive Holding UK Limited","NASDAQ"
"PSO","Pearson, Plc","NYSE"
"PSP","Invesco Global Listed Private Equity ETF","NYSEARCA"
"PSQ","ProShares Short QQQ","NYSEARCA"
"PSQA","Palmer Square CLO Senior Debt ETF","NYSEARCA"
"PSQH","PSQ Holdings, Inc. Class A","NYSE"
"PSQH.W","PSQ Holdings, Inc. Warrants, each exercisable for one share of Class A common stock at an exercise price of $11.50 per share","NYSE"
"PSQO","Palmer Square Credit Opportunities ETF","NYSEARCA"
"PSR","Invesco Active U.S. Real Estate Fund","NYSEARCA"
"PST","ProShares UltraShort Lehman 7-10 Year Treasury","NYSEARCA"
"PSTL","Postal Realty Trust, Inc. Class A","NYSE"
"PSTP","Innovator Power Buffer Step-Up Strategy ETF","NYSEARCA"
"PSTR","PeakShares Sector Rotation ETF","NASDAQ"
"PSTV","PLUS THERAPEUTICS, Inc.","NASDAQ"
"PSUS","Pershing Square USA, Ltd. Common Shares","NYSE"
"PSWD","Xtrackers Cybersecurity Select Equity ETF","NASDAQ"
"PSX","Phillips 66","NYSE"
"PTA","Cohen & Steers Tax-Advantaged Preferred Securities and Income Fund Common Shares of Beneficial Interest","NYSE"
"PTACU","Patriot Acquisition Corp. - Units","NASDAQ"
"PTBD","Pacer Trendpilot US Bond ETF","NYSEARCA"
"PTC","PTC Inc.","NASDAQ"
"PTCT","PTC Therapeutics, Inc.","NASDAQ"
"PTEN","Patterson-UTI Energy, Inc.","NASDAQ"
"PTEU","Pacer TrendpilotTM European Index ETF","BATS"
"PTF","Invesco Dorsey Wright Technology Momentum ETF","NASDAQ"
"PTGX","Protagonist Therapeutics, Inc.","NASDAQ"
"PTH","Invesco Dorsey Wright Healthcare Momentum ETF","NASDAQ"
"PTHS","Pelthos Therapeutics Inc.","AMEX"
"PTIN","Pacer Trendpilot International ETF","NYSEARCA"
"PTIR","GraniteShares 2x Long PLTR Daily ETF","NASDAQ"
"PTL","Inspire 500 ETF","NYSEARCA"
"PTLC","Pacer Trendpilot US Large Cap ETF","BATS"
"PTLE","PTL LTD","NASDAQ"
"PTLO","Portillo's Inc.","NASDAQ"
"PTMC","Pacer Trendpilot US Mid Cap ETF","BATS"
"PTN","Palatin Technologies, Inc.","NASDAQ"
"PTNM","Pitanium Limited","NASDAQ"
"PTNQ","Pacer Trendpilot 100 ETF","NASDAQ"
"PTNT","Corgi IP Licensing & Royalties ETF","BATS"
"PTON","Peloton Interactive, Inc.","NASDAQ"
"PTOR","Praetorian Acquisition Corp.","NASDAQ"
"PTORU","Praetorian Acquisition Corp. - Units","NASDAQ"
"PTORW","Praetorian Acquisition Corp. - Warrant","NASDAQ"
"PTRB","PGIM Total Return Bond ETF","NYSEARCA"
"PTRN","Pattern Group Inc. - Series A","NASDAQ"
"PTY","Pimco Corporate & Income Opportunity Fund","NYSE"
"PUBM","PubMatic, Inc.","NASDAQ"
"PUI","Invesco Dorsey Wright Utilities Momentum ETF","NASDAQ"
"PUK","Prudential Public Limited Company","NYSE"
"PULM","Pulmatrix, Inc.","NASDAQ"
"PULS","PGIM Ultra Short Bond ETF","NYSEARCA"
"PUMP","ProPetro Holding Corp.","NYSE"
"PURR","Hyperliquid Strategies Inc","NASDAQ"
"PUSA","Aureus Greenway Holdings Inc.","NASDAQ"
"PUSH","PGIM Ultra Short Municipal Bond ETF","NYSEARCA"
"PVAL","Putnam Focused Large Cap Value ETF","NYSEARCA"
"PVEX","TrueShares ConVex Protect ETF","BATS"
"PVH","PVH Corp.","NYSE"
"PVI","Invesco Floating Rate Municipal Income ETF","NYSEARCA"
"PVL","Permianville Royalty Trust Units of Beneficial Interest","NYSE"
"PVLA","Palvella Therapeutics, Inc.","NASDAQ"
"PW","Power REIT (MD)","AMEX"
"PWB","Invesco Large Cap Growth ETF","NYSEARCA"
"PWER","Nomura Energy Transition ETF","NYSEARCA"
"PWP","Perella Weinberg Partners","NASDAQ"
"PWR","Quanta Services, Inc.","NYSE"
"PWRD","TCW Transform Systems ETF","NASDAQ"
"PWRL","Powerlaw Corp.","NASDAQ"
"PWS","Pacer WealthShield ETF","BATS"
"PWV","Invesco Large Cap Value ETF","NYSEARCA"
"PWZ","Invesco California AMT-Free Municipal Bond Portfolio","NYSEARCA"
"PXE","Invesco Energy Exploration & Production ETF","NYSEARCA"
"PXED","Phoenix Education Partners, Inc.","NYSE"
"PXF","Invesco RAFI Developed Markets ex-U.S. ETF","NYSEARCA"
"PXH","Invesco RAFI Emerging Markets ETF","NYSEARCA"
"PXI","Invesco Dorsey Wright Energy Momentum ETF","NASDAQ"
"PXJ","Invesco Oil & Gas Services ETF","NYSEARCA"
"PXLW","Pixelworks, Inc.","NASDAQ"
"PXS","Pyxis Tankers Inc.","NASDAQ"
"PY","Principal Value ETF","NASDAQ"
"PYLD","PIMCO Multisector Bond Active Exchange-Traded Fund","NYSEARCA"
"PYPD","PolyPid Ltd.","NASDAQ"
"PYPG","Leverage Shares 2X Long PYPL Daily ETF","NASDAQ"
"PYPL","PayPal Holdings, Inc.","NASDAQ"
"PYPU","Direxion Daily PYPL Bull 2X ETF","NYSEARCA"
"PYPY","YieldMax PYPL Option Income Strategy ETF","NYSEARCA"
"PYT","PPlus Tr GSC-2 Tr Ctf Fltg Rate","NYSE"
"PYXS","Pyxis Oncology, Inc.","NASDAQ"
"PYZ","Invesco Dorsey Wright Basic Materials Momentum ETF","NASDAQ"
"PZA","Invesco National AMT-Free Municipal Bond ETFo","NYSEARCA"
"PZG","Paramount Gold Nevada Corp.","AMEX"
"PZIV","Pzena International Value ETF","NYSEARCA"
"PZLV","Pzena U.S. Large Cap Value ETF","NYSEARCA"
"PZT","Invesco New York AMT-Free Municipal Bond ETF","NYSEARCA"
"PZZA","Papa John's International, Inc.","NASDAQ"
"Q","Qnity Electronics, Inc.","NYSE"
"QABA","First Trust NASDAQ ABA Community Bank Index Fund","NASDAQ"
"QADR","QDRO Acquisition Corp.","NASDAQ"
"QADRU","QDRO Acquisition Corp. - Units","NASDAQ"
"QADRW","QDRO Acquisition Corp. - Warrant","NASDAQ"
"QAI","NYLI Hedge Multi-Strategy Tracker ETF","NYSEARCA"
"QALT","SEI DBi Multi-Strategy Alternative ETF","NASDAQ"
"QARP","Xtrackers Russell 1000 US Quality at a Reasonable Price ETF ETF","NYSEARCA"
"QAT","iShares MSCI Qatar ETF","NASDAQ"
"QB","ProShares Nasdaq-100 Dynamic Buffer ETF","NASDAQ"
"QBER","TrueShares Quarterly Bear Hedge ETF","BATS"
"QBF","Innovator Uncapped Bitcoin 20 Floor ETF - Quarterly","BATS"
"QBIF","AllianzIM International Equity Buffer15 ETF","BATS"
"QBIG","Invesco Top QQQ ETF","NASDAQ"
"QBIV","AllianzIM International Equity Buffer5 ETF","BATS"
"QBKF","AllianzIM U.S. Small Cap Buffer15 ETF","BATS"
"QBKV","AllianzIM U.S. Small Cap Buffer5 ETF","BATS"
"QBQF","AllianzIM Growth-100 Buffer15 ETF","BATS"
"QBQV","AllianzIM Growth-100 Buffer5 ETF","BATS"
"QBSF","AllianzIM U.S. Equity Buffer15 ETF","BATS"
"QBSV","AllianzIM U.S Equity Buffer5 ETF","BATS"
"QBTS","D-Wave Quantum Inc. Common Shares","NYSE"
"QBTX","Tradr 2X Long QBTS Daily ETF","BATS"
"QBTZ","Defiance Daily Target 2x Short QBTS ETF","NASDAQ"
"QBUF","Innovator Nasdaq-100 10 Buffer ETF Quarterly","NASDAQ"
"QBUL","TrueShares Quarterly Bull Hedge ETF","BATS"
"QBY","GraniteShares YieldBoost QBTS ETF","NASDAQ"
"QCAP","FT Vest Nasdaq-100 Conservative Buffer ETF - April","BATS"
"QCJA","FT Vest Nasdaq-100 Conservative Buffer ETF - January","BATS"
"QCJL","FT Vest Nasdaq-100 Conservative Buffer ETF - July","BATS"
"QCLN","First Trust NASDAQ Clean Edge Green Energy Index Fund","NASDAQ"
"QCLR","Global X NASDAQ 100 Collar 95-110 ETF","NASDAQ"
"QCLS","Q/C Technologies, Inc.","NASDAQ"
"QCMD","Direxion Daily QCOM Bear 1X ETF","NASDAQ"
"QCML","GraniteShares 2x Long QCOM Daily ETF","NASDAQ"
"QCMU","Direxion Daily QCOM Bull 2X ETF","NASDAQ"
"QCOC","FT Vest Nasdaq-100 Conservative Buffer ETF - October","BATS"
"QCOM","QUALCOMM Incorporated","NASDAQ"
"QCRH","QCR Holdings, Inc.","NASDAQ"
"QDEC","FT Vest Nasdaq-100 Buffer ETF - December","BATS"
"QDEF","FlexShares Quality Dividend Defensive Index Fund","NYSEARCA"
"QDEL","QuidelOrtho Corporation","NASDAQ"
"QDF","FlexShares Quality Dividend Index Fund","NYSEARCA"
"QDIV","Global X S&P 500 Quality Dividend ETF","NYSEARCA"
"QDPL","Pacer Metaurus US Large Cap Dividend Multiplier 400 ETF","NYSEARCA"
"QDTE","Roundhill Innovation-100 0DTE Covered Call Strategy ETF","BATS"
"QDTY","YieldMax Nasdaq 100 0DTE Covered Call Strategy ETF","NASDAQ"
"QDVO","Amplify CWP Growth & Income ETF","NYSEARCA"
"QEFA","State Street SPDR MSCI EAFE StrategicFactors ETF","NYSEARCA"
"QEMM","State Street SPDR MSCI Emerging Markets StrategicFactors ETF","NYSEARCA"
"QETA","Quetta Acquisition Corporation","NASDAQ"
"QETAR","Quetta Acquisition Corporation - Right","NASDAQ"
"QETAU","Quetta Acquisition Corporation - Unit","NASDAQ"
"QETH","Invesco Galaxy Ethereum ETF","BATS"
"QEW","Invesco QQQ Equal Weight ETF","NASDAQ"
"QFHD","Pacer S&P 500 Quality FCF High Dividend ETF","BATS"
"QFIN","Qfin Holdings, Inc.","NASDAQ"
"QFLR","Innovator Nasdaq-100 Managed Floor ETF","NYSEARCA"
"QFRD","Pacer S&P 500 Quality FCF R&D Leaders","BATS"
"QGEN","Qiagen N.V. Common Shares","NYSE"
"QGRD","Horizon Nasdaq-100 Defined Risk ETF","NASDAQ"
"QGRO","American Century U.S. Quality Growth ETF","NYSEARCA"
"QGRW","WisdomTree U.S. Quality Growth Fund","NYSEARCA"
"QH","Quhuo Limited - American Depository Shares","NASDAQ"
"QHDG","Innovator Hedged Nasdaq-100 ETF","NASDAQ"
"QHY","WisdomTree U.S. High Yield Corporate Bond Fund","BATS"
"QID","ProShares UltraShort QQQ","NYSEARCA"
"QIDX","Indexperts Quality Earnings Focused ETF","NYSEARCA"
"QIG","WisdomTree U.S. Corporate Bond Fund","BATS"
"QINT","American Century Quality Diversified International ETF","NYSEARCA"
"QIS","Simplify Multi-QIS Alternative ETF","NYSEARCA"
"QJN","Corgi Growth & Technology 10% Structured Buffer ETF - June Series","BATS"
"QJUN","FT Vest Nasdaq-100 Buffer ETF - June","BATS"
"QLC","FlexShares US Quality Large Cap Index Fund","BATS"
"QLD","ProShares Ultra QQQ","NYSEARCA"
"QLDY","Defiance Nasdaq 100 LightningSpread Income ETF","NASDAQ"
"QLEP","Quantum Leap Acquisition Corp Class A","NYSE"
"QLEP.W","Quantum Leap Acquisition Corp Warrants, each whole warrant exercisable for one Class A Ordinary Share at an exercise price of $11.50 per share","NYSE"
"QLTA","iShares Aaa A Rated Corporate Bond ETF","NYSEARCA"
"QLTI","GMO International Quality ETF","NYSEARCA"
"QLTY","GMO U.S. Quality ETF","NYSEARCA"
"QLV","FlexShares US Quality Low Volatility Index Fund","NYSEARCA"
"QLVD","FlexShares Developed Markets ex-US Quality Low Volatility Index Fund","NYSEARCA"
"QLVE","FlexShares Emerging Markets  Quality Low Volatility Index Fund","NYSEARCA"
"QLYS","Qualys, Inc.","NASDAQ"
"QMAG","FT Vest Nasdaq-100 Moderate Buffer ETF - August","BATS"
"QMAR","FT Vest Nasdaq-100 Buffer ETF - March","BATS"
"QMCO","Quantum Corporation","NASDAQ"
"QMFE","FT Vest Nasdaq-100 Moderate Buffer ETF - February","BATS"
"QMID","WisdomTree U.S. MidCap Quality Growth Fund","NASDAQ"
"QMMM","QMMM Holdings Limited","NASDAQ"
"QMMY","FT Vest Nasdaq-100 Moderate Buffer ETF - May","BATS"
"QMNV","FT Vest Nasdaq-100 Moderate Buffer ETF - November","BATS"
"QMOM","Alpha Architect U.S. Quantitative Momentum ETF","NASDAQ"
"QMY","Corgi Growth & Technology 10% Structured Buffer ETF - May Series","BATS"
"QNC","Quantum eMotion Corp. Common Shares","AMEX"
"QNCX","Quince Therapeutics, Inc.","NASDAQ"
"QNRX","Quoin Pharmaceuticals, Ltd.","NASDAQ"
"QNST","QuinStreet, Inc.","NASDAQ"
"QNT","Quantinuum Inc.","NASDAQ"
"QNTM","Quantum Biopharma Ltd.","NASDAQ"
"QNXT","iShares Nasdaq-100 ex Top 30 ETF","NASDAQ"
"QOWZ","Invesco Nasdaq Free Cash Flow Achievers ETF","NASDAQ"
"QPUX","Defiance 2X Daily Long Pure Quantum ETF","NASDAQ"
"QPX","AdvisorShares Q Dynamic Growth ETF","NYSEARCA"
"QQA","Invesco QQQ Income Advantage ETF","NASDAQ"
"QQDN","ProShares UltraShort QQQ Mega","NASDAQ"
"QQEW","First Trust Nasdaq-100 Select Equal Weight ETF","NASDAQ"
"QQH","HCM Defender 100 Index ETF","NYSEARCA"
"QQHG","Invesco QQQ Hedged Advantage ETF","NASDAQ"
"QQJN","Corgi Growth & Technology 15% Structured Buffer ETF - June Series","BATS"
"QQLV","Invesco QQQ Low Volatility ETF","NASDAQ"
"QQMG","Invesco ESG NASDAQ 100 ETF","NASDAQ"
"QQMY","Corgi Growth & Technology 15% Structured Buffer ETF - May Series","BATS"
"QQQ","Invesco QQQ Trust, Series 1","NASDAQ"
"QQQA","ProShares Nasdaq-100 Dorsey Wright Momentum ETF","NASDAQ"
"QQQD","Direxion Daily Magnificent 7 Bear 1X ETF","NYSEARCA"
"QQQE","Direxion NASDAQ-100 Equal Weighted Index ETF","NASDAQ"
"QQQG","Pacer Nasdaq 100 Top 50 Cash Cows Growth Leaders ETF","NASDAQ"
"QQQH","NEOS Nasdaq-100 Hedged Equity Income ETF","NASDAQ"
"QQQI","NEOS Nasdaq 100 High Income ETF","NASDAQ"
"QQQJ","Invesco NASDAQ Next Gen 100 ETF","NASDAQ"
"QQQM","Invesco NASDAQ 100 ETF","NASDAQ"
"QQQP","Tradr 2X Long Innovation 100 Quarterly ETF","NASDAQ"
"QQQS","Invesco NASDAQ Future Gen 200 ETF","NASDAQ"
"QQQT","Defiance Nasdaq 100 Income Target ETF","NASDAQ"
"QQQU","Direxion Daily Magnificent 7 Bull 2X ETF","NYSEARCA"
"QQQX","Nuveen NASDAQ 100 Dynamic Overwrite Fund - Closed End Fund","NASDAQ"
"QQQY","Defiance Nasdaq 100 Weekly Distribution ETF","NASDAQ"
"QQUP","ProShares Ultra QQQ Mega","NASDAQ"
"QQWZ","Pacer Cash COWZ 100-Nasdaq 100 Rotator ETF","NASDAQ"
"QQXL","ProShares Ultra QQQ Top 30","NASDAQ"
"QQXT","First Trust NASDAQ-100 Ex-Technology Sector Index Fund","NASDAQ"
"QRED","QuasarEdge Acquisition Corporation","NYSE"
"QRED.R","QuasarEdge Acquisition Corporation Rights to receive one-fourth (1/4) of one Ordinary Share","NYSE"
"QRED.U","QuasarEdge Acquisition Corporation Units, each consisting of one Ordinary Share and one right entitling the holder to receive one-fourth (1/4) of one ","NYSE"
"QRFT","QRAFT AI-Enhanced U.S. Large Cap ETF","NYSEARCA"
"QRHC","Quest Resource Holding Corporation","NASDAQ"
"QRMI","Global X NASDAQ 100 Risk Managed Income ETF","NASDAQ"
"QRVO","Qorvo, Inc.","NASDAQ"
"QS","QuantumScape Corporation","NASDAQ"
"QSEA","Quartzsea Acquisition Corporation","NASDAQ"
"QSEAR","Quartzsea Acquisition Corporation - Rights","NASDAQ"
"QSEAU","Quartzsea Acquisition Corporation - Units","NASDAQ"
"QSI","Quantum-Si Incorporated","NASDAQ"
"QSIG","WisdomTree U.S. Short Term Corporate Bond Fund","BATS"
"QSIX","Pacer Metaurus Nasdaq 100 Dividend Multiplier 600 ETF","NASDAQ"
"QSML","WisdomTree U.S. SmallCap Quality Growth Fund","NASDAQ"
"QSOL","Invesco Galaxy Solana ETF","BATS"
"QSPT","FT Vest Nasdaq-100 Buffer ETF - September","BATS"
"QSR","Restaurant Brands International Inc. Common Shares","NYSE"
"QSU","Defiance Daily Target 2X Long QS ETF","NYSEARCA"
"QTAC","Q3 All-Season Tactical Advantage ETF","BATS"
"QTAP","Innovator Growth Accelerated Plus ETF - April","BATS"
"QTEC","First Trust NASDAQ-100-Technology Sector Index Fund","NASDAQ"
"QTEX","QTREX Quantum Ltd.","NASDAQ"
"QTEXW","QTREX Quantum Ltd. - Warrant","NASDAQ"
"QTI","QT Imaging Holdings, Inc.","NASDAQ"
"QTJA","Innovator Growth Accelerated Plus ETF - January","BATS"
"QTJL","Innovator Growth Accelerated Plus ETF - July","BATS"
"QTOC","Innovator Growth Accelerated Plus ETF - October","BATS"
"QTOP","iShares Nasdaq Top 30 Stocks ETF","NASDAQ"
"QTPI","North Square RCIM Tax-Advantaged Preferred and Income Securities ETF","NYSEARCA"
"QTR","Global X NASDAQ 100 Tail Risk ETF","NASDAQ"
"QTRX","Quanterix Corporation","NASDAQ"
"QTTB","Q32 Bio Inc.","NASDAQ"
"QTUM","Defiance Quantum ETF","NASDAQ"
"QTUP","Defiance Long Pure Quantum ETF","BATS"
"QTWO","Q2 Holdings, Inc.","NYSE"
"QUAD","Quad Graphics, Inc Class A","NYSE"
"QUAL","iShares MSCI USA Quality Factor ETF","BATS"
"QUBT","Quantum Computing Inc.","NASDAQ"
"QUBX","Tradr 2X Long QUBT Daily ETF","BATS"
"QUCY","Quantum Cyber N.V.","NASDAQ"
"QUIK","QuickLogic Corporation","NASDAQ"
"QUIZ","Zacks Quality International ETF","NYSEARCA"
"QULL","ETRACS 2x Leveraged MSCI US Quality Factor TR ETN","NYSEARCA"
"QUMS","Quantumsphere Acquisition Corp.","NASDAQ"
"QUMSR","Quantumsphere Acquisition Corp. - Rights","NASDAQ"
"QUMSU","Quantumsphere Acquisition Corp. - Units","NASDAQ"
"QURE","uniQure N.V.","NASDAQ"
"QUS","State Street SPDR MSCI USA StrategicFactors ETF","NYSEARCA"
"QUSA","VistaShares Target 15 USA Quality Income ETF","NYSEARCA"
"QVAL","Alpha Architect U.S. Quantitative Value ETF","NASDAQ"
"QVML","Invesco S&P 500 QVM Multi-factor ETF","NYSEARCA"
"QVMM","Invesco S&P MidCap 400 QVM Multi-factor ETF","NYSEARCA"
"QVMS","Invesco S&P SmallCap 600 QVM Multi-factor ETF","NYSEARCA"
"QVMT","Invesco S&P 500 Concentrated QVM ETF","NYSEARCA"
"QVOL","Infrastructure Capital Nasdaq Option Income ETF","NASDAQ"
"QVOY","Q3 Active Rotation ETF","BATS"
"QWLD","State Street SPDR MSCI World StrategicFactors ETF","NYSEARCA"
"QXL","Quantum X Labs Inc.","NASDAQ"
"QXO","QXO, Inc.","NYSE"
"QXQ","SGI Enhanced Nasdaq-100 ETF","NASDAQ"
"QYLD","Global X NASDAQ 100 Covered Call ETF","NASDAQ"
"QYLG","Global X Nasdaq 100 Covered Call & Growth ETF","NASDAQ"
"R","Ryder System, Inc.","NYSE"
"RA","Brookfield Real Assets Income Fund Inc.","NYSE"
"RAA","SMI 3Fourteen REAL Asset Allocation ETF","NASDAQ"
"RAAA","Reckoner Yield Enhanced AAA CLO ETF","NYSEARCA"
"RAAQ","Real Asset Acquisition Corp.","NASDAQ"
"RAAQU","Real Asset Acquisition Corp. - Unit","NASDAQ"
"RAAQW","Real Asset Acquisition Corp. - Warrants","NASDAQ"
"RAAR","Reckoner Yield Enhanced AAA CLO Reinvesting ETF","NYSEARCA"
"RAAX","VanEck Real Assets ETF","NYSEARCA"
"RAAY","Reckoner Yield Enhanced AAA CLO Annual ETF","NYSEARCA"
"RAC","Rithm Acquisition Corp. Class A","NYSE"
"RAC.U","Rithm Acquisition Corp. Units (each consists of one Class A Ordinary Share and one-third of one redeemable Warrant)","NYSE"
"RAC.W","Rithm Acquisition Corp. Redeemable warrants, each whole warrant exercisable for one Class A ordinary share at an exercise price of $11.50","NYSE"
"RACC","Research Alliance Corporation III","NASDAQ"
"RACE","Ferrari N.V. Common Shares","NYSE"
"RACK","VanEck Data Center Supply Chain ETF","BATS"
"RADX","Radiopharm Theranostics Limited","NASDAQ"
"RAFE","PIMCO RAFI ESG U.S. ETF","NYSEARCA"
"RAIL","Freightcar America, Inc.","NASDAQ"
"RAIN","Rain Enhancement Technologies Holdco, Inc.","NASDAQ"
"RAINW","Rain Enhancement Technologies Holdco, Inc. - Warrants","NASDAQ"
"RAL","Ralliant Corporation","NYSE"
"RAMP","LiveRamp Holdings, Inc.","NYSE"
"RAND","Rand Capital Corporation - Closed End Fund","NASDAQ"
"RANG","Range Capital Acquisition Corp.","NASDAQ"
"RANGR","Range Capital Acquisition Corp. - Rights","NASDAQ"
"RANGU","Range Capital Acquisition Corp. - Units","NASDAQ"
"RANI","Rani Therapeutics Holdings, Inc.","NASDAQ"
"RAPP","Rapport Therapeutics, Inc.","NASDAQ"
"RARE","Ultragenyx Pharmaceutical Inc.","NASDAQ"
"RAUS","RACWI US ETF","NASDAQ"
"RAVE","Rave Restaurant Group, Inc.","NASDAQ"
"RAVI","FlexShares Ultra-Short Income Fund","NYSEARCA"
"RAY","Raytech Holding Limited","NASDAQ"
"RAYA","Erayak Power Solution Group Inc.","NASDAQ"
"RAYJ","Rayliant SMDAM Japan Equity ETF","NYSEARCA"
"RB","ProShares Russell 2000 Dynamic Buffer ETF","BATS"
"RBA","RB Global, Inc.","NYSE"
"RBB","RBB Bancorp","NASDAQ"
"RBBN","Ribbon Communications Inc.","NASDAQ"
"RBC","RBC Bearings Incorporated","NYSE"
"RBCAA","Republic Bancorp, Inc.","NASDAQ"
"RBIL","F/m Ultrashort Treasury Inflation-Protected Security (TIPS) ETF","NASDAQ"
"RBKB","Rhinebeck Bancorp, Inc.","NASDAQ"
"RBLD","First Trust Alerian US NextGen Infrastructure ETF","NYSEARCA"
"RBLU","T-REX 2X Long RBLX Daily Target ETF","BATS"
"RBLX","Roblox Corporation Class A","NYSE"
"RBLY","YieldMax RBLX Option Income Strategy ETF","NYSEARCA"
"RBNE","Robin Energy Ltd.","NASDAQ"
"RBRK","Rubrik, Inc. Class A","NYSE"
"RBUF","Innovator U.S. Small Cap 10 Buffer ETF - Quarterly","BATS"
"RC","Ready Capital Corporation","NYSE"
"RCAT","Red Cat Holdings, Inc.","NASDAQ"
"RCAX","Defiance Daily Target 2x Long RCAT ETF","NASDAQ"
"RCD","Ready Capital Corporation 9.00% Senior Notes due 2029","NYSE"
"RCEL","Avita Medical, Inc.","NASDAQ"
"RCG","RENN Fund, Inc","AMEX"
"RCGE","RockCreek Global Equality ETF","NASDAQ"
"RCI","Rogers Communication, Inc.","NYSE"
"RCKT","Rocket Pharmaceuticals, Inc.","NASDAQ"
"RCKTW","Rocket Pharmaceuticals, Inc. - Warrant","NASDAQ"
"RCKY","Rocky Brands, Inc.","NASDAQ"
"RCL","Royal Caribbean Cruises Ltd.","NYSE"
"RCLO","Reckoner BBB-B CLO ETF","NYSEARCA"
"RCLR","Reckoner BBB-B CLO Reinvesting ETF","NYSEARCA"
"RCLY","Reckoner BBB-B CLO Annual ETF","NYSEARCA"
"RCMT","RCM Technologies, Inc.","NASDAQ"
"RCON","Recon Technology, Ltd.","NASDAQ"
"RCS","PIMCO Strategic Income Fund, Inc.","NYSE"
"RCT","RedCloud Holdings plc","NASDAQ"
"RCTR","First Trust Bloomberg Nuclear Power ETF","NYSEARCA"
"RCUS","Arcus Biosciences, Inc.","NYSE"
"RDAC","Rising Dragon Acquisition Corp.","NASDAQ"
"RDACR","Rising Dragon Acquisition Corp. - Rights","NASDAQ"
"RDACU","Rising Dragon Acquisition Corp. - Unit","NASDAQ"
"RDAG","Republic Digital Acquisition Company","NASDAQ"
"RDAGU","Republic Digital Acquisition Company - Unit","NASDAQ"
"RDAGW","Republic Digital Acquisition Company - Warrants","NASDAQ"
"RDCM","Radcom Ltd.","NASDAQ"
"RDDT","Reddit, Inc. Class A","NYSE"
"RDFI","Rareview Dynamic Fixed Income ETF","BATS"
"RDGT","Ridgetech, Inc.","NASDAQ"
"RDHL","Redhill Biopharma Ltd.","NASDAQ"
"RDI","Reading International Inc","NASDAQ"
"RDIB","Reading International Inc","NASDAQ"
"RDIV","Invesco S&P Ultra Dividend Revenue ETF","NYSEARCA"
"RDN","Radian Group Inc.","NYSE"
"RDNT","RadNet, Inc.","NASDAQ"
"RDNW","RideNow Group, Inc.","NASDAQ"
"RDOG","ALPS REIT Dividend Dogs ETF","NYSEARCA"
"RDTE","Roundhill Russell 2000 0DTE Covered Call Strategy ETF","BATS"
"RDTL","GraniteShares 2x Long RDDT Daily ETF","NASDAQ"
"RDTY","YieldMax R2000 0DTE Covered Strategy ETF","NASDAQ"
"RDVI","FT Vest Rising Dividend Achievers Target Income ETF","BATS"
"RDVT","Red Violet, Inc.","NASDAQ"
"RDVY","First Trust Rising Dividend Achievers ETF","NASDAQ"
"RDW","Redwire Corporation","NYSE"
"RDWR","Radware Ltd.","NASDAQ"
"RDWU","T-REX 2X Long RDW Daily Target ETF","BATS"
"RDY","Dr. Reddy's Laboratories Ltd","NYSE"
"RDYY","YieldMax RDDT Option Income Strategy ETF","NYSEARCA"
"RDZN","Roadzen, Inc.","NASDAQ"
"RDZNW","Roadzen, Inc. - Warrants","NASDAQ"
"REA","Rare Earths Americas, Inc.","AMEX"
"REAI","Intelligent Real Estate ETF","NASDAQ"
"REAL","The RealReal, Inc.","NASDAQ"
"REAX","The Real Brokerage, Inc. - Common Shares","NASDAQ"
"REBN","Reborn Coffee, Inc.","NASDAQ"
"RECS","Columbia Research Enhanced Core ETF","NYSEARCA"
"RECT","Rectitude Holdings Ltd","NASDAQ"
"REE","REE Automotive Ltd.","NASDAQ"
"REED","Reed's, Inc.","AMEX"
"REET","iShares Global REIT ETF","NYSEARCA"
"REFA","Columbia Research Enhanced International Equity ETF","NYSEARCA"
"REFI","Chicago Atlantic Real Estate Finance, Inc.","NASDAQ"
"REFR","Research Frontiers Incorporated","NASDAQ"
"REG","Regency Centers Corporation","NASDAQ"
"REGCO","Regency Centers Corporation - 5.875% Series B Cumulative Redeemable Preferred Stock","NASDAQ"
"REGCP","Regency Centers Corporation - 6.25% Series A Cumulative Redeemable Preferred Stock","NASDAQ"
"REGL","ProShares S&P MidCap 400 Dividend Aristocrats ETF","BATS"
"REGN","Regeneron Pharmaceuticals, Inc.","NASDAQ"
"REGS","Columbia Large Cap Growth ETF","NYSEARCA"
"REI","Ring Energy, Inc.","AMEX"
"REIT","ALPS Active REIT ETF","NASDAQ"
"REK","ProShares Short Real Estate","NYSEARCA"
"REKR","Rekor Systems, Inc.","NASDAQ"
"RELL","Richardson Electronics, Ltd.","NASDAQ"
"RELX","RELX PLC PLC American Depositary Shares (Each representing One Ordinary Share)","NYSE"
"RELY","Remitly Global, Inc.","NASDAQ"
"REM","iShares Mortgage Real Estate ETF","BATS"
"REMC","Columbia Research Enhanced Mid Cap ETF","NYSEARCA"
"REMG","Russell Investments Emerging Markets Equity ETF","NASDAQ"
"REMX","VanEck Rare Earth and Strategic Metals ETF","NYSEARCA"
"RENT","Rent the Runway, Inc.","NASDAQ"
"RENX","RenX Enterprises Corp.","NASDAQ"
"REPL","Replimune Group, Inc.","NASDAQ"
"REPX","Riley Exploration Permian, Inc.","AMEX"
"RERE","ATRenew Inc. American Depositary Shares (every three of which representing two Class A ordinary shares)","NYSE"
"RES","RPC, Inc.","NYSE"
"RESM","Columbia Research Enhanced Small Cap ETF","NYSEARCA"
"RETL","Direxion Daily Retail Bull 3X ETF","NYSEARCA"
"RETO","ReTo Eco-Solutions, Inc.","NASDAQ"
"REVB","Revelation Biosciences, Inc.","NASDAQ"
"REVBW","Revelation Biosciences, Inc. - Warrant","NASDAQ"
"REVS","Columbia Research Enhanced Value ETF","NYSEARCA"
"REW","ProShares UltraShort Technology","NYSEARCA"
"REX","REX American Resources Corporation","NYSE"
"REXC","Sprott Rare Earths Ex-China ETF","NASDAQ"
"REXR","Rexford Industrial Realty, Inc.","NYSE"
"REYN","Reynolds Consumer Products Inc.","NASDAQ"
"REZ","iShares Residential and Multisector Real Estate ETF","NYSEARCA"
"REZI","Resideo Technologies, Inc.","NYSE"
"RF","Regions Financial Corporation","NYSE"
"RFAI","RF Acquisition Corp II","NASDAQ"
"RFAIR","RF Acquisition Corp II - Right","NASDAQ"
"RFAIU","RF Acquisition Corp II - Unit","NASDAQ"
"RFAM","RF Acquisition Corp III","NASDAQ"
"RFAMR","RF Acquisition Corp III - Rights","NASDAQ"
"RFAMU","RF Acquisition Corp III - Units","NASDAQ"
"RFCI","ALPS Dynamic Core Income ETF","NYSEARCA"
"RFDA","ALPS Dynamic US Dividend Advantage ETF","NYSEARCA"
"RFDI","First Trust RiverFront Dynamic Developed International ETF","NASDAQ"
"RFEM","First Trust RiverFront Dynamic Emerging Markets ETF","NASDAQ"
"RFFC","ALPS Active Equity Opportunity ETF","NYSEARCA"
"RFG","Invesco S&P MidCap 400 Pure Growth ETF","NYSEARCA"
"RFI","Cohen & Steers Total Return Realty Fund, Inc.","NYSE"
"RFIL","RF Industries, Ltd.","NASDAQ"
"RFIX","Simplify Bond Bull ETF","NYSEARCA"
"RFL","Rafael Holdings, Inc. Class B","NYSE"
"RFLR","Innovator U.S. Small Cap Managed Floor ETF","NYSEARCA"
"RFM","RiverNorth Flexible Municipal Income Fund, Inc.","NYSE"
"RFMZ","RiverNorth Flexible Municipal Income Fund II, Inc.","NYSE"
"RFV","Invesco S&P MidCap 400 Pure Value ETF","NYSEARCA"
"RGA","Reinsurance Group of America, Incorporated","NYSE"
"RGC","Regencell Bioscience Holdings Limited","NASDAQ"
"RGCO","RGC Resources Inc.","NASDAQ"
"RGEF","Rockefeller Global Equity ETF","NYSEARCA"
"RGEN","Repligen Corporation","NASDAQ"
"RGLD","Royal Gold, Inc.","NASDAQ"
"RGLO","Russell Investments Global Equity ETF","NASDAQ"
"RGNT","Regentis Biomaterials Ltd.","AMEX"
"RGNX","REGENXBIO Inc.","NASDAQ"
"RGP","Resources Connection, Inc.","NASDAQ"
"RGR","Sturm, Ruger & Company, Inc.","NYSE"
"RGS","Regis Corporation","NASDAQ"
"RGT","Royce Global Trust, Inc.","NYSE"
"RGTI","Rigetti Computing, Inc.","NASDAQ"
"RGTIW","Rigetti Computing, Inc.  - Redeemable warrants, each whole warrant exercisable for one Class A ordinary share at an exercise price of $11.50","NASDAQ"
"RGTU","Tradr 2X Long RGTI Daily ETF","BATS"
"RGTX","Defiance Daily Target 2X Long RGTI ETF","NASDAQ"
"RGTZ","Defiance Daily Target 2x Short RGTI ETF","NASDAQ"
"RGYY","GraniteShares YieldBoost RGTI ETF","NASDAQ"
"RH","RH","NYSE"
"RHI","Robert Half Inc.","NYSE"
"RHLD","Resolute Holdings Management","NYSE"
"RHP","Ryman Hospitality Properties, Inc. (REIT)","NYSE"
"RHRX","RH Tactical Rotation ETF","NYSEARCA"
"RHTX","RH Tactical Outlook ETF","NYSEARCA"
"RIBB","Ribbon Acquisition Corp","NASDAQ"
"RIBBR","Ribbon Acquisition Corp - Rights","NASDAQ"
"RIBBU","Ribbon Acquisition Corp - Unit","NASDAQ"
"RICK","RCI Hospitality Holdings, Inc.","NASDAQ"
"RIET","Hoya Capital High Dividend Yield ETF","NYSEARCA"
"RIFR","Russell Investments Global Infrastructure ETF","NASDAQ"
"RIG","Transocean Ltd (Switzerland)","NYSE"
"RIGL","Rigel Pharmaceuticals, Inc.","NASDAQ"
"RIGS","ALPS Strategic Income Fund","NYSEARCA"
"RILA","Indexperts Gorilla Aggressive Growth ETF","NYSEARCA"
"RILY","BRC Group Holdings, Inc.","NASDAQ"
"RILYG","BRC Group Holdings, Inc. - 5.00% Senior Notes due 2026","NASDAQ"
"RILYL","BRC Group Holdings, Inc. - Depositary Shares, each representing a 1/1000th fractional interest in a share of Series B Cumulative Perpetual Preferred S","NASDAQ"
"RILYN","BRC Group Holdings, Inc. - 6.50% Senior Notes Due 2026","NASDAQ"
"RILYP","BRC Group Holdings, Inc. - Depositary Shares, each representing a 1/1000th fractional interest in a share of Series A Cumulative Perpetual Preferred S","NASDAQ"
"RILYT","BRC Group Holdings, Inc. - 6.00% Senior Notes Due 2028","NASDAQ"
"RILYZ","BRC Group Holdings, Inc. - 5.25% Senior Notes due 2028","NASDAQ"
"RIME","Algorhythm Holdings, Inc.","NASDAQ"
"RINF","ProShares Inflation Expectations ETF","NYSEARCA"
"RING","iShares MSCI Global Gold Miners ETF","NASDAQ"
"RINT","Russell Investments International Developed Equity ETF","NASDAQ"
"RIO","Rio Tinto Plc","NYSE"
"RIOT","Riot Platforms, Inc.","NASDAQ"
"RIOX","Defiance Daily Target 2X Long RIOT ETF","NYSEARCA"
"RISE","Pictet Emerging Markets Rising Economies ETF","NYSEARCA"
"RISN","Inspire Capital Appreciation ETF","NYSEARCA"
"RISR","FolioBeyond Alternative Income and Interest Rate Hedge ETF","NYSEARCA"
"RITA","ETFB Green SRI REITs ETF","NYSEARCA"
"RITM","Rithm Capital Corp.","NYSE"
"RITR","Reitar Logtech Holdings Limited","NASDAQ"
"RIV","RiverNorth Opportunities Fund, Inc.","NYSE"
"RIVN","Rivian Automotive, Inc.","NASDAQ"
"RIZE","Principal Inflation Protection ETF","BATS"
"RJDI","RJ Eagle GCM Dividend Select Income ETF","NYSEARCA"
"RJET","Republic Airways Holdings Inc.","NASDAQ"
"RJF","Raymond James Financial, Inc.","NYSE"
"RJMI","RJ Eagle Municipal Income ETF","NYSEARCA"
"RJVI","RJ Eagle Vertical Income ETF","NYSEARCA"
"RKDA","Arcadia Biosciences, Inc.","NASDAQ"
"RKLB","Rocket Lab Corporation","NASDAQ"
"RKLX","Defiance Daily Target 2X Long RKLB ETF","NASDAQ"
"RKLZ","Defiance Daily Target 2x Short RKLB ETF","NASDAQ"
"RKNG","Defiance Retail Kings ETF","NASDAQ"
"RKSG","Ruk Strategic Growth ETF","NYSEARCA"
"RKT","Rocket Companies, Inc. Class A","NYSE"
"RKTL","Defiance Daily Target 2X Long RKT ETF","BATS"
"RKTO","Rocket One Inc.","NASDAQ"
"RL","Ralph Lauren Corporation","NYSE"
"RLAY","Relay Therapeutics, Inc.","NASDAQ"
"RLGT","Radiant Logistics, Inc.","AMEX"
"RLI","RLI Corp. Common Stock (DE)","NYSE"
"RLJ","RLJ Lodging Trust Common Shares of Beneficial Interest $0.01 par value","NYSE"
"RLMD","Relmada Therapeutics, Inc.","NASDAQ"
"RLTY","Cohen & Steers Real Estate Opportunities and Income Fund Common Shares of Beneficial Interest","NYSE"
"RLX","RLX Technology Inc. American Depositary Shares, each representing the right to receive one (1) Class A ordinary share","NYSE"
"RLY","State Street Multi-Asset Real Return ETF","NYSEARCA"
"RLYB","Rallybio Corporation","NASDAQ"
"RM","Regional Management Corp.","NYSE"
"RMAX","RE/MAX Holdings, Inc. Class A","NYSE"
"RMBI","Richmond Mutual Bancorporation, Inc.","NASDAQ"
"RMBS","Rambus, Inc.","NASDAQ"
"RMCA","Rockefeller California Municipal Bond ETF","NYSEARCA"
"RMCF","Rocky Mountain Chocolate Factory, Inc.","NASDAQ"
"RMCO","Royalty Management Holding Corporation","NASDAQ"
"RMCOW","Royalty Management Holding Corporation - Warrant","NASDAQ"
"RMD","ResMed Inc.","NYSE"
"RMI","RiverNorth Opportunistic Municipal Income Fund, Inc.","NYSE"
"RMIF","LHA Risk-Managed Income ETF","BATS"
"RMIX","Suncrete, Inc.","NASDAQ"
"RMM","RiverNorth Managed Duration Municipal Income Fund, Inc.","NYSE"
"RMME","Rareview Government Money Market ETF","BATS"
"RMMZ","RiverNorth Managed Duration Municipal Income Fund II, Inc.","NYSE"
"RMNI","Rimini Street, Inc.","NASDAQ"
"RMNY","Rockefeller New York Municipal Bond ETF","NYSEARCA"
"RMOP","Rockefeller Opportunistic Municipal Bond ETF","NYSEARCA"
"RMR","The RMR Group Inc.","NASDAQ"
"RMRC","ARMOR Core Risk-Managed ETF","NYSEARCA"
"RMSG","Real Messenger Corporation","NASDAQ"
"RMSGW","Real Messenger Corporation - Warrants","NASDAQ"
"RMT","Royce Micro-Cap Trust, Inc.","NYSE"
"RMTI","Rockwell Medical, Inc.","NASDAQ"
"RNA","Atrium Therapeutics, Inc.","NASDAQ"
"RNAC","Cartesian Therapeutics, Inc.","NASDAQ"
"RNAZ","TransCode Therapeutics, Inc.","NASDAQ"
"RND","First Trust Bloomberg R&D Leaders ETF","NYSEARCA"
"RNEM","Emerging Markets Equity Select ETF","NASDAQ"
"RNG","RingCentral, Inc. Class A","NYSE"
"RNGR","Ranger Energy Services, Inc. Class A","NYSE"
"RNGT","Range Capital Acquisition Corp II","NASDAQ"
"RNGTU","Range Capital Acquisition Corp II - Units","NASDAQ"
"RNGTW","Range Capital Acquisition Corp II - Warrants","NASDAQ"
"RNIN","Bushido Capital US SMID Cap Equity ETF","NASDAQ"
"RNP","Cohen & Steers REIT and Preferred and Income Fund, Inc. Common Shares","NYSE"
"RNR","RenaissanceRe Holdings Ltd.","NYSE"
"RNRG","Global X Renewable Energy Producers ETF","NASDAQ"
"RNST","Renasant Corporation","NYSE"
"RNTX","Rein Therapeutics, Inc.","NASDAQ"
"RNTY","YieldMax Target 12 Real Estate Option Income ETF","NYSEARCA"
"RNW","ReNew Energy Global plc","NASDAQ"
"RNWWW","ReNew Energy Global plc - Warrant","NASDAQ"
"RNWZ","TrueShares Eagle Global Renewable Energy Income ETF","NYSEARCA"
"RNXT","RenovoRx, Inc.","NASDAQ"
"ROAD","Construction Partners, Inc.","NASDAQ"
"ROAM","Hartford Multifactor Emerging Markets ETF","NYSEARCA"
"ROBN","T-Rex 2X Long HOOD Daily Target ETF","BATS"
"ROBO","ROBO Global Robotics and Automation Index ETF","NYSEARCA"
"ROBT","First Trust Nasdaq Artificial Intelligence and Robotics ETF","NASDAQ"
"ROC","Rank One Computing Corporation","NASDAQ"
"ROCK","Gibraltar Industries, Inc.","NASDAQ"
"ROCQ","JPMorgan Nasdaq Equity Premium Yield ETF","NASDAQ"
"ROCY","JPMorgan Equity Premium Yield ETF","NASDAQ"
"RODM","Hartford Multifactor Developed Markets (ex-US) ETF","NYSEARCA"
"ROE","Astoria US Equal Weight Quality Kings ETF","NASDAQ"
"ROG","Rogers Corporation","NYSE"
"ROIV","Roivant Sciences Ltd. - Common Shares","NASDAQ"
"ROK","Rockwell Automation, Inc.","NYSE"
"ROKT","State Street SPDR S&P Kensho Final Frontiers ETF","NYSEARCA"
"ROKU","Roku, Inc.","NASDAQ"
"ROL","Rollins, Inc.","NYSE"
"ROLR","High Roller Technologies, Inc.","AMEX"
"ROM","ProShares Ultra Technology","NYSEARCA"
"ROMA","Roma Green Finance Limited","NASDAQ"
"ROMO","Strategy Shares Newfound/ReSolve Robust Momentum ETF","BATS"
"RONB","Baron First Principles ETF","NYSE"
"ROOT","Root, Inc.","NASDAQ"
"ROP","Roper Technologies, Inc.","NASDAQ"
"ROPE","Coastal Compass 100 ETF","NYSEARCA"
"ROSC","Hartford Multifactor Small Cap ETF","NYSEARCA"
"ROST","Ross Stores, Inc.","NASDAQ"
"ROUS","Hartford Multifactor U.S. Equity ETF","NYSEARCA"
"RPAR","RPAR Risk Parity ETF","NYSEARCA"
"RPAY","Repay Holdings Corporation","NASDAQ"
"RPC","Ridgepost Capital, Inc. Class A","NYSE"
"RPD","Rapid7, Inc.","NASDAQ"
"RPG","Invesco S&P 500 Pure Growth ETF","NYSEARCA"
"RPGL","Republic Power Group Limited","NASDAQ"
"RPHS","Regents Park Hedged Market Strategy ETF","BATS"
"RPID","Rapid Micro Biosystems, Inc.","NASDAQ"
"RPM","RPM International Inc.","NYSE"
"RPRX","Royalty Pharma plc","NASDAQ"
"RPT","Rithm Property Trust Inc.","NYSE"
"RPV","Invesco S&P 500 Pure Value ETF","NYSEARCA"
"RQI","Cohen & Steers Quality Income Realty Fund Inc Common Shares","NYSE"
"RQI.R","Cohen & Steers Quality Income Realty Fund Inc. Rights (expiring July 15, 2026) Rights","NYSE"
"RR","Richtech Robotics Inc.","NASDAQ"
"RRBI","Red River Bancshares, Inc.","NASDAQ"
"RRC","Range Resources Corporation","NYSE"
"RREV","RRE Ventures Acquisition Corp.","NASDAQ"
"RREVU","RRE Ventures Acquisition Corp. - Units","NASDAQ"
"RREVW","RRE Ventures Acquisition Corp. - Warrants","NASDAQ"
"RRGB","Red Robin Gourmet Burgers, Inc.","NASDAQ"
"RRR","Red Rock Resorts, Inc.","NASDAQ"
"RRX","Regal Rexnord Corporation","NYSE"
"RS","Reliance, Inc.","NYSE"
"RSBA","Return Stacked Bonds & Merger Arbitrage ETF","BATS"
"RSBT","Return Stacked Bonds & Managed Futures ETF","BATS"
"RSBY","Return Stacked Bonds & Futures Yield ETF","BATS"
"RSDE","FT Vest U.S. Equity Equal Weight Buffer ETF - December","NYSEARCA"
"RSEE","Rareview Systematic Equity ETF","BATS"
"RSF","RiverNorth Capital and Income Fund","NYSE"
"RSG","Republic Services, Inc.","NYSE"
"RSI","Rush Street Interactive, Inc. Class A","NYSE"
"RSIT","Return Stacked International Stocks & Managed Futures ETF","BATS"
"RSJN","FT Vest U.S. Equity Equal Weight Buffer ETF - June","NYSEARCA"
"RSKD","Riskified Ltd. Class A","NYSE"
"RSMC","Rockefeller U.S. Small-Mid Cap ETF","NYSEARCA"
"RSMR","FT Vest U.S. Equity Equal Weight Buffer ETF - March","NYSEARCA"
"RSMV","Relative Strength Managed Volatility Strategy ETF","NYSEARCA"
"RSP","Invesco S&P 500 Equal Weight ETF","NYSEARCA"
"RSPA","Invesco S&P 500 Equal Weight Income Advantage ETF","NYSEARCA"
"RSPC","Invesco S&P 500 Equal Weight Communication Services ETF","NYSEARCA"
"RSPD","Invesco S&P 500 Equal Weight Consumer Discretionary ETF","NYSEARCA"
"RSPE","Invesco ESG S&P 500 Equal Weight ETF","NYSEARCA"
"RSPF","Invesco S&P 500 Equal Weight Financial ETF","NYSEARCA"
"RSPG","Invesco S&P 500 Equal Weight Energy ETF","NYSEARCA"
"RSPH","Invesco S&P 500 Equal Weight Health Care ETF","NYSEARCA"
"RSPM","Invesco S&P 500 Equal Weight Materials ETF","NYSEARCA"
"RSPN","Invesco S&P 500 Equal Weight Industrials Portfolio","NYSEARCA"
"RSPR","Invesco S&P 500 Equal Weight Real Estate ETF","NYSEARCA"
"RSPS","Invesco S&P 500 Equal Weight Consumer Staples ETF","NYSEARCA"
"RSPT","Invesco S&P 500 Equal Weight Technology ETF","NYSEARCA"
"RSPU","Invesco S&P 500 Equal Weight Utilities ETF","NYSEARCA"
"RSSB","Return Stacked Global Stocks & Bonds ETF","BATS"
"RSSE","FT Vest U.S. Equity Equal Weight Buffer ETF  September","NYSEARCA"
"RSSL","Global X Russell 2000 ETF","NYSEARCA"
"RSSS","Research Solutions, Inc","NASDAQ"
"RSST","Return Stacked U.S. Stocks & Managed Futures ETF","BATS"
"RSSX","Return Stacked U.S. Stocks & Gold/Bitcoin ETF","BATS"
"RSSY","Return Stacked U.S. Stocks & Futures Yield ETF","BATS"
"RSVR","Reservoir Media, Inc..","NASDAQ"
"RSVRW","Reservoir Media, Inc.. - Warrant","NASDAQ"
"RTAC","Renatus Tactical Acquisition Corp I","NASDAQ"
"RTACU","Renatus Tactical Acquisition Corp I - Unit","NASDAQ"
"RTACW","Renatus Tactical Acquisition Corp I - Warrant","NASDAQ"
"RTAI","Rareview Tax Advantaged Income ETF","BATS"
"RTB","RTB Digital, Inc.","NASDAQ"
"RTH","VanEck Retail ETF","NASDAQ"
"RTO","Rentokil Initial plc American Depositary Shares (each representing five (5) Ordinary Shares)","NYSE"
"RTRE","Rareview Total Return Bond ETF","BATS"
"RTX","RTX Corporation","NYSE"
"RTXG","Leverage Shares 2X Long RTX Daily ETF","NASDAQ"
"RTYY","GraniteShares YieldBoost RIOT ETF","NASDAQ"
"RUBI","Rubico Inc.","NASDAQ"
"RULE","Adaptive Core ETF","BATS"
"RUM","Rumble Inc.","NASDAQ"
"RUMBW","Rumble Inc. - Warrant","NASDAQ"
"RUN","Sunrun Inc.","NASDAQ"
"RUNN","Running Oak Efficient Growth ETF","NASDAQ"
"RUSC","Russell Investments U.S. Small Cap Equity ETF","NASDAQ"
"RUSHA","Rush Enterprises, Inc.","NASDAQ"
"RUSHB","Rush Enterprises, Inc.","NASDAQ"
"RVER","Trenchless Fund ETF","NYSEARCA"
"RVI","Robinhood Ventures Fund I Common Shares of Beneficial Interest","NYSE"
"RVLV","Revolve Group, Inc. Class A","NYSE"
"RVMD","Revolution Medicines, Inc.","NASDAQ"
"RVMDW","Revolution Medicines, Inc. - Warrant","NASDAQ"
"RVNL","GraniteShares 2x Long RIVN Daily ETF","NASDAQ"
"RVNU","Xtrackers Municipal Infrastructure Revenue Bond ETF","NYSEARCA"
"RVP","Retractable Technologies, Inc.","AMEX"
"RVSB","Riverview Bancorp Inc","NASDAQ"
"RVSN","Rail Vision Ltd.","NASDAQ"
"RVSNW","Rail Vision Ltd. - Warrant","NASDAQ"
"RVT","Royce Small-Cap Trust, Inc.","NYSE"
"RVTY","Revvity, Inc.","NYSE"
"RW","Rainwater Equity ETF","NYSEARCA"
"RWAY","Runway Growth Finance Corp.","NASDAQ"
"RWAYI","Runway Growth Finance Corp. - 7.25% Notes due 2031","NASDAQ"
"RWAYL","Runway Growth Finance Corp. - 7.50% Notes due 2027","NASDAQ"
"RWEM","Rayliant Wilshire NxtGen Emerging Markets Equity ETF","NYSEARCA"
"RWIN","Rayliant NxtGen Multifactor International Equity ETF","NASDAQ"
"RWJ","Invesco S&P SmallCap 600 Revenue ETF","NYSEARCA"
"RWK","Invesco S&P MidCap 400 Revenue ETF","NYSEARCA"
"RWL","Invesco S&P 500 Revenue ETF","NYSEARCA"
"RWLC","Rayliant Wilshire NxtGen US Large Cap Equity ETF","NYSEARCA"
"RWM","ProShares Short Russell2000","NYSEARCA"
"RWO","State Street SPDR Dow Jones Global Real Estate ETF","NYSEARCA"
"RWR","State Street SPDR Dow Jones REIT ETF","NYSEARCA"
"RWT","Redwood Trust, Inc.","NYSE"
"RWTN","Redwood Trust, Inc. 9.125% Senior Notes Due 2029","NYSE"
"RWTO","Redwood Trust, Inc. 9.00% Senior Notes Due 2029","NYSE"
"RWTP","Redwood Trust, Inc. 9.125% Senior Notes Due 2030","NYSE"
"RWTQ","Redwood Trust, Inc. 9.500% Senior Notes Due 2030","NYSE"
"RWTS","Redwood Trust, Inc. 9.75% Senior Notes Due 2031","NYSE"
"RWX","State Street SPDR Dow Jones International Real Estate ETF","NYSEARCA"
"RXD","ProShares UltraShort Health Care","NYSEARCA"
"RXI","iShares Global Consumer Discretionary ETF","NYSEARCA"
"RXL","ProShares Ultra Health Care","NYSEARCA"
"RXO","RXO, Inc.","NYSE"
"RXRX","Recursion Pharmaceuticals, Inc.","NASDAQ"
"RXST","RxSight, Inc.","NASDAQ"
"RXT","Rackspace Technology, Inc.","NASDAQ"
"RY","Royal Bank Of Canada","NYSE"
"RYAAY","Ryanair Holdings plc","NASDAQ"
"RYAM","Rayonier Advanced Materials Inc.","NYSE"
"RYAN","Ryan Specialty Holdings, Inc. Class A","NYSE"
"RYDE","Ryde Group Ltd. Class A","AMEX"
"RYET","Ruanyun Edai Technology Inc.","NASDAQ"
"RYLD","Global X Russell 2000 Covered Call ETF","NYSEARCA"
"RYLG","Global X Russell 2000 Covered Call & Growth ETF","NYSEARCA"
"RYM","RYTHM, Inc.","NASDAQ"
"RYN","Rayonier Inc. REIT","NYSE"
"RYOJ","rYojbaba Co., Ltd. - Common Shares","NASDAQ"
"RYTM","Rhythm Pharmaceuticals, Inc.","NASDAQ"
"RYZ","Ryerson Holding Corporation","NYSE"
"RZC","Reinsurance Group of America, Incorporated 7.125% Fixed-Rate Reset Subordinated Debentures due 2052","NYSE"
"RZG","Invesco S&P SmallCap 600 Pure Growth ETF","NYSEARCA"
"RZLT","Rezolute, Inc. - Common Stock (NV)","NASDAQ"
"RZLV","Rezolve AI PLC","NASDAQ"
"RZLVW","Rezolve AI PLC - Warrants","NASDAQ"
"RZV","Invesco S&P SmallCap 600 Pure Value ETF","NYSEARCA"
"S","SentinelOne, Inc. Class A","NYSE"
"SA","Seabridge Gold, Inc. Common Shares New","NYSE"
"SAA","ProShares Ultra SmallCap600","NYSEARCA"
"SAAQ","Space Asset Acquisition Corp.","NASDAQ"
"SAAQU","Space Asset Acquisition Corp. - Units","NASDAQ"
"SAAQW","Space Asset Acquisition Corp. - Warrants","NASDAQ"
"SABA","Saba Capital Income & Opportunities Fund II Shares of Beneficial Interest","NYSE"
"SABR","Sabre Corporation","NASDAQ"
"SABS","SAB Biotherapeutics, Inc.","NASDAQ"
"SABSW","SAB Biotherapeutics, Inc. - Warrant","NASDAQ"
"SAC","Safeguard Acquisition Corp. Class A","NYSE"
"SAC.U","Safeguard Acquisition Corp. Units, each consisting of one Class A ordinary share and one-half of one redeemable warrant","NYSE"
"SAC.W","Safeguard Acquisition Corp. Warrants, each whole warrant exercisable for one Class A ordinary share at an exercise price of $11.50 per share","NYSE"
"SACH","Sachem Capital Corp. Common Shares","AMEX"
"SAEF","Schwab Ariel Opportunities ETF","NYSEARCA"
"SAFE","Safehold Inc. New","NYSE"
"SAFT","Safety Insurance Group, Inc.","NASDAQ"
"SAFX","XCF Global, Inc.","NASDAQ"
"SAGP","Strategas Global Policy Opportunities ETF","NYSEARCA"
"SAGT","SAGTEC GLOBAL LIMITED","NASDAQ"
"SAGU","Shreya Acquisition Group Class A","NYSE"
"SAGU.R","Shreya Acquisition Group Rights, each entitling the holder to receive one-fourth of one Class A Ordinary Share","NYSE"
"SAGU.U","Shreya Acquisition Group Units, each consisting of one Class A Ordinary Share, one redeemable warrant and one right entitling the holder to one-fourth","NYSE"
"SAGU.W","Shreya Acquisition Group Redeemable warrants, entitling the holder to purchase one Class A Ordinary Share at $11.50 per share","NYSE"
"SAH","Sonic Automotive, Inc.","NYSE"
"SAIA","Saia, Inc.","NASDAQ"
"SAIC","Science Applications International Corporation","NASDAQ"
"SAIH","SAIHEAT Limited","NASDAQ"
"SAIHW","SAIHEAT Limited - Warrant","NASDAQ"
"SAIL","SailPoint, Inc.","NASDAQ"
"SAJ","Saratoga Investment Corp 8.00% Notes due 2027","NYSE"
"SAM","Boston Beer Company, Inc. (The)","NYSE"
"SAMG","Silvercrest Asset Management Group Inc.","NASDAQ"
"SAMM","Strategas Macro Momentum ETF","NYSEARCA"
"SAMT","Strategas Macro Thematic Opportunities ETF","NYSEARCA"
"SAN","Banco Santander, S.A. Sponsored ADR (Spain)","NYSE"
"SANA","Sana Biotechnology, Inc.","NASDAQ"
"SANG","Sangoma Technologies Corporation - Common Shares","NASDAQ"
"SANM","Sanmina Corporation","NASDAQ"
"SAP","SAP  SE ADS","NYSE"
"SAPH","SAP SE ADRhedged","NYSEARCA"
"SAR","Saratoga Investment Corp New","NYSE"
"SARK","Tradr 1X Short Innovation Daily ETF","NASDAQ"
"SARO","StandardAero, Inc.","NYSE"
"SASS","M.D. Sass Concentrated Value ETF","NYSEARCA"
"SAT","Saratoga Investment Corp 6.00% Notes due 2027","NYSE"
"SATA","Strive, Inc. - Variable Rate Series A Perpetual Preferred Stock","NASDAQ"
"SATG","Leverage Shares 2X Long SATS Daily ETF","NASDAQ"
"SATL","Satellogic Inc.","NASDAQ"
"SATLW","Satellogic Inc. - Warrant","NASDAQ"
"SATO","Invesco Alerian Galaxy Crypto Economy ETF","BATS"
"SATS","EchoStar Corporation","NASDAQ"
"SAUG","FT Vest U.S. Small Cap Moderate Buffer ETF - August","BATS"
"SAV","Saratoga Investment Corp 7.50% Notes due 2031","NYSE"
"SAWG","AAM Sawgrass US Large Cap Quality Growth ETF","NYSEARCA"
"SAWS","AAM Sawgrass US Small Cap Quality Growth ETF","NYSEARCA"
"SAY","Saratoga Investment Corp 8.125% Notes due 2027","NYSE"
"SAZ","Saratoga Investment Corp 8.50% Notes due 2028","NYSE"
"SB","Safe Bulkers, Inc Common Stock ($0.001 par value)","NYSE"
"SBAC","SBA Communications Corporation","NASDAQ"
"SBAR","Simplify Barrier Income ETF","NYSEARCA"
"SBB","ProShares Short SmallCap600","NYSEARCA"
"SBC","SBC Medical Group Holdings Incorporated","NASDAQ"
"SBCF","Seacoast Banking Corporation of Florida","NASDAQ"
"SBCWW","SBC Medical Group Holdings Incorporated - Warrants","NASDAQ"
"SBET","Sharplink, Inc.","NASDAQ"
"SBEV","Splash Beverage Group, Inc. (NV)","AMEX"
"SBFG","SB Financial Group, Inc.","NASDAQ"
"SBFM","Sunshine Biopharma Inc.","NASDAQ"
"SBFMW","Sunshine Biopharma Inc. - Warrant","NASDAQ"
"SBGI","Sinclair, Inc.","NASDAQ"
"SBH","Sally Beauty Holdings, Inc. (Name to be changed from Sally Holdings, Inc.)","NYSE"
"SBI","Western Asset Intermediate Muni Fund Inc","NYSE"
"SBIL","Simplify Government Money Market ETF","NYSEARCA"
"SBIO","ALPS Medical Breakthroughs ETF","NYSEARCA"
"SBIT","ProShares UltraShort Bitcoin ETF","NYSEARCA"
"SBLK","Star Bulk Carriers Corp. - Common Shares","NASDAQ"
"SBMT","Silver Bow Mining Corp. Common Shares","AMEX"
"SBND","Columbia Short Duration Bond ETF","NYSEARCA"
"SBR","Sabine Royalty Trust","NYSE"
"SBRA","Sabra Health Care REIT, Inc.","NASDAQ"
"SBS","Companhia de saneamento Basico Do Estado De Sao Paulo - Sabesp American Depositary Shares (Each repstg 250 Common Shares)","NYSE"
"SBSI","Southside Bancshares, Inc.","NYSE"
"SBSW","D/B/A Sibanye-Stillwater Limited ADS","NYSE"
"SBTU","T-REX 2X Long SBET Daily Target ETF","BATS"
"SBU","Leverage Shares 2X Long SBUX Daily ETF","NASDAQ"
"SBUX","Starbucks Corporation","NASDAQ"
"SBXD","SilverBox Corp IV Class A","NYSE"
"SBXD.U","SilverBox Corp IV Units, each consisting of one Class A ordinary share and one-third of one redeemable warrant","NYSE"
"SBXD.W","SilverBox Corp IV Redeemable warrants, each whole warrant exercisable for one Class A Ordinary Share at an exercise price of $11.50","NYSE"
"SBXE","SilverBox Corp V Class A","NYSE"
"SBXE.U","SilverBox Corp V Units, each consisting of one Class A Ordinary Share and one-third of one redeemable warrant","NYSE"
"SBXE.W","SilverBox Corp V Redeemable warrants, each whole warrant exercisable for one Class A Ordinary Share at an exercise price of $11.50","NYSE"
"SCA","GraniteShares Autocallable SMCI ETF","NASDAQ"
"SCAG","Scage Future","NASDAQ"
"SCAGW","Scage Future - Warrants","NASDAQ"
"SCAP","Infrastructure Capital Small Cap Income ETF","NYSEARCA"
"SCC","ProShares UltraShort Consumer Discretionary","NYSEARCA"
"SCCD","Sachem Capital Corp. 6.00% Notes due 2026","AMEX"
"SCCE","Sachem Capital Corp. 6.00% Notes due 2027","AMEX"
"SCCF","Sachem Capital Corp. 7.125% Notes due 2027","AMEX"
"SCCG","Sachem Capital Corp. 8.00% Notes due 2027","AMEX"
"SCCO","Southern Copper Corporation","NYSE"
"SCCR","Schwab Core Bond ETF","NYSEARCA"
"SCD","LMP Capital and Income Fund Inc.","NYSE"
"SCDL","ETRACS 2x Leveraged US Dividend Factor TR ETN","NYSEARCA"
"SCDS","JPMorgan Fundamental Data Science Small Core ETF","NASDAQ"
"SCDV","Bahl & Gaynor Small Cap Dividend ETF","NYSEARCA"
"SCEC","Sterling Capital Enhanced Core Bond ETF","BATS"
"SCEP","Sterling Capital Hedged Equity Premium Income ETF","BATS"
"SCHA","Schwab U.S. Small-Cap ETF","NYSEARCA"
"SCHB","Schwab U.S. Broad Market ETF","NYSEARCA"
"SCHC","Schwab International Small-Cap Equity ETF","NYSEARCA"
"SCHD","Schwab US Dividend Equity ETF","NYSEARCA"
"SCHE","Schwab Emerging Markets Equity ETF","NYSEARCA"
"SCHF","Schwab International Equity ETF","NYSEARCA"
"SCHG","Schwab U.S. Large-Cap Growth ETF","NYSEARCA"
"SCHH","Schwab U.S. REIT ETF","NYSEARCA"
"SCHI","Schwab 5-10 Year Corporate Bond ETF","NYSEARCA"
"SCHJ","Schwab 1-5 Year Corporate Bond ETF","NYSEARCA"
"SCHK","Schwab 1000 Index ETF","NYSEARCA"
"SCHL","Scholastic Corporation","NASDAQ"
"SCHM","Schwab U.S. Mid Cap ETF","NYSEARCA"
"SCHO","Schwab Short-Term U.S. Treasury ETF","NYSEARCA"
"SCHP","Schwab U.S. TIPS ETF","NYSEARCA"
"SCHQ","Schwab Long-Term U.S. Treasury ETF","NYSEARCA"
"SCHR","Schwab Intermediate-Term U.S. Treasury ETF","NYSEARCA"
"SCHV","Schwab U.S. Large-Cap Value ETF","NYSEARCA"
"SCHW","Charles Schwab Corporation (The)","NYSE"
"SCHX","Schwab U.S. Large-Cap ETF","NYSEARCA"
"SCHY","Schwab International Dividend Equity ETF","NYSEARCA"
"SCHZ","Schwab US Aggregate Bond ETF","NYSEARCA"
"SCI","Service Corporation International","NYSE"
"SCII","SC II Acquisition Corp.","NASDAQ"
"SCIIR","SC II Acquisition Corp. - Rights","NASDAQ"
"SCIIU","SC II Acquisition Corp. - Units","NASDAQ"
"SCIO","First Trust Structured Credit Income Opportunities ETF","NYSEARCA"
"SCJ","iShares MSCI Japan Sm Cap","NYSEARCA"
"SCJN","Corgi U.S. Small-Cap 15% Structured Buffer ETF - June Series","BATS"
"SCKT","Socket Mobile, Inc.","NASDAQ"
"SCL","Stepan Company","NYSE"
"SCLX","Scilex Holding Company","NASDAQ"
"SCLXW","Scilex Holding Company - Warrant","NASDAQ"
"SCLZ","Swan Enhanced Dividend Income ETF","BATS"
"SCM","Stellus Capital Investment Corporation","NYSE"
"SCMB","Schwab Municipal Bond ETF","NYSEARCA"
"SCMC","Sterling Capital Multi-Strategy Income ETF","BATS"
"SCMY","Corgi U.S. Small-Cap 15% Structured Buffer ETF - May Series","BATS"
"SCNI","Scinai Immunotherapeutics Ltd.","NASDAQ"
"SCNM","Sterling Capital National Municipal Bond ETF","BATS"
"SCNX","Scienture Holdings, Inc.","NASDAQ"
"SCO","ProShares UltraShort Bloomberg Crude Oil","NYSEARCA"
"SCOP","Sprott Physical Copper Trust Units","NYSEARCA"
"SCOR","comScore, Inc.","NASDAQ"
"SCOW","Pacer S&P SmallCap 600 Quality FCF Aristocrats ETF","BATS"
"SCPQ","Social Commerce Partners Corporation","NASDAQ"
"SCPQU","Social Commerce Partners Corporation - Unit","NASDAQ"
"SCPQW","Social Commerce Partners Corporation - Warrant","NASDAQ"
"SCSB","Sterling Capital Short Duration Bond ETF","BATS"
"SCSC","ScanSource, Inc.","NASDAQ"
"SCUB","Sterling Capital Ultra Short Bond ETF","BATS"
"SCUS","Schwab Ultra-Short Income ETF","NYSEARCA"
"SCWO","374Water Inc.","NASDAQ"
"SCYB","Schwab High Yield Bond ETF","NYSEARCA"
"SCYX","SCYNEXIS, Inc.","NASDAQ"
"SCZ","iShares MSCI EAFE Small-Cap ETF","NASDAQ"
"SCZM","Santacruz Silver Mining Ltd. - Common Shares","NASDAQ"
"SD","SandRidge Energy, Inc.","NYSE"
"SDA","SunCar Technology Group Inc.","NASDAQ"
"SDAWW","SunCar Technology Group Inc. - Warrant","NASDAQ"
"SDCI","USCF SummerHaven Dynamic Commodity Strategy No K-1 Fund","NYSEARCA"
"SDCP","Virtus Newfleet Short Duration Core Plus Bond ETF","NYSEARCA"
"SDD","ProShares UltraShort SmallCap600","NYSEARCA"
"SDEM","Global X MSCI SuperDividend Emerging Markets ETF","NYSEARCA"
"SDEV","Stablecoin Development Corporation","AMEX"
"SDFI","AB Short Duration Income ETF","NYSEARCA"
"SDG","iShares MSCI Global Sustainable Development Goals ETF","NASDAQ"
"SDGR","Schrodinger, Inc.","NASDAQ"
"SDHC","Smith Douglas Homes Corp. Class A","NYSE"
"SDHI","Siddhi Acquisition Corp","NASDAQ"
"SDHIR","Siddhi Acquisition Corp - Right","NASDAQ"
"SDHIU","Siddhi Acquisition Corp - Unit","NASDAQ"
"SDHY","PGIM Short Duration High Yield Opportunities Fund Common Shares","NYSE"
"SDIV","Global X SuperDividend ETF","NYSEARCA"
"SDM","Smart Digital Group Limited","NASDAQ"
"SDMF","Simplify DBi CTA Managed Futures Index ETF","NYSEARCA"
"SDOG","ALPS Sector Dividend Dogs ETF","NYSEARCA"
"SDOT","Sadot Group Inc.","NASDAQ"
"SDOW","UltraPro Short Dow30","NYSEARCA"
"SDP","ProShares UltraShort Utilities","NYSEARCA"
"SDRL","Seadrill Limited Common Shares","NYSE"
"SDS","ProShares UltraShort S&P500","NYSEARCA"
"SDSI","American Century Short Duration Strategic Income ETF","NASDAQ"
"SDST","Stardust Power Inc.","NASDAQ"
"SDSTW","Stardust Power Inc. - Warrant","NASDAQ"
"SDTY","YieldMax S&P 500 0DTE Covered Call Strategy ETF","NASDAQ"
"SDVD","FT Vest SMID Rising Dividend Achievers Target Income ETF","BATS"
"SDVY","First Trust SMID Cap Rising Dividend Achievers ETF","NASDAQ"
"SDY","State Street SPDR S&P Dividend ETF","NYSEARCA"
"SE","Sea Limited American Depositary Shares, each representing one Class A Ordinary Share","NYSE"
"SEA","U.S. Global Sea to Sky Cargo ETF","NYSEARCA"
"SEAT","Vivid Seats Inc.","NASDAQ"
"SEATW","Vivid Seats Inc. - Warrant","NASDAQ"
"SEB","Seaboard Corporation","AMEX"
"SECR","NYLI MacKay Securitized Income ETF","NYSEARCA"
"SECT","Main Sector Rotation ETF","BATS"
"SECU","iShares Securitized Income Active ETF","BATS"
"SEDG","SolarEdge Technologies, Inc.","NASDAQ"
"SEED","Origin Agritech Limited","NASDAQ"
"SEEM","SEI Select Emerging Markets Equity ETF","NASDAQ"
"SEER","Seer, Inc.","NASDAQ"
"SEF","ProShares Short Financials","NYSEARCA"
"SEG","Seaport Entertainment Group Inc.","NYSE"
"SEGG","Sports Entertainment Gaming Global Corporation","NASDAQ"
"SEI","Solaris Energy Infrastructure, Inc. Class A","NYSE"
"SEIC","SEI Investments Company","NASDAQ"
"SEIE","SEI Select International Equity ETF","NASDAQ"
"SEIM","SEI Enhanced U.S. Large Cap Momentum Factor ETF","BATS"
"SEIQ","SEI Enhanced U.S. Large Cap Quality Factor ETF","BATS"
"SEIS","SEI Select Small Cap ETF","NASDAQ"
"SEIV","SEI Enhanced U.S. Large Cap Value Factor ETF","BATS"
"SEIX","Virtus Seix Senior Loan ETF","NYSEARCA"
"SELF","Global Self Storage, Inc.","NASDAQ"
"SELV","SEI Enhanced Low Volatility U.S. Large Cap ETF","BATS"
"SEM","Select Medical Holdings Corporation","NYSE"
"SEMG","Suncoast Select Growth ETF","NYSEARCA"
"SEMI","Columbia Select Technology ETF","NYSEARCA"
"SEMY","GraniteShares YieldBOOST Semiconductor ETF","NASDAQ"
"SENEA","Seneca Foods Corp.","NASDAQ"
"SENEB","Seneca Foods Corp.","NASDAQ"
"SENS","Senseonics Holdings, Inc.","NASDAQ"
"SEPI","Shelton Equity Premium Income ETF","NYSEARCA"
"SEPM","FT Vest U.S. Equity Max Buffer ETF - September","BATS"
"SEPN","Septerna, Inc.","NASDAQ"
"SEPP","PGIM S&P 500 Buffer 12 ETF - September","BATS"
"SEPT","AllianzIM U.S. Large Cap Buffer10 Sep ETF","BATS"
"SEPU","AllianzIM U.S. Equity Buffer15 Uncapped Sep ETF","BATS"
"SEPW","AllianzIM U.S. Large Cap Buffer20 Sep ETF","BATS"
"SEPZ","TrueShares Structured Outcome (September) ETF","BATS"
"SER","Serina Therapeutics, Inc.","AMEX"
"SERA","Sera Prognostics, Inc.","NASDAQ"
"SERV","Serve Robotics Inc.","NASDAQ"
"SES","SES AI Corporation Class A","NYSE"
"SES.W","SES AI Corporation Warrants, each whole warrant exercisable for one share of Class A Common Stock at an exercise price of $11.50 per share","NYSE"
"SETH","ProShares Short Ether ETF","NYSEARCA"
"SETM","Sprott Critical Materials ETF","NASDAQ"
"SEV","Aptera Motors Corp.","NASDAQ"
"SEVN","Seven Hills Realty Trust","NASDAQ"
"SEZL","Sezzle Inc.","NASDAQ"
"SF","Stifel Financial Corporation","NYSE"
"SFB","Stifel Financial Corporation 5.20% Senior Notes due 2047","NYSE"
"SFBC","Sound Financial Bancorp, Inc.","NASDAQ"
"SFBS","ServisFirst Bancshares, Inc.","NYSE"
"SFD","Smithfield Foods, Inc.","NASDAQ"
"SFEB","FT Vest U.S. Small Cap Moderate Buffer ETF - February","BATS"
"SFGV","Sequoia Global Value ETF","NYSEARCA"
"SFHG","Samfine Creation Holdings Group Limited","NASDAQ"
"SFIX","Stitch Fix, Inc.","NASDAQ"
"SFL","SFL Corporation Ltd","NYSE"
"SFLO","VictoryShares Small Cap Free Cash Flow ETF","NASDAQ"
"SFLR","Innovator Equity Managed Floor ETF","NYSEARCA"
"SFM","Sprouts Farmers Market, Inc.","NASDAQ"
"SFNC","Simmons First National Corporation","NASDAQ"
"SFST","Southern First Bancshares, Inc.","NASDAQ"
"SFTX","Horizon International Managed Risk ETF","NYSEARCA"
"SFTY","Horizon Managed Risk ETF","BATS"
"SFWL","Shengfeng Development Limited","NASDAQ"
"SFY","SoFi Select 500 ETF","NYSEARCA"
"SFYF","SoFi Social 50 ETF","NYSEARCA"
"SG","Sweetgreen, Inc. Class A","NYSE"
"SGA","Saga Communications, Inc.","NASDAQ"
"SGC","Superior Group of Companies, Inc.","NASDAQ"
"SGDJ","Sprott Junior Gold Miners ETF","NYSEARCA"
"SGDM","Sprott Gold Miners ETF","NYSEARCA"
"SGHC","Super Group (SGHC) Limited","NYSE"
"SGHT","Sight Sciences, Inc.","NASDAQ"
"SGI","Somnigroup International Inc.","NYSE"
"SGLC","SGI U.S. Large Cap Core ETF","NYSEARCA"
"SGLY","Singularity Future Technology Ltd.","NASDAQ"
"SGML","Sigma Lithium Corporation - common shares","NASDAQ"
"SGMT","Sagimet Biosciences Inc. - Series A","NASDAQ"
"SGOL","abrdn Physical Gold Shares ETF","NYSEARCA"
"SGOV","iShares 0-3 Month Treasury Bond ETF","NYSE"
"SGP","SpyGlass Pharma, Inc.","NASDAQ"
"SGRP","SPAR Group, Inc.","NASDAQ"
"SGRT","SMART Earnings Growth 30 ETF","NYSEARCA"
"SGRW","Harbor Active Small Cap Growth ETF","NYSEARCA"
"SGRY","Surgery Partners, Inc.","NASDAQ"
"SGU","Star Group L.P.","NYSE"
"SGVA","F/m Accumulator Ultrashort Treasury Fund","NASDAQ"
"SGVT","Schwab Government Money Market ETF","NYSEARCA"
"SH","ProShares Short S&P500","NYSEARCA"
"SHAG","WisdomTree Yield Enhanced U.S. Short-Term Aggregate Bond Fund","BATS"
"SHAK","Shake Shack, Inc. Class A","NYSE"
"SHAZ","SharonAI Holdings, Inc.","NASDAQ"
"SHBI","Shore Bancshares, Inc.","NASDAQ"
"SHC","Sotera Health Company","NASDAQ"
"SHDG","Soundwatch Hedged Equity ETF","BATS"
"SHE","State Street SPDR MSCI USA Gender Diversity ETF","NYSEARCA"
"SHEH","Shell plc ADRhedged","NYSEARCA"
"SHEL","Shell PLC American Depositary Shares (each representing two (2) Ordinary Shares)","NYSE"
"SHEN","Shenandoah Telecommunications Co","NASDAQ"
"SHFS","SHF Holdings, Inc.","NASDAQ"
"SHFSW","SHF Holdings, Inc. - Warrants","NASDAQ"
"SHG","Shinhan Financial Group Co Ltd American Depositary Shares","NYSE"
"SHIM","Shimmick Corporation","NASDAQ"
"SHIP","Seanergy Maritime Holdings Corp.","NASDAQ"
"SHLD","Global X Defense Tech ETF","NYSEARCA"
"SHLS","Shoals Technologies Group, Inc.","NASDAQ"
"SHM","State Street SPDR Nuveen ICE Short Term Municipal Bond ETF","NYSEARCA"
"SHMD","SCHMID Group N.V.","NASDAQ"
"SHMDW","SCHMID Group N.V. - Warrants","NASDAQ"
"SHNY","MicroSectors Gold 3X Leveraged ETNs due January 29, 2043","NYSEARCA"
"SHO","Sunstone Hotel Investors, Inc. Sunstone Hotel Investors, Inc. Common Shares","NYSE"
"SHOC","Strive U.S. Semiconductor ETF","NYSE"
"SHOE","Shoe Station Group, Inc.","NASDAQ"
"SHOO","Steven Madden, Ltd.","NASDAQ"
"SHOP","Shopify Inc.","NASDAQ"
"SHOTU","RMG ML Sports Holdings - Unit","NASDAQ"
"SHPH","Shuttle Pharmaceuticals Holdings, Inc.","NASDAQ"
"SHPP","Pacer Industrials and Logistics ETF","NYSEARCA"
"SHPU","Direxion Daily SHOP Bull 2X ETF","NASDAQ"
"SHRD","Arimathea Catholic Core Bond ETF","NYSEARCA"
"SHRT","Gotham Short Strategies ETF","NYSEARCA"
"SHRY","First Trust Bloomberg Shareholder Yield ETF","NASDAQ"
"SHUS","Stratified LargeCap Hedged ETF","NYSEARCA"
"SHV","iShares 0-1 Year Treasury Bond ETF","NYSE"
"SHW","Sherwin-Williams Company (The)","NYSE"
"SHY","iShares 1-3 Year Treasury Bond ETF","NASDAQ"
"SHYD","VanEck Short High Yield Muni ETF","BATS"
"SHYG","iShares 0-5 Year High Yield Corporate Bond ETF","NYSEARCA"
"SHYL","Xtrackers Short Duration High Yield Bond ETF","NYSEARCA"
"SHYM","iShares Short Duration High Yield Muni Active ETF","BATS"
"SI","Shoulder Innovations, Inc.","NYSE"
"SIBN","SI-BONE, Inc.","NASDAQ"
"SID","Companhia Siderurgica Nacional S.A.","NYSE"
"SIDU","Sidus Space, Inc.","NASDAQ"
"SIEB","Siebert Financial Corp.","NASDAQ"
"SIF","SIFCO Industries, Inc.","AMEX"
"SIFI","Harbor Ares Systematic Multi-Sector Income ETF","NYSEARCA"
"SIFY","Sify Technologies Limited - American Depository Shares","NASDAQ"
"SIG","Signet Jewelers Limited Common Shares","NYSE"
"SIGA","SIGA Technologies Inc.","NASDAQ"
"SIGI","Selective Insurance Group, Inc.","NASDAQ"
"SIGIP","Selective Insurance Group, Inc. - Depositary Shares, each representing a 1/1,000th interest in a share of 4.60% Non-Cumulative Preferred Stock, Series","NASDAQ"
"SIHY","Harbor Ares Systematic High Yield ETF","NYSEARCA"
"SII","Sprott Inc. Common Shares","NYSE"
"SIJ","ProShares UltraShort Industrials","NYSEARCA"
"SIL","Global X Silver Miners ETF","NYSEARCA"
"SILA","Sila Realty Trust, Inc.","NYSE"
"SILC","Silicom Ltd","NASDAQ"
"SILJ","Amplify Junior Silver Miners ETF","NYSEARCA"
"SILO","Silo Pharma, Inc.","NASDAQ"
"SIM","Grupo Simec, S.A.B. de C.V. American Depositary Shares","AMEX"
"SIMA","SIM Acquisition Corp. I","NASDAQ"
"SIMAU","SIM Acquisition Corp. I - Unit","NASDAQ"
"SIMAW","SIM Acquisition Corp. I - Warrant","NASDAQ"
"SIMO","Silicon Motion Technology Corporation","NASDAQ"
"SIMS","State Street SPDR S&P Kensho Intelligent Structures ETF","NYSEARCA"
"SINT","SiNtx Technologies, Inc.","NASDAQ"
"SIO","Touchstone Strategic Income ETF","NYSEARCA"
"SION","Sionna Therapeutics, Inc.","NASDAQ"
"SIOO","VistaShares Target 15 S&P 100 Distribution ETF","NYSEARCA"
"SIRI","SiriusXM Holdings Inc.","NASDAQ"
"SITC","SITE Centers Corp.","NYSE"
"SITE","SiteOne Landscape Supply, Inc.","NYSE"
"SITM","SiTime Corporation","NASDAQ"
"SIVR","abrdn Physical Silver Shares ETF","NYSEARCA"
"SIXA","ETC 6 Meridian Mega Cap Equity ETF","NYSEARCA"
"SIXD","AllianzIM U.S. Large Cap 6 Month Buffer10 Jun/Dec ETF","BATS"
"SIXF","AllianzIM U.S. Large Cap 6 Month Buffer10 Feb/Aug ETF","BATS"
"SIXH","ETC 6 Meridian Hedged Equity Index Option ETF","NYSEARCA"
"SIXJ","AllianzIM U.S. Large Cap 6 Month Buffer10 Jan/Jul ETF","BATS"
"SIXL","ETC 6 Meridian Low Beta Equity ETF","NYSEARCA"
"SIXO","AllianzIM U.S. Large Cap 6 Month Buffer10 Apr/Oct ETF","BATS"
"SIXP","AllianzIM U.S. Large Cap 6 Month Buffer10 Mar/Sep ETF","BATS"
"SIXS","ETC 6 Meridian Small Cap Equity ETF","NYSEARCA"
"SIXZ","AllianzIM U.S. Large Cap 6 Month Buffer10 May/Nov ETF","BATS"
"SIZE","iShares MSCI USA Size Factor ETF","NYSEARCA"
"SJ","Scienjoy Holding Corporation","NASDAQ"
"SJB","ProShares Short High Yield","NYSEARCA"
"SJCP","SanJac Alpha Core Plus Bond ETF","NASDAQ"
"SJLD","SanJac Alpha Low Duration ETF","NASDAQ"
"SJM","The J.M. Smucker Company","NYSE"
"SJNK","State Street SPDR Bloomberg Short Term High Yield Bond ETF","NYSEARCA"
"SJT","San Juan Basin Royalty Trust","NYSE"
"SKE","Skeena Resources Limited Common Shares","NYSE"
"SKF","ProShares UltraShort Financials","NYSEARCA"
"SKIL","Skillsoft Corp. Class A","NYSE"
"SKIN","SkinHealth Systems Inc.","NASDAQ"
"SKK","SKK Holdings Limited","NASDAQ"
"SKM","SK Telecom Co., Ltd.","NYSE"
"SKOR","FlexShares Credit-Scored US Corporate Bond Index Fund","NASDAQ"
"SKRE","Tuttle Capital Daily 2X Inverse Regional Banks ETF","NASDAQ"
"SKT","Tanger Inc.","NYSE"
"SKWD","Skyward Specialty Insurance Group, Inc.","NASDAQ"
"SKY","Champion Homes, Inc.","NYSE"
"SKYA","SkyAI, Inc.","NASDAQ"
"SKYAW","SkyAI, Inc. - Warrant","NASDAQ"
"SKYE","Skye Bioscience, Inc.","NASDAQ"
"SKYH","Sky Harbour Group Corporation Class A","NYSE"
"SKYH.W","Sky Harbour Group Corporation Warrants, each whole warrant exercisable for one share of Class A common stock at an exercise price of $11.50 per share","NYSE"
"SKYQ","Sky Quarry Inc.","NASDAQ"
"SKYT","SkyWater Technology, Inc.","NASDAQ"
"SKYU","ProShares Ultra Cloud Computing","NASDAQ"
"SKYW","SkyWest, Inc.","NASDAQ"
"SKYX","SKYX Platforms Corp.","NASDAQ"
"SKYY","First Trust Cloud Computing ETF","NASDAQ"
"SLAB","Silicon Laboratories, Inc.","NASDAQ"
"SLAI","SOLAI Limited American Depositary Shares (each representing one hundred (100) Class A Ordinary Shares)","NYSE"
"SLB","SLB Limited Common Shares","NYSE"
"SLBT","SL Science Holding Limited","NASDAQ"
"SLDB","Solid Biosciences Inc.","NASDAQ"
"SLDE","Slide Insurance Holdings, Inc.","NASDAQ"
"SLDP","Solid Power, Inc.","NASDAQ"
"SLDPW","Solid Power, Inc. - Warrant","NASDAQ"
"SLDR","Global X Short-Term Treasury Ladder ETF","NYSEARCA"
"SLE","Super League Enterprise, Inc.","NASDAQ"
"SLF","Sun Life Financial Inc.","NYSE"
"SLG","SL Green Realty Corp","NYSE"
"SLGB","Smart Logistics Global Limited","NASDAQ"
"SLGL","Sol-Gel Technologies Ltd.","NASDAQ"
"SLGN","Silgan Holdings Inc.","NYSE"
"SLI","Standard Lithium Ltd. Common Shares","AMEX"
"SLJY","Amplify SILJ Junior Silver Miners Covered Call ETF","NYSEARCA"
"SLM","SLM Corporation","NASDAQ"
"SLMBP","SLM Corporation - Floating Rate Non-Cumulative Preferred Stock, Series B","NASDAQ"
"SLMT","Brera Holdings PLC","NASDAQ"
"SLN","Silence Therapeutics Plc - American Depository Share","NASDAQ"
"SLND","Southland Holdings, Inc.","AMEX"
"SLND.W","Southland Holdings, Inc. Warrants","AMEX"
"SLNG","Stabilis Solutions, Inc.","NASDAQ"
"SLNH","Soluna Holdings, Inc.","NASDAQ"
"SLNHP","Soluna Holdings, Inc. - 9.0% Series A Cumulative Perpetual Preferred Stock","NASDAQ"
"SLNZ","TCW Senior Loan ETF","NYSE"
"SLON","ProShares Ultra Solana ETF","NYSEARCA"
"SLP","Simulations Plus, Inc.","NASDAQ"
"SLQD","iShares 0-5 Year Investment Grade Corporate Bond ETF","NASDAQ"
"SLQT","SelectQuote, Inc.","NYSE"
"SLRC","SLR Investment Corp. - Closed End Fund","NASDAQ"
"SLS","SELLAS Life Sciences Group, Inc.","NASDAQ"
"SLSN","Solesence, Inc.","NASDAQ"
"SLSR","Solaris Resources Inc. Common Shares","AMEX"
"SLTY","YieldMax Ultra Short Option Income Strategy ETF","NYSEARCA"
"SLV","iShares Silver Trust","NYSEARCA"
"SLVM","Sylvamo Corporation","NYSE"
"SLVO","ETRACS Silver Shares Covered Call ETNs due April 21, 2033","NASDAQ"
"SLVP","iShares MSCI Global Silver and Metals Miners ETF","BATS"
"SLVR","Sprott Silver Miners & Physical Silver ETF","NASDAQ"
"SLVX","Nicholas Silver Income ETF","NYSEARCA"
"SLWS","Wisdom Short Duration Income ETF","NYSEARCA"
"SLX","VanEck Steel ETF","NYSEARCA"
"SLXN","Silexion Therapeutics Corp","NASDAQ"
"SLXNW","Silexion Therapeutics Corp - Warrant","NASDAQ"
"SLYG","State Street SPDR S&P 600 Small Cap Growth ETF","NYSEARCA"
"SLYV","State Street SPDR S&P 600 Small Cap Value ETF","NYSEARCA"
"SM","SM Energy Company","NYSE"
"SMA","SmartStop Self Storage REIT, Inc.","NYSE"
"SMAX","iShares Large Cap Max Buffer Sep ETF","BATS"
"SMAY","FT Vest U.S. Small Cap Moderate Buffer ETF - May","BATS"
"SMB","VanEck Short Muni ETF","BATS"
"SMBC","Southern Missouri Bancorp, Inc.","NASDAQ"
"SMBK","SmartFinancial, Inc.","NYSE"
"SMBS","Schwab Mortgage-Backed Securities ETF","NYSEARCA"
"SMC","Summit Midstream Corporation","NYSE"
"SMCF","Themes US Small Cap Cash Flow Champions ETF","NASDAQ"
"SMCI","Super Micro Computer, Inc.","NASDAQ"
"SMCIP","Super Micro Computer, Inc. - Depositary Shares Each Representing a 1/20th Interest in a Share of 7% Series A Mandatory Convertible Preferred Stock","NASDAQ"
"SMCL","GraniteShares 2x Long SMCI Daily ETF","NASDAQ"
"SMCO","Hilton Small-MidCap Opportunity ETF","NASDAQ"
"SMCP","SMART Mid Cap ETF","NYSEARCA"
"SMCX","Defiance Daily Target 2X Long SMCI ETF","NASDAQ"
"SMCY","YieldMax SMCI Option Income Strategy ETF","NYSEARCA"
"SMCZ","Defiance Daily Target 2X Short SMCI ETF","NASDAQ"
"SMDD","UltraPro Short MidCap400","NYSEARCA"
"SMDV","ProShares Russell 2000 Dividend Growers ETF","BATS"
"SMDX","Intech S&P Small-Mid Cap Diversified Alpha ETF","NYSEARCA"
"SMFG","Sumitomo Mitsui Financial Group Inc Unsponsored American Depositary Shares (Japan)","NYSE"
"SMG","Scotts Miracle-Gro Company (The)","NYSE"
"SMH","VanEck Semiconductor ETF","NASDAQ"
"SMHB","ETRACS Monthly Pay 2x Leveraged Small Cap High Dividend ETN Series B","NYSEARCA"
"SMHI","SEACOR Marine Holdings Inc.","NYSE"
"SMHX","VanEck Fabless Semiconductor ETF","NASDAQ"
"SMID","Smith-Midland Corporation","NASDAQ"
"SMIG","Bahl & Gaynor Small/Mid Cap Income Growth ETF","NYSEARCA"
"SMIN","Ishares MSCI India Small Cap ETF","BATS"
"SMIZ","Zacks Small/Mid Cap ETF","NYSEARCA"
"SMJF","SMJ International Holdings Inc. Class A","AMEX"
"SMLF","iShares U.S. Small-Cap Equity Factor ETF","NYSEARCA"
"SMLL","Harbor Active Small Cap ETF","NYSEARCA"
"SMLV","State Street SPDR US Small Cap Low Volatility Index ETF","NYSEARCA"
"SMMD","iShares Russell 2500 ETF","BATS"
"SMMT","Summit Therapeutics Inc.","NASDAQ"
"SMMU","Short Term Municipal Bond Active Exchange-Traded Fund","NYSEARCA"
"SMMV","iShares MSCI USA Small-Cap Min Vol Factor ETF","BATS"
"SMN","ProShares UltraShort Materials","NYSEARCA"
"SMOG","VanEck Low Carbon Energy ETF","NYSEARCA"
"SMOM","Symmetry Panoramic Sector Momentum ETF","NASDAQ"
"SMOT","VanEck Morningstar SMID Moat ETF","BATS"
"SMOX","Horizon Small/Mid Cap Core Equity ETF","NYSEARCA"
"SMP","Standard Motor Products, Inc.","NYSE"
"SMPL","The Simply Good Foods Company","NASDAQ"
"SMR","NuScale Power Corporation Class A","NYSE"
"SMRF","ALPS Nautilus SMR, Nuclear & Technology ETF","NYSEARCA"
"SMRI","Bushido Capital US Equity ETF","NASDAQ"
"SMRT","SmartRent, Inc. Class A","NYSE"
"SMSI","Smith Micro Software, Inc.","NASDAQ"
"SMST","Defiance Daily Target 2x Short MSTR ETF","NASDAQ"
"SMTC","Semtech Corporation","NASDAQ"
"SMTG","Leverage Shares 2X Long SMTC Daily ETF","BATS"
"SMTH","ALPS Smith Core Plus Bond ETF","NYSEARCA"
"SMTI","Sanara MedTech Inc.","NASDAQ"
"SMTK","SmartKem, Inc.","NASDAQ"
"SMU","Tradr 2X Long SMR Daily ETF","BATS"
"SMUP","T-REX 2X Long SMR Daily Target ETF","BATS"
"SMWB","Similarweb Ltd.","NYSE"
"SMX","SMX (Security Matters) Public Limited Company","NASDAQ"
"SMXT","Solarmax Technology Inc.","NASDAQ"
"SMXWW","SMX (Security Matters) Public Limited Company - Warrant","NASDAQ"
"SMYY","GraniteShares YieldBOOST SMCI ETF","NASDAQ"
"SMZ","Tradr 2X Short SMR Daily ETF","BATS"
"SN","SharkNinja, Inc.","NYSE"
"SNA","Snap-On Incorporated","NYSE"
"SNAG","Leverage Shares 2x Long SNAP Daily ETF","NASDAQ"
"SNAL","Snail, Inc.","NASDAQ"
"SNAP","Snap Inc. Class A","NYSE"
"SNAV","Mohr Sector Nav ETF","BATS"
"SND","Smart Sand, Inc.","NASDAQ"
"SNDA","Sonida Senior Living, Inc.","NYSE"
"SNDG","Leverage Shares 2X Long SNDK Daily ETF","BATS"
"SNDK","Sandisk Corporation - Common Stock When-Issued","NASDAQ"
"SNDL","SNDL Inc. - Common Shares","NASDAQ"
"SNDQ","Tradr 2X Short SNDK Daily ETF","BATS"
"SNDR","Schneider National, Inc.","NYSE"
"SNDU","T-REX 2X Long SNDK Daily Target ETF","BATS"
"SNDX","Syndax Pharmaceuticals, Inc.","NASDAQ"
"SNES","SenesTech, Inc.","NASDAQ"
"SNEX","StoneX Group Inc.","NASDAQ"
"SNFCA","Security National Financial Corporation","NASDAQ"
"SNGX","Soligenix, Inc.","NASDAQ"
"SNK","GraniteShares 2x Short SpaceX Daily ETF","BATS"
"SNN","Smith & Nephew SNATS, Inc.","NYSE"
"SNOA","Sonoma Pharmaceuticals, Inc.","NASDAQ"
"SNOU","T-REX 2X Long SNOW Daily Target ETF","BATS"
"SNOV","FT Vest U.S. Small Cap Moderate Buffer ETF - November","BATS"
"SNOW","Snowflake Inc.","NYSE"
"SNOY","YieldMax SNOW Option Income Strategy ETF","NYSEARCA"
"SNPD","Xtrackers S&P Dividend Aristocrats Screened ETF","BATS"
"SNPE","Xtrackers S&P 500 Scored & Screened ETF","NYSEARCA"
"SNPG","Xtrackers S&P 500 Growth Scored & Screened ETF","BATS"
"SNPS","Synopsys, Inc.","NASDAQ"
"SNSR","Global X Internet of Things ETF","NASDAQ"
"SNT","Senstar Technologies Corporation - Common Shares","NASDAQ"
"SNTG","Sentage Holdings Inc.","NASDAQ"
"SNTH","MRP SynthEquity ETF","NYSEARCA"
"SNTI","Senti Biosciences Holdings, Inc.","NASDAQ"
"SNWV","SANUWAVE Health, Inc.","NASDAQ"
"SNX","TD SYNNEX Corporation","NYSE"
"SNXX","Tradr 2X Long SNDK Daily ETF","BATS"
"SNY","Sanofi","NASDAQ"
"SNYR","Synergy CHC Corp.","NASDAQ"
"SO","Southern Company (The)","NYSE"
"SOAR","Volato Group, Inc. Class A","AMEX"
"SOBO","South Bow Corporation Common Shares","NYSE"
"SOBR","SOBR Safe, Inc.","NASDAQ"
"SOC","Sable Offshore Corp.","NYSE"
"SOCA","Solarius Capital Acquisition Corp.","NASDAQ"
"SOCAU","Solarius Capital Acquisition Corp. - Units","NASDAQ"
"SOCAW","Solarius Capital Acquisition Corp. - Warrant","NASDAQ"
"SOCL","Global X Social Media ETF","NASDAQ"
"SOEZ","Franklin Solana ETF","NYSEARCA"
"SOFA","Direxion Daily SOFI Bull 2X ETF","NASDAQ"
"SOFI","SoFi Technologies, Inc.","NASDAQ"
"SOFR","Amplify Samsung SOFR ETF","NYSEARCA"
"SOFX","Defiance Daily Target 2X Long SOFI ETF","NASDAQ"
"SOGP","Sound Group Inc.","NASDAQ"
"SOHU","Sohu.com Limited","NASDAQ"
"SOJC","Southern Company (The) Series 2017B 5.25% Junior Subordinated Notes due December 1, 2077","NYSE"
"SOJD","Southern Company (The) Series 2020A 4.95% Junior Subordinated Notes due January 30, 2080","NYSE"
"SOJE","Southern Company (The) Series 2020C 4.20% Junior Subordinated Notes due October 15, 2060","NYSE"
"SOJF","Southern Company (The) Series 2025A 6.50% Junior Subordinated Notes due March 15, 2085","NYSE"
"SOLC","Canary Marinade Solana ETF","NASDAQ"
"SOLM","Amplify Solana 3% Monthly Option Income ETF","BATS"
"SOLR","Guinness Atkinson Sustainable Energy ETF","NYSEARCA"
"SOLS","Solstice Advanced Materials Inc.","NASDAQ"
"SOLT","2x Solana ETF","NASDAQ"
"SOLV","Solventum Corporation","NYSE"
"SOLZ","Solana ETF","NASDAQ"
"SOMN","Southern Company (The) 2025 Series A Corporate Units","NYSE"
"SON","Sonoco Products Company","NYSE"
"SONM","DNA X, Inc.","NASDAQ"
"SONO","Sonos, Inc.","NASDAQ"
"SONY","Sony Group Corporation American Depositary Shares","NYSE"
"SOPH","SOPHiA GENETICS SA","NASDAQ"
"SOR","Source Capital, Inc. Cmn Shs of BI","NYSE"
"SORA","AsiaStrategy","NASDAQ"
"SORN","Soren Acquisition Corp.","NASDAQ"
"SORNU","Soren Acquisition Corp. - Unit","NASDAQ"
"SORNW","Soren Acquisition Corp. - Warrant","NASDAQ"
"SOS","SOS Limited Class A","NYSE"
"SOTK","Sono-Tek Corporation","NASDAQ"
"SOUL","Soulpower Acquisition Corporation Class A","NYSE"
"SOUL.R","Soulpower Acquisition Corporation Rights, each right entitling the holder to receive one-tenth (1/10) of one Class A Ordinary Share","NYSE"
"SOUL.U","Soulpower Acquisition Corporation Units, each consisting of one Class A ordinary share and one right","NYSE"
"SOUN","SoundHound AI, Inc.","NASDAQ"
"SOUNW","SoundHound AI, Inc. - Warrant","NASDAQ"
"SOUX","Defiance Daily Target 2X Long SOUN ETF","NASDAQ"
"SOVF","Sovereign's Capital Flourish Fund","NYSEARCA"
"SOWG","Sow Good Inc.","NASDAQ"
"SOXL","Direxion Daily Semiconductor Bull 3X ETF","NYSEARCA"
"SOXQ","Invesco PHLX Semiconductor ETF","NASDAQ"
"SOXS","Direxion Daily Semiconductor Bear 3X ETF","NYSEARCA"
"SOXX","iShares PHLX SOX Semiconductor Sector Index Fund","NASDAQ"
"SOXY","YieldMax Target 12 Semiconductor Option Income ETF","NYSEARCA"
"SOYB","Teucrium Soybean Fund ETV","NYSEARCA"
"SPAB","State Street SPDR Portfolio Aggregate Bond ETF","NYSEARCA"
"SPAI","Safe Pro Group Inc.","NASDAQ"
"SPAL","GraniteShares 2x Long SpaceX Daily ETF","BATS"
"SPAM","Themes Cybersecurity ETF","NASDAQ"
"SPAQ","Horizon Kinetics SPAC Active ETF","NASDAQ"
"SPAX","T-REX 2X Long SpaceX Daily Target ETF","NYSEARCA"
"SPB","Spectrum Brands Holdings, Inc.","NYSE"
"SPBC","Simplify US Equity PLUS Bitcoin Strategy ETF","NASDAQ"
"SPBO","State Street SPDR Portfolio Corporate Bond ETF","NYSEARCA"
"SPBU","AllianzIM Buffer15 Uncapped Allocation ETF","BATS"
"SPBW","AllianzIM Buffer20 Allocation ETF","BATS"
"SPBX","AllianzIM 6 Month Buffer10 Allocation ETF","BATS"
"SPCB","SuperCom, Ltd.","NASDAQ"
"SPCE","Virgin Galactic Holdings, Inc.","NYSE"
"SPCF","ProShares Ultra SpaceX","NYSEARCA"
"SPCG","Tradr 2X Short SpaceX Daily ETF","BATS"
"SPCH","Leverage Shares 2X Long SPCX Daily ETF","BATS"
"SPCI","Tuttle Capital Space Industry Income Blast ETF","BATS"
"SPCK","SPAC and New Issue ETF","NASDAQ"
"SPCL","Defiance Pure Space Daily 2X Strategy ETF","BATS"
"SPCM","Tradr 2X Long SpaceX Daily ETF","BATS"
"SPCQ","Defiance Daily Target 2X Short SPCX ETF","BATS"
"SPCT","Liberty One Spectrum ETF","NASDAQ"
"SPCU","Defiance Daily Target 2X Long SPCX ETF","BATS"
"SPCX","Space Exploration Technologies Corp.","NASDAQ"
"SPCZ","RiverNorth Enhanced Pre-Merger SPAC ETF","BATS"
"SPD","Simplify US Equity PLUS Downside Convexity ETF","NYSEARCA"
"SPDF","Defender Risk Adaptive 500 ETF","BATS"
"SPDG","State Street SPDR Portfolio S&P Sector Neutral Dividend ETF","NYSEARCA"
"SPDN","Direxion Daily S&P 500 Bear 1X ETF","NYSEARCA"
"SPDV","AAM S&P 500 High Dividend Value ETF","NYSEARCA"
"SPDW","State Street SPDR Portfolio Developed World ex-US ETF","NYSEARCA"
"SPE","Special Opportunities Fund, Inc","NYSE"
"SPEG","Silver Pegasus Acquisition Corp","NASDAQ"
"SPEGR","Silver Pegasus Acquisition Corp - Rights","NASDAQ"
"SPEGU","Silver Pegasus Acquisition Corp - Unit","NASDAQ"
"SPEM","State Street SPDR Portfolio Emerging Markets ETF","NYSEARCA"
"SPEU","State Street SPDR Portfolio Europe ETF","NYSEARCA"
"SPFF","Global X SuperIncome Preferred ETF","NYSEARCA"
"SPFI","South Plains Financial, Inc.","NASDAQ"
"SPG","Simon Property Group, Inc.","NYSE"
"SPGI","S&P Global Inc.","NYSE"
"SPGM","State Street SPDR Portfolio MSCI Global Stock Market ETF","NYSEARCA"
"SPGP","Invesco S&P 500 GARP ETF","NYSEARCA"
"SPH","Suburban Propane Partners, L.P.","NYSE"
"SPHB","Invesco S&P 500 High Beta ETF","NYSEARCA"
"SPHD","Invesco S&P 500 High Dividend Low Volatility ETF","NYSEARCA"
"SPHL","Springview Holdings Ltd","NASDAQ"
"SPHQ","Invesco S&P 500 Quality ETF","NYSEARCA"
"SPHR","Sphere Entertainment Co. Class A","NYSE"
"SPHY","State Street SPDR Portfolio High Yield Bond ETF","NYSEARCA"
"SPIB","State Street SPDR Portfolio Intermediate Term Corporate Bond ETF","NYSEARCA"
"SPIN","State Street US Equity Premium Income ETF","BATS"
"SPIP","State Street SPDR Portfolio TIPS ETF","NYSEARCA"
"SPIR","Spire Global, Inc. Class A","NYSE"
"SPIT","F/m Emerald Special Situations ETF","NASDAQ"
"SPKL","Spark I Acquisition Corp.","NASDAQ"
"SPKLU","Spark I Acquisition Corp. - Unit","NASDAQ"
"SPKLW","Spark I Acquisition Corp. - Warrant","NASDAQ"
"SPLB","State Street SPDR Portfolio Long Term Corporate Bond ETF","NYSEARCA"
"SPLS","PIMCO US Stocks PLUS Active Bond Exchange-Traded Fund","BATS"
"SPLV","Invesco S&P 500 Low Volatility ETF","NYSEARCA"
"SPMA","Sound Point Meridian Capital, Inc. 8.00% Series A Preferred Shares Due 2029","NYSE"
"SPMB","State Street SPDR Portfolio Mortgage Backed Bond ETF","NYSEARCA"
"SPMC","Sound Point Meridian Capital, Inc.","NYSE"
"SPMD","State Street SPDR Portfolio S&P 400 Mid Cap ETF","NYSEARCA"
"SPME","Sound Point Meridian Capital, Inc. 7.875% Series B Preferred Shares due 2030","NYSE"
"SPMO","Invesco S&P 500 Momentum ETF","NYSEARCA"
"SPNT","SiriusPoint Ltd. Common Shares","NYSE"
"SPOG","Leverage Shares 2X Long SPOT Daily ETF","NASDAQ"
"SPOK","Spok Holdings, Inc.","NASDAQ"
"SPOT","Spotify Technology S.A.","NYSE"
"SPPL","SIMPPLE LTD.","NASDAQ"
"SPPP","Sprott Physical Platinum and Palladium Trust","NYSEARCA"
"SPRB","Spruce Biosciences, Inc.","NASDAQ"
"SPRC","SciSparc Ltd.","NASDAQ"
"SPRE","SP Funds S&P Global REIT Sharia ETF","NYSEARCA"
"SPRO","Spero Therapeutics, Inc.","NASDAQ"
"SPRU","Spruce Power Holding Corporation Class A","NYSE"
"SPRX","Spear Alpha ETF","NASDAQ"
"SPRY","ARS Pharmaceuticals, Inc.","NASDAQ"
"SPSB","State Street SPDR Portfolio Short Term Corporate Bond ETF","NYSEARCA"
"SPSC","SPS Commerce, Inc.","NASDAQ"
"SPSK","SP Funds Dow Jones Global Sukuk ETF","NYSEARCA"
"SPSM","State Street SPDR Portfolio S&P 600 Small Cap ETF","NYSEARCA"
"SPT","Sprout Social, Inc","NASDAQ"
"SPTB","State Street SPDR Portfolio Treasury ETF","NYSEARCA"
"SPTE","SP Funds S&P Global Technology ETF","NYSEARCA"
"SPTI","State Street SPDR Portfolio Intermediate Term Treasury ETF","NYSEARCA"
"SPTL","State Street SPDR Portfolio Long Term Treasury ETF","NYSEARCA"
"SPTM","State Street SPDR Portfolio S&P 1500 Composite Stock Market ETF","NYSEARCA"
"SPTS","State Street SPDR Portfolio Short Term Treasury ETF","NYSEARCA"
"SPTU","State Street SPDR Portfolio Ultra Short T-Bill ETF","NYSEARCA"
"SPTX","Seaport Therapeutics, Inc.","NASDAQ"
"SPUC","Simplify US Equity PLUS Upside Convexity ETF","NYSEARCA"
"SPUS","SP Funds S&P 500 Sharia Industry Exclusions ETF","NYSEARCA"
"SPUT","Innovator Equity Premium Income - Daily PutWrite ETF","NYSEARCA"
"SPUU","Direxion Daily S&P 500 Bull 2X ETF","NYSEARCA"
"SPVM","Invesco S&P 500 Value with Momentum ETF","NYSEARCA"
"SPWH","Sportsman's Warehouse Holdings, Inc.","NASDAQ"
"SPWO","SP Funds S&P World (ex-US) ETF","NYSEARCA"
"SPWR","SunPower Inc.","NASDAQ"
"SPWRW","SunPower Inc. - Warrant","NASDAQ"
"SPXC","SPX Technologies, Inc.","NYSE"
"SPXD","Xtrackers S&P 500 Diversified Sector Weight ETF","NASDAQ"
"SPXE","ProShares S&P 500 Ex-Energy ETF","NYSEARCA"
"SPXL","Direxion Daily S&P 500 Bull 3X ETF","NYSEARCA"
"SPXN","ProShares S&P 500 Ex-Financials ETF","NYSEARCA"
"SPXS","Direxion Daily S&P 500 Bear 3X ETF","NYSEARCA"
"SPXT","ProShares S&P 500 Ex-Technology ETF","NYSEARCA"
"SPXU","ProShares UltraPro Short S&P500","NYSEARCA"
"SPXV","ProShares S&P 500 Ex-Health Care ETF","NYSEARCA"
"SPXX","Nuveen S&P 500 Dynamic Overwrite Fund","NYSE"
"SPY","State Street SPDR S&P 500 ETF Trust","NYSEARCA"
"SPYA","Twin Oak Endure ETF","BATS"
"SPYC","Simplify US Equity PLUS Convexity ETF","NYSEARCA"
"SPYD","State Street SPDR Portfolio S&P 500 High Dividend ETF","NYSEARCA"
"SPYG","State Street SPDR Portfolio S&P 500 Growth ETF","NYSEARCA"
"SPYH","NEOS S&P 500 Hedged Equity Income ETF","BATS"
"SPYI","NEOS S&P 500 High Income ETF","BATS"
"SPYM","State Street SPDR Portfolio S&P 500 ETF","NYSEARCA"
"SPYQ","Tradr 2X Long SPY Quarterly ETF","NASDAQ"
"SPYT","Defiance S&P 500 Target Income ETF","NYSEARCA"
"SPYU","MAX S&P 500 4X Leveraged ETNs due October 30, 2043","NYSEARCA"
"SPYV","State Street SPDR Portfolio S&P 500 Value ETF","NYSEARCA"
"SPYX","State Street SPDR S&P 500 Fossil Fuel Reserves Free ETF","NYSEARCA"
"SQFT","Presidio Property Trust, Inc.","NASDAQ"
"SQFTP","Presidio Property Trust, Inc. - 9.375% Series D Cumulative Redeemable Perpetual Preferred Stock, $0.01 par value per share","NASDAQ"
"SQFTW","Presidio Property Trust, Inc. - Series A Common Stock Purchase Warrants","NASDAQ"
"SQLT","iShares MSCI USA Small-Cap Quality Factor ETF","BATS"
"SQLV","Royce Quant Small-Cap Quality Value ETF","NASDAQ"
"SQM","Sociedad Quimica y Minera S.A.","NYSE"
"SQMX","FT Vest U.S. Equity Quarterly Max Buffer ETF","BATS"
"SQNS","Sequans Communications S.A. American Depositary Shares (each representing one hundred (100) Ordinary Shares)","NYSE"
"SQQQ","ProShares UltraPro Short QQQ","NASDAQ"
"SQS","Sapient Quality Select ETF","NASDAQ"
"SR","Spire Inc.","NYSE"
"SRAD","Sportradar Group AG","NASDAQ"
"SRBK","SR Bancorp, Inc.","NASDAQ"
"SRCE","1st Source Corporation","NASDAQ"
"SRE","DBA Sempra","NYSE"
"SREA","DBA Sempra 5.750% Junior Subordinated Notes due 2079","NYSE"
"SRET","Global X SuperDividend REIT ETF","NASDAQ"
"SRFM","Surf Air Mobility Inc.","NYSE"
"SRG","Seritage Growth Properties Class A","NYSE"
"SRHQ","SRH U.S. Quality GARP ETF","NYSEARCA"
"SRHR","SRH REIT Covered Call ETF","NYSEARCA"
"SRI","Stoneridge, Inc.","NYSE"
"SRJN","Spire Inc. 6.375% Junior Subordinated Notes due 2086","NYSE"
"SRL","Scully Royalty Ltd.","NYSE"
"SRLN","State Street Blackstone Senior Loan ETF","NYSEARCA"
"SROI","Calamos Antetokounmpo Global Sustainable Equities ETF","NYSEARCA"
"SRPT","Sarepta Therapeutics, Inc.","NASDAQ"
"SRRK","Scholar Rock Holding Corporation","NASDAQ"
"SRS","ProShares UltraShort Real Estate","NYSEARCA"
"SRTA","Strata Critical Medical, Inc.","NASDAQ"
"SRTS","Sensus Healthcare, Inc.","NASDAQ"
"SRTY","ProShares UltraPro Short Russell2000","NYSEARCA"
"SRV","NXG Cushing Midstream Energy Fund Common Shares of Beneficial Interest","NYSE"
"SRVR","Pacer Data & Infrastructure Real Estate ETF","NYSEARCA"
"SRXH","SRX Health Solutions, Inc.","AMEX"
"SRZN","Surrozen, Inc.","NASDAQ"
"SRZNW","Surrozen, Inc. - Warrant","NASDAQ"
"SSAC","SPACSphere Acquisition Corp.","NASDAQ"
"SSACR","SPACSphere Acquisition Corp. - Rights","NASDAQ"
"SSACU","SPACSphere Acquisition Corp. - Unit","NASDAQ"
"SSACW","SPACSphere Acquisition Corp. - Warrant","NASDAQ"
"SSB","SouthState Bank Corporation","NYSE"
"SSBI","Summit State Bank","NASDAQ"
"SSCP","SMART Small Cap ETF","NYSEARCA"
"SSD","Simpson Manufacturing Company, Inc.","NYSE"
"SSEA","Starry Sea Acquisition Corp","NASDAQ"
"SSEAR","Starry Sea Acquisition Corp - Rights","NASDAQ"
"SSEAU","Starry Sea Acquisition Corp - Unit","NASDAQ"
"SSFI","Day Hagan Smart Sector Fixed Income ETF","NYSEARCA"
"SSG","ProShares UltraShort Semiconductors","NYSEARCA"
"SSII","SS Innovations International Inc.","NASDAQ"
"SSK","REX-Osprey SOL + Staking ETF","BATS"
"SSL","Sasol Ltd. American Depositary Shares","NYSE"
"SSM","Sono Group N.V.","NASDAQ"
"SSMG","Virtus Silvant Small/Mid Growth ETF","NYSEARCA"
"SSMR","Sunshine Silver Mining & Refining Company","NYSE"
"SSNC","SS&C Technologies Holdings, Inc.","NASDAQ"
"SSO","ProShares Ultra S&P500","NYSEARCA"
"SSP","E.W. Scripps Company (The)","NASDAQ"
"SSPC","Leverage Shares 2X Short SPCX Daily ETF","BATS"
"SSPY","Stratified LargeCap Index ETF","NYSEARCA"
"SSRM","SSR Mining Inc.","NASDAQ"
"SSS","CYBER HORNET S&P 500 and Solana 75/25 Strategy ETF","NASDAQ"
"SSSS","SuRo Capital Corp. - Closed End Fund","NASDAQ"
"SSSSL","SuRo Capital Corp. - 6.00% Notes due 2026","NASDAQ"
"SST","System1, Inc. Class A","NYSE"
"SSTI","SoundThinking, Inc.","NASDAQ"
"SSTK","Shutterstock, Inc.","NYSE"
"SSUS","Day Hagan Smart Sector ETF","NYSEARCA"
"SSXU","Day Hagan Smart Sector International ETF","NYSEARCA"
"SSYS","Stratasys, Ltd.","NASDAQ"
"ST","Sensata Technologies Holding plc","NYSE"
"STAA","STAAR Surgical Company","NASDAQ"
"STAG","Stag Industrial, Inc.","NYSE"
"STAK","STAK Inc.","NASDAQ"
"STAX","Nomura Tax-Free USA Short Term ETF","NYSEARCA"
"STBA","S&T Bancorp, Inc.","NASDAQ"
"STBF","Performance Trust Short Term Bond ETF","BATS"
"STBQ","Amplify Stablecoin Technology Leaders ETF","NYSEARCA"
"STC","Stewart Information Services Corporation","NYSE"
"STCE","Schwab Crypto Thematic ETF","NYSEARCA"
"STE","STERIS plc (Ireland)","NYSE"
"STEL","Stellar Bancorp, Inc.","NYSE"
"STEM","Stem, Inc. Class A","NYSE"
"STEN","iShares Large Cap 10% Target Buffer Sep ETF","BATS"
"STEP","StepStone Group Inc.","NASDAQ"
"STEW","SRH Total Return Fund, Inc.","NYSE"
"STEX","Streamex Corp.","NASDAQ"
"STFS","Star Fashion Culture Holdings Limited","NASDAQ"
"STG","Sunlands Technology Group American Depositary Shares, representing Class A","NYSE"
"STGW","Stagwell Inc.","NASDAQ"
"STHH","STMicroelectronics NV ADRhedged","NYSEARCA"
"STHO","Star Holdings - Shares of Beneficial Interest","NASDAQ"
"STI","Solidion Technology, Inc.","NASDAQ"
"STIM","Neuronetics, Inc.","NASDAQ"
"STIP","iShares 0-5 Year TIPS Bond ETF","NYSEARCA"
"STK","Columbia Seligman Premium Technology Growth Fund Inc","NYSE"
"STKE","Sol Strategies Inc. - Common Shares","NASDAQ"
"STKH","Steakholder Foods Ltd.","NASDAQ"
"STKS","The ONE Group Hospitality, Inc.","NASDAQ"
"STLA","Stellantis N.V. Common Shares","NYSE"
"STLD","Steel Dynamics, Inc.","NASDAQ"
"STLR","Stellar ETF","BATS"
"STLU","2x Stellar ETF","BATS"
"STM","STMicroelectronics N.V.","NYSE"
"STN","Stantec Inc","NYSE"
"STNC","Hennessy Sustainable ETF","NASDAQ"
"STNE","StoneCo Ltd.","NASDAQ"
"STNG","Scorpio Tankers Inc. Common Shares","NYSE"
"STOK","Stoke Therapeutics, Inc.","NASDAQ"
"STOT","State Street DoubleLine Short Duration Total Return Tactical ETF","BATS"
"STOX","Horizon Core Equity ETF","BATS"
"STPZ","PIMCO 1-5 Year U.S. TIPS Index Exchange-Traded Fund","NYSEARCA"
"STRA","Strategic Education, Inc.","NASDAQ"
"STRC","Strategy Inc - Variable Rate Series A Perpetual Stretch Preferred Stock","NASDAQ"
"STRD","Strategy Inc - 10.00% Series A Perpetual Stride Preferred Stock","NASDAQ"
"STRF","Strategy Inc - 10.00% Series A Perpetual Strife Preferred Stock","NASDAQ"
"STRK","Strategy Inc - 8.00% Series A Perpetual Strike Preferred Stock","NASDAQ"
"STRL","Sterling Infrastructure, Inc.","NASDAQ"
"STRN","SMART Trend 25 ETF","NYSEARCA"
"STRO","Sutro Biopharma, Inc.","NASDAQ"
"STRR","Star Equity Holdings, Inc.","NASDAQ"
"STRRP","Star Equity Holdings, Inc. - 10% Series A Cumulative Perpetual Preferred Stock","NASDAQ"
"STRS","Stratus Properties Inc.","NASDAQ"
"STRT","STRATTEC SECURITY CORPORATION","NASDAQ"
"STRW","Strawberry Fields REIT, Inc.","AMEX"
"STRZ","Starz Entertainment Corp. - Common Shares","NASDAQ"
"STSM","Defiance Daily Target 2X Short TSM ETF","NYSEARCA"
"STT","State Street Corporation","NYSE"
"STTK","Shattuck Labs, Inc.","NASDAQ"
"STUB","StubHub Holdings, Inc. Class A","NYSE"
"STVN","Stevanato Group S.p.A.","NYSE"
"STWD","STARWOOD PROPERTY TRUST, INC. Starwood Property Trust Inc.","NYSE"
"STX","Seagate Technology Holdings PLC","NASDAQ"
"STXD","Strive 1000 Dividend Growth ETF","NYSE"
"STXE","Strive Emerging Markets Ex-China ETF","NYSE"
"STXF","Strive 500 ETF","NYSE"
"STXG","Strive 1000 Growth ETF","NYSE"
"STXK","Strive Small-Cap ETF","NYSE"
"STXL","Defiance Daily Target 2x Long STX ETF","BATS"
"STXS","Stereotaxis, Inc.","AMEX"
"STXT","Strive Total Return Bond ETF","NYSE"
"STXU","Leverage Shares 2X Long STX Daily ETF","BATS"
"STXV","Strive 1000 Value ETF","NYSE"
"STXX","Tradr 2X Long STX Daily ETF","BATS"
"STYL","Corgi Lifestyle Brands ETF","BATS"
"STZ","Constellation Brands, Inc.","NYSE"
"SU","Suncor Energy  Inc.","NYSE"
"SUB","iShares Short-Term National Muni Bond ETF","NYSEARCA"
"SUGP","SU Group Holdings Limited","NASDAQ"
"SUI","Sun Communities, Inc.","NYSE"
"SUIG","Sui Group Holdings Limited","NASDAQ"
"SUIL","2x Sui ETF","BATS"
"SUIS","Canary Staked SUI ETF","NASDAQ"
"SUJA","Suja Life, Inc.","NASDAQ"
"SUMA","SUMA Acquisition Corporation","NASDAQ"
"SUMAR","SUMA Acquisition Corporation - Rights","NASDAQ"
"SUMAU","SUMA Acquisition Corporation - Units","NASDAQ"
"SUN","Sunoco LP Common Units representing limited partner interests","NYSE"
"SUNB","Sunbelt Rentals Holdings, Inc.","NYSE"
"SUNC","SunocoCorp LLC Common Units, representing limited liability company interests","NYSE"
"SUNE","SUNation Energy, Inc.","NASDAQ"
"SUNS","Sunrise Realty Trust, Inc.","NASDAQ"
"SUPL","ProShares Supply Chain Logistics ETF","NYSEARCA"
"SUPN","Supernus Pharmaceuticals, Inc.","NASDAQ"
"SUPP","TCW Transform Supply Chain ETF","NASDAQ"
"SUPV","Grupo Supervielle S.A. American Depositary Shares each Representing five Class B shares","NYSE"
"SUPX","SuperX AI Technology Limited","NASDAQ"
"SURE","AdvisorShares Insider Advantage ETF","NYSEARCA"
"SURG","SurgePays, Inc.","NASDAQ"
"SURI","Simplify Propel Opportunities ETF","NYSEARCA"
"SUSA","iShares ESG Optimized MSCI USA ETF","NYSEARCA"
"SUSB","iShares ESG Aware 1-5 Year USD Corporate Bond ETF","NASDAQ"
"SUSC","iShares ESG Aware USD Corporate Bond ETF","NASDAQ"
"SUSL","iShares ESG MSCI USA Leaders ETF","NASDAQ"
"SUZ","Suzano S.A. American Depositary Shares (each representing One Ordinary Share)","NYSE"
"SVA","Sinovac Biotech, Ltd.","NASDAQ"
"SVAC","Spring Valley Acquisition Corp. III","NASDAQ"
"SVACU","Spring Valley Acquisition Corp. III - Unit","NASDAQ"
"SVACW","Spring Valley Acquisition Corp. III - Warrant","NASDAQ"
"SVAL","iShares US Small Cap Value Factor ETF","BATS"
"SVAQ","Silicon Valley Acquisition Corp.","NASDAQ"
"SVAQU","Silicon Valley Acquisition Corp. - Units","NASDAQ"
"SVAQW","Silicon Valley Acquisition Corp. - Warrants","NASDAQ"
"SVC","Service Properties Trust - Shares of Beneficial Interest","NASDAQ"
"SVCC","Stellar V Capital Corp.","NASDAQ"
"SVCCU","Stellar V Capital Corp. - Unit","NASDAQ"
"SVCCW","Stellar V Capital Corp. - Warrant","NASDAQ"
"SVCO","Silvaco Group, Inc.","NASDAQ"
"SVIV","Spring Valley Acquisition Corp. IV","NASDAQ"
"SVIVU","Spring Valley Acquisition Corp. IV - Units","NASDAQ"
"SVIVW","Spring Valley Acquisition Corp. IV - Warrants","NASDAQ"
"SVIX","-1x Short VIX Futures ETF","BATS"
"SVM","Silvercorp Metals Inc. Common Shares","AMEX"
"SVOL","Simplify Volatility Premium ETF","NYSEARCA"
"SVRA","Savara, Inc.","NASDAQ"
"SVRE","SaverOne 2014 Ltd.","NASDAQ"
"SVREW","SaverOne 2014 Ltd. - Warrant","NASDAQ"
"SVRN","OceanPal Inc.","NASDAQ"
"SVV","Savers Value Village, Inc.","NYSE"
"SVXY","ProShares Short VIX Short Term Futures ETF","BATS"
"SW","Smurfit WestRock plc","NYSE"
"SWAG","Stran & Company, Inc.","NASDAQ"
"SWAGW","Stran & Company, Inc. - Warrant","NASDAQ"
"SWAN","Amplify BlackSwan Growth & Treasury Core ETF","NYSEARCA"
"SWBI","Smith & Wesson Brands, Inc.","NASDAQ"
"SWIM","Latham Group, Inc.","NASDAQ"
"SWK","Stanley Black & Decker, Inc.","NYSE"
"SWKHL","SWK Holdings Corporation - 9.00% Senior Notes due 2027","NASDAQ"
"SWKS","Skyworks Solutions, Inc.","NASDAQ"
"SWMR","Swarmer, Inc","NASDAQ"
"SWP","SWP Growth & Income ETF","NASDAQ"
"SWVL","Swvl Holdings Corp","NASDAQ"
"SWVLW","Swvl Holdings Corp - Warrant","NASDAQ"
"SWX","Southwest Gas Holdings, Inc. Common Stock (DE)","NYSE"
"SWZ","Total Return Securities Fund","NYSE"
"SXC","SunCoke Energy, Inc.","NYSE"
"SXI","Standex International Corporation","NYSE"
"SXQG","ETC 6 Meridian Quality Growth ETF","NYSEARCA"
"SXT","Sensient Technologies Corporation","NYSE"
"SXTC","China SXT Pharmaceuticals, Inc.","NASDAQ"
"SXTP","60 Degrees Pharmaceuticals, Inc.","NASDAQ"
"SXTPW","60 Degrees Pharmaceuticals, Inc. - Warrant","NASDAQ"
"SY","So-Young International Inc. - American Depository Shares","NASDAQ"
"SYBT","Stock Yards Bancorp, Inc.","NASDAQ"
"SYF","Synchrony Financial","NYSE"
"SYFI","AB Short Duration High Yield ETF","NYSEARCA"
"SYK","Stryker Corporation","NYSE"
"SYLD","Cambria Shareholder Yield ETF","BATS"
"SYM","Symbotic Inc.","NASDAQ"
"SYNA","Synaptics Incorporated","NASDAQ"
"SYNX","Silynxcom Ltd.","AMEX"
"SYPR","Sypris Solutions, Inc.","NASDAQ"
"SYRE","Spyre Therapeutics, Inc.","NASDAQ"
"SYSB","iShares Systematic Bond ETF","BATS"
"SYY","Sysco Corporation","NYSE"
"SYZ","Lazard US Systematic Small Cap Equity ETF","NASDAQ"
"SZK","ProShares UltraShort Consumer Staples","NYSEARCA"
"SZZL","Sizzle Acquisition Corp. II","NASDAQ"
"SZZLR","Sizzle Acquisition Corp. II - Right","NASDAQ"
"SZZLU","Sizzle Acquisition Corp. II - Unit","NASDAQ"
"T","AT&T Inc.","NYSE"
"TABD","Transamerica Bond Active ETF","NYSEARCA"
"TAC","TransAlta Corporation","NYSE"
"TACH","Titan Acquisition Corp.","NASDAQ"
"TACHU","Titan Acquisition Corp. - Units","NASDAQ"
"TACHW","Titan Acquisition Corp. - Warrants","NASDAQ"
"TACK","Fairlead Tactical Sector ETF","NYSEARCA"
"TACN","T. Rowe Price Active Core International Equity ETF","NYSEARCA"
"TACO","Berto Acquisition Corp.","NASDAQ"
"TACOU","Berto Acquisition Corp. - unit","NASDAQ"
"TACOW","Berto Acquisition Corp. - Warrant","NASDAQ"
"TACT","TransAct Technologies Incorporated","NASDAQ"
"TACU","T. Rowe Price Active Core U.S. Equity ETF","NYSEARCA"
"TAFI","AB Tax-Aware Short Duration Municipal ETF","NYSEARCA"
"TAFL","AB Tax-Aware Long Municipal ETF","NYSEARCA"
"TAFM","AB Tax-Aware Intermediate Municipal ETF","NYSEARCA"
"TAGG","T. Rowe Price QM U.S. Bond ETF","NYSEARCA"
"TAGS","Teucrium Agricultural Fund ETV","NYSEARCA"
"TAIL","Cambria Tail Risk ETF","BATS"
"TAJX","Corgi India 2x Daily ETF","BATS"
"TAK","Takeda Pharmaceutical Company Limited American Depositary Shares (each representing 1/2 of a share of Common Stock)","NYSE"
"TAL","TAL Education Group American Depositary Shares","NYSE"
"TALK","Talkspace, Inc.","NASDAQ"
"TALO","Talos Energy, Inc.","NYSE"
"TALV","Transamerica Large Value Active ETF","NYSEARCA"
"TAN","Invesco Solar ETF","NYSEARCA"
"TANH","Tantech Holdings Ltd.","NASDAQ"
"TAOP","Taoping Inc.","NASDAQ"
"TAOX","Tao Synergies Inc.","NASDAQ"
"TAOZ","Thornburg American Opportunities Fund","NASDAQ"
"TAP","Molson Coors Beverage Company Class B","NYSE"
"TAP.A","Molson Coors Beverage Company Class A","NYSE"
"TAPR","Innovator Equity Defined Protection ETF - 2 Yr to April 2027","BATS"
"TARA","Protara Therapeutics, Inc.","NASDAQ"
"TARK","Tradr 2X Long Innovation ETF","NASDAQ"
"TARS","Tarsus Pharmaceuticals, Inc.","NASDAQ"
"TASK","TaskUs, Inc.","NASDAQ"
"TATT","TAT Technologies Ltd.","NASDAQ"
"TAVI","Tavia Acquisition Corp.","NASDAQ"
"TAVIR","Tavia Acquisition Corp. - Right","NASDAQ"
"TAVIU","Tavia Acquisition Corp. - Unit","NASDAQ"
"TAX","Cambria Tax Aware ETF","NASDAQ"
"TAXE","Intermediate Municipal Income ETF","NASDAQ"
"TAXF","American Century Diversified Municipal Bond ETF","NYSEARCA"
"TAXI","Northern Trust Intermediate Tax-Exempt Bond ETF","NASDAQ"
"TAXM","BondBloxx IR+M Tax-Aware ETF for Massachusetts Residents","NYSEARCA"
"TAXS","Northern Trust Short-Term Tax-Exempt Bond ETF","NASDAQ"
"TAXT","Northern Trust Tax-Exempt Bond ETF","NASDAQ"
"TAXX","BondBloxx IR+M Tax-Aware Short Duration ETF","NYSEARCA"
"TAYD","Taylor Devices, Inc.","NASDAQ"
"TBB","AT&T Inc. 5.350% Global Notes due 2066","NYSE"
"TBBB","BBB Foods Inc. Class A Common Shares","NYSE"
"TBBK","The Bancorp, Inc.","NASDAQ"
"TBCH","Turtle Beach Corporation","NASDAQ"
"TBF","ProShares Short 20+ Year Treasury","NYSEARCA"
"TBFC","The Brinsmere Fund  Conservative ETF","NYSEARCA"
"TBFG","The Brinsmere Fund Growth ETF","NYSEARCA"
"TBG","TBG Dividend Focus ETF","NYSEARCA"
"TBH","Brag House Holdings, Inc.","NASDAQ"
"TBI","TrueBlue, Inc.","NYSE"
"TBIL","F/m US Treasury 3 Month Bill Fund","NASDAQ"
"TBJL","Innovator 20  Year Treasury Bond 9 Buffer ETF - July","BATS"
"TBLA","Taboola.com Ltd.","NASDAQ"
"TBLAW","Taboola.com Ltd. - Warrant","NASDAQ"
"TBLD","Thornburg Income Builder Opportunities Trust - Closed End Fund","NASDAQ"
"TBLL","Invesco Short Term Treasury ETF","NYSEARCA"
"TBLU","Tortoise Global Water ETF","NYSE"
"TBN","Tamboran Resources Corporation","NYSE"
"TBPH","Theravance Biopharma, Inc.","NASDAQ"
"TBRG","TruBridge, Inc.","NASDAQ"
"TBT","ProShares UltraShort Lehman 20  Year Treasury","NYSEARCA"
"TBUX","T. Rowe Price Ultra Short-Term Bond ETF","NYSEARCA"
"TBX","ProShares Short 7 10 Year Treasury","NYSEARCA"
"TBXU","Direxion Daily Biotech Top 5 Bull 2X ETF","NYSEARCA"
"TC","Token Cat Limited","NASDAQ"
"TCAF","T. Rowe Price Capital Appreciation Equity ETF","NYSEARCA"
"TCAI","Tortoise AI Infrastructure ETF","NYSE"
"TCAL","T. Rowe Price Capital Appreciation Premium Income ETF","NYSEARCA"
"TCAN","21Shares Canton Network ETF","NASDAQ"
"TCBI","Texas Capital Bancshares, Inc.","NASDAQ"
"TCBIO","Texas Capital Bancshares, Inc. - Depositary Shares 5.75% Fixed Rate Non-Cumulative Perpetual Preferred Stock Series B","NASDAQ"
"TCBK","TriCo Bancshares","NASDAQ"
"TCBS","Texas Community Bancshares, Inc.","NASDAQ"
"TCBX","Third Coast Bancshares, Inc.","NYSE"
"TCHI","iShares MSCI China Multisector Tech ETF","NASDAQ"
"TCHP","T. Rowe Price Blue Chip Growth ETF","NYSEARCA"
"TCI","Transcontinental Realty Investors, Inc.","NYSE"
"TCMD","Tactile Systems Technology, Inc.","NASDAQ"
"TCOM","Trip.com Group Limited","NASDAQ"
"TCPA","TransCanada PipeLines Limited 6.250% Junior Subordinated Notes due 2085","NYSE"
"TCPB","Thrivent Core Plus Bond ETF","NYSEARCA"
"TCPC","BlackRock TCP Capital Corp. - Closed End Fund","NASDAQ"
"TCRT","Alaunos Therapeutics, Inc.","NASDAQ"
"TCRX","TScan Therapeutics, Inc.","NASDAQ"
"TCV","Towle Value ETF","NYSEARCA"
"TCX","Tucows Inc.","NASDAQ"
"TD","Toronto Dominion Bank (The)","NYSE"
"TDAC","Translational Development Acquisition Corp.","NASDAQ"
"TDACU","Translational Development Acquisition Corp. - Units","NASDAQ"
"TDACW","Translational Development Acquisition Corp. - Warrants","NASDAQ"
"TDAQ","TappAlpha Innovation 100 Growth & Daily Income ETF","BATS"
"TDAX","TDAQ Lift ETF","BATS"
"TDAY","USA TODAY Co., Inc.","NYSE"
"TDC","Teradata Corporation","NYSE"
"TDEC","FT Vest Emerging Markets Buffer ETF - December","BATS"
"TDF","Templeton Dragon Fund, Inc.","NYSE"
"TDG","Transdigm Group Incorporated","NYSE"
"TDI","Touchstone Dynamic International ETF","NASDAQ"
"TDIC","Dreamland Limited","NASDAQ"
"TDIV","First Trust NASDAQ Technology Dividend Index Fund","NASDAQ"
"TDOC","Teladoc Health, Inc.","NYSE"
"TDOG","21shares Dogecoin ETF","NASDAQ"
"TDOT","21shares Polkadot ETF","NASDAQ"
"TDS","Telephone and Data Systems, Inc. Common Shares","NYSE"
"TDSB","ETC Cabana Target Beta ETF","NASDAQ"
"TDSC","ETC Cabana Target Drawdown 10 ETF","NASDAQ"
"TDTF","FlexShares iBoxx 5 Year Target Duration TIPS Index Fund","NYSEARCA"
"TDTH","Trident Digital Tech Holdings Ltd - American Depository Shares","NASDAQ"
"TDTT","FlexShares iBoxx 3 Year Target Duration TIPS Index Fund","NYSEARCA"
"TDUP","ThredUp Inc.","NASDAQ"
"TDV","ProShares S&P Technology Dividend Aristocrats ETF","BATS"
"TDVG","T. Rowe Price Dividend Growth ETF","NYSEARCA"
"TDVI","FT Vest Technology Dividend Target Income ETF","BATS"
"TDW","Tidewater Inc.","NYSE"
"TDWD","Tailwind 2.0 Acquisition Corp.","NASDAQ"
"TDWDR","Tailwind 2.0 Acquisition Corp. - Rights","NASDAQ"
"TDWDU","Tailwind 2.0 Acquisition Corp. - Unit","NASDAQ"
"TDY","Teledyne Technologies Incorporated","NYSE"
"TE","T1 Energy Inc.","NYSE"
"TE.W","T1 Energy Inc. Warrants, each whole warrant exercisable to purchase one Common Stock at an exercise price of $11.50 per share","NYSE"
"TEAD","Teads Holding Co.","NASDAQ"
"TEAM","Atlassian Corporation","NASDAQ"
"TEC","Harbor Transformative Technologies ETF","NYSEARCA"
"TECB","iShares U.S. Tech Breakthrough Multisector ETF","NYSEARCA"
"TECH","Bio-Techne Corp","NASDAQ"
"TECK","Teck Resources Ltd","NYSE"
"TECL","Direxion Daily Technology Bull 3X ETF","NYSEARCA"
"TECS","Direxion Technology Bear 3X ETF","NYSEARCA"
"TECX","Tectonic Therapeutic, Inc.","NASDAQ"
"TECY","GraniteShares YieldBOOST Technology ETF","NASDAQ"
"TEI","Templeton Emerging Markets Income Fund, Inc.","NYSE"
"TEK","iShares Technology Opportunities Active ETF","NYSEARCA"
"TEKX","State Street Galaxy Transformative Tech Accelerators ETF","NASDAQ"
"TEKY","Lazard Next Gen Technologies ETF","NASDAQ"
"TEL","TE Connectivity plc","NYSE"
"TELA","TELA Bio, Inc.","NASDAQ"
"TELG","Leverage Shares 2X Long TEL Daily ETF","BATS"
"TELO","Telomir Pharmaceuticals, Inc.","NASDAQ"
"TEM","Tempus AI, Inc.","NASDAQ"
"TEMD","Templeton Emerging Markets Debt ETF","NYSEARCA"
"TEMR","T. Rowe Price Emerging Markets Equity Research ETF","NYSEARCA"
"TEMT","Tradr 2X Long TEM Daily ETF","BATS"
"TEMX","Touchstone Sands Capital Emerging Markets ex-China Growth ETF","BATS"
"TEN","Tsakos Energy Navigation Ltd Common Shares","NYSE"
"TENB","Tenable Holdings, Inc.","NASDAQ"
"TEND","iShares Large Cap 10% Target Buffer Dec ETF","BATS"
"TENJ","iShares Large Cap 10% Target Buffer Jun ETF","BATS"
"TENM","iShares Large Cap 10% Target Buffer Mar ETF","BATS"
"TENX","Tenax Therapeutics, Inc.","NASDAQ"
"TEO","Telecom Argentina SA","NYSE"
"TEQI","T. Rowe Price Equity Income ETF","NYSEARCA"
"TER","Teradyne, Inc.","NASDAQ"
"TERG","Leverage Shares 2X Long TER Daily ETF","NASDAQ"
"TESL","Simplify Volt TSLA Revolution ETF","NYSEARCA"
"TEST","YieldMax TSLA Performance & Distribution Target 25 ETF","BATS"
"TETH","21Shares Ethereum ETF","BATS"
"TEUP","T-REX 2X Long TE Daily Target ETF","BATS"
"TEVA","Teva Pharmaceutical Industries Limited American Depositary Shares","NYSE"
"TEX","Terex Corporation","NYSE"
"TEXN","iShares Texas Equity ETF","NASDAQ"
"TEXU","Direxion Daily Energy Top 5 Bull 2X ETF","NYSEARCA"
"TEXX","Horizon Kinetics Texas ETF","NASDAQ"
"TFC","Truist Financial Corporation","NYSE"
"TFFI","Chesapeake Trend-Following Fixed Income ETF","NYSEARCA"
"TFGZ","Thornburg Focus Growth Fund","NASDAQ"
"TFI","State Street SPDR Nuveen ICE Municipal Bond ETF","NYSEARCA"
"TFII","TFI International Inc. Common Shares","NYSE"
"TFIN","Triumph Financial, Inc.","NYSE"
"TFJL","Innovator 20  Year Treasury Bond 5 Floor ETF - July","BATS"
"TFLO","iShares Treasury Floating Rate Bond ETF","NYSEARCA"
"TFLR","T. Rowe Price Floating Rate ETF","NYSEARCA"
"TFNS","T. Rowe Price Financials ETF","NASDAQ"
"TFPM","Triple Flag Precious Metals Corp. Common Shares","NYSE"
"TFPN","Blueprint Chesapeake Multi-Asset Trend ETF","NYSEARCA"
"TFSL","TFS Financial Corporation","NASDAQ"
"TFX","Teleflex Incorporated","NYSE"
"TG","Tredegar Corporation","NYSE"
"TGB","Taseko Mines, Ltd.","AMEX"
"TGE","The Generation Essentials Group Class A","NYSE"
"TGE.W","The Generation Essentials Group Warrants, each whole warrant exercisable for one Class A Ordinary Share","AMEX"
"TGEN","Tecogen Inc.","AMEX"
"TGHL","The GrowHub Limited","NASDAQ"
"TGL","Treasure Global Inc.","NASDAQ"
"TGLB","T. Rowe Price Global Equity ETF","NYSEARCA"
"TGLR","Wedbush LAFFER TENGLER New Era Value ETF","NYSEARCA"
"TGLS","Tecnoglass Inc.","NYSE"
"TGRT","T. Rowe Price Growth ETF","NYSEARCA"
"TGRW","T. Rowe Price Growth Stock ETF","NYSEARCA"
"TGS","Transportadora de Gas del Sur SA TGS","NYSE"
"TGT","Target Corporation","NYSE"
"TGTX","TG Therapeutics, Inc.","NASDAQ"
"TH","Target Hospitality Corp.","NASDAQ"
"THC","Tenet Healthcare Corporation","NYSE"
"THCH","TH International Limited","NASDAQ"
"THD","iShares MSCI Thailand ETF","NYSEARCA"
"THEQ","T. Rowe Price Hedged Equity ETF","NYSEARCA"
"THFF","First Financial Corporation","NASDAQ"
"THG","Hanover Insurance Group Inc","NYSE"
"THH","TryHard Holdings Limited","NASDAQ"
"THIR","THOR Index Rotation ETF","NYSE"
"THLV","THOR Equal Weight Low Volatility ETF","NYSE"
"THM","International Tower Hill Mines, Ltd. Ordinary Shares (Canada)","AMEX"
"THMR","THOR AdaptiveRisk Dynamic ETF","NYSE"
"THMZ","Lazard Equity Megatrends ETF","NASDAQ"
"THNQ","ROBO Global Artificial Intelligence ETF","NYSEARCA"
"THNR","Amplify Weight Loss Drug & Treatment ETF","NYSEARCA"
"THO","Thor Industries, Inc.","NYSE"
"THOR","Thornburg Premium Income Builder ETF","NYSEARCA"
"THQ","abrdn Healthcare Opportunities Fund Shares of Beneficial Interest","NYSE"
"THRM","Gentherm Inc","NASDAQ"
"THRO","iShares U.S. Thematic Rotation Active ETF","NYSEARCA"
"THRV","Prospera Income ETF","NASDAQ"
"THRY","Thryv Holdings, Inc.","NASDAQ"
"THTA","SoFi Enhanced Yield ETF","NYSEARCA"
"THW","abrdn World Healthcare Fund Shares of Beneficial Interest","NYSE"
"THY","Toews Agility Shares Dynamic Tactical Income ETF","NYSEARCA"
"THYF","T. Rowe Price U.S. High Yield ETF","NYSEARCA"
"THYM","T. Rowe Price High Income Municipal ETF","NASDAQ"
"THYP","21shares Hyperliquid ETF","NASDAQ"
"TIC","TIC Solutions, Inc.","NYSE"
"TIER","T. Rowe Price International Equity Research ETF","NYSEARCA"
"TIGO","Millicom International Cellular S.A.","NASDAQ"
"TIGR","UP Fintech Holding Limited","NASDAQ"
"TII","Titan Mining Corporation Common Shares","AMEX"
"TIIV","AAM Todd International Intrinsic Value ETF","NYSEARCA"
"TIL","Instil Bio, Inc.","NASDAQ"
"TILC","Thrivent International Large Cap ETF","NASDAQ"
"TILE","Interface, Inc.","NASDAQ"
"TILL","Teucrium Agricultural Strategy No K-1 ETF","NYSEARCA"
"TILT","FlexShares Mornigstar US Market Factors Tilt Index Fund ETF","BATS"
"TIMB","TIM S.A. American Depositary Shares (Each representing 5 Common Shares)","NYSE"
"TIME","Clockwise U.S. Core Equity ETF","NYSEARCA"
"TINS","Templeton International Insights ETF","NYSEARCA"
"TINT","ProShares Smart Materials ETF","NYSEARCA"
"TINY","ProShares Nanotechnology ETF","NYSEARCA"
"TIP","iShares TIPS Bond ETF","NYSEARCA"
"TIPA","Northern Trust 2030 Inflation-Linked Distributing Ladder ETF","NYSEARCA"
"TIPB","Northern Trust 2035 Inflation-Linked Distributing Ladder ETF","NYSEARCA"
"TIPC","Northern Trust 2045 Inflation-Linked Distributing Ladder ETF","NYSEARCA"
"TIPD","Northern Trust 2055 Inflation-Linked Distributing Ladder ETF","NYSEARCA"
"TIPT","Tiptree Inc.","NASDAQ"
"TIPX","State Street SPDR Bloomberg 1a??10 Year TIPS ETF","NYSEARCA"
"TIPZ","PIMCO Broad U.S. TIPS Index Exchange-Traded Fund","NYSEARCA"
"TISC","Thrivent International Small Cap ETF","NASDAQ"
"TISI","Team, Inc.","NYSE"
"TITN","Titan Machinery Inc.","NASDAQ"
"TJAN","Innovator Equity Defined Protection ETF - 2 Yr to January 2027","BATS"
"TJGC","TJGC Group Limited","NASDAQ"
"TJUL","Innovator Equity Defined Protection ETF - 2 Yr to July 2027","BATS"
"TJUN","FT Vest Emerging Markets Buffer ETF - June","BATS"
"TJX","TJX Companies, Inc. (The)","NYSE"
"TK","Teekay Corporation Ltd.","NYSE"
"TKC","Turkcell Iletisim Hizmetleri AS","NYSE"
"TKLF","Tokyo Lifestyle Co., Ltd.","NASDAQ"
"TKNO","Alpha Teknova, Inc.","NASDAQ"
"TKNQ","Amplify Tokenization Technology Leaders ETF","NYSEARCA"
"TKNS","21Shares Active Crypto ETF","NASDAQ"
"TKO","TKO Group Holdings, Inc. Class A","NYSE"
"TKR","Timken Company (The)","NYSE"
"TLA","GraniteShares Autocallable TSLA ETF","NASDAQ"
"TLCI","Touchstone International Equity ETF","NYSEARCA"
"TLDR","The Laddered T-Bill ETF","BATS"
"TLF","Tandy Leather Factory, Inc.","NASDAQ"
"TLG","Touchstone Large Company Growth ETF","NASDAQ"
"TLH","iShares 10-20 Year Treasury Bond ETF","NYSEARCA"
"TLIH","Ten-League International Holdings Limited","NASDAQ"
"TLK","PT Telekomunikasi Indonesia, Tbk","NYSE"
"TLN","Talen Energy Corporation","NASDAQ"
"TLNC","Talon Capital Corp.","NASDAQ"
"TLNCU","Talon Capital Corp. - Units","NASDAQ"
"TLNCW","Talon Capital Corp. - Warrants","NASDAQ"
"TLPH","Talphera, Inc.","NASDAQ"
"TLRY","Tilray Brands, Inc.","NASDAQ"
"TLS","Telos Corporation","NASDAQ"
"TLSA","Tiziana Life Sciences Ltd - Common Shares","NASDAQ"
"TLSI","TriSalus Life Sciences, Inc.","NASDAQ"
"TLSIW","TriSalus Life Sciences, Inc. - Warrant","NASDAQ"
"TLT","iShares 20+ Year Treasury Bond ETF","NASDAQ"
"TLTD","FlexShares Morningstar Developed Markets ex-US Factor Tilt Index Fund","NYSEARCA"
"TLTE","FlexShares Morningstar Emerging Markets Factor Tilt Index Fund","NYSEARCA"
"TLTI","NEOS Enhanced Income 20+ Year Treasury Bond ETF","BATS"
"TLTP","Amplify TLT U.S. Treasury 12% Option Income ETF","BATS"
"TLTW","iShares 20+ Year Treasury Bond BuyWrite Strategy ETF","BATS"
"TLTX","Global X Treasury Bond Enhanced Income ETF","BATS"
"TLX","Telix Pharmaceuticals Limited","NASDAQ"
"TLYS","Tilly's, Inc.","NYSE"
"TM","Toyota Motor Corporation","NYSE"
"TMAR","FT Vest Emerging Markets Buffer ETF - March","BATS"
"TMAT","Main Thematic Innovation ETF","BATS"
"TMB","Thornburg Multi Sector Bond ETF","NASDAQ"
"TMC","TMC the metals company Inc.","NASDAQ"
"TMCI","Treace Medical Concepts, Inc.","NASDAQ"
"TMCR","The Metals Royalty Company Inc.","NASDAQ"
"TMCWW","TMC the metals company Inc. - Warrant","NASDAQ"
"TMDE","TMD Energy Limited","AMEX"
"TMDV","ProShares Russell US Dividend Growers ETF","BATS"
"TMDX","TransMedics Group, Inc.","NASDAQ"
"TME","Tencent Music Entertainment Group American Depositary Shares, each representing two Class A","NYSE"
"TMED","T. Rowe Price Health Care ETF","NASDAQ"
"TMF","Direxion Daily 20-Yr Treasury Bull 3x Shrs","NYSEARCA"
"TMFC","Motley Fool 100 Index ETF","BATS"
"TMFE","Motley Fool Capital Efficiency 100 Index ETF","BATS"
"TMFG","Motley Fool Global Opportunities ETF","BATS"
"TMFM","Motley Fool Mid-Cap Growth ETF","BATS"
"TMFS","Motley Fool Small-Cap Growth ETF","BATS"
"TMFX","Motley Fool Next Index ETF","BATS"
"TMH","Toyota Motor Corporation ADRhedged","NYSEARCA"
"TMHC","Taylor Morrison Home Corporation","NYSE"
"TMLP","Tortoise MLP ETF","NYSEARCA"
"TMNL","T. Rowe Price Long Municipal Income ETF","NASDAQ"
"TMNS","T. Rowe Price Short Municipal Income ETF","NASDAQ"
"TMO","Thermo Fisher Scientific Inc","NYSE"
"TMP","Tompkins Financial Corporation","AMEX"
"TMQ","Trilogy Metals Inc.","AMEX"
"TMS","Teamshares Inc.","NASDAQ"
"TMSF","T. Rowe Price Multi-Sector Income ETF","NASDAQ"
"TMSL","T. Rowe Price Small-Mid Cap ETF","NYSEARCA"
"TMSWW","Teamshares Inc. - Warrants","NASDAQ"
"TMTS","Spartacus Acquisition Corp. II","NASDAQ"
"TMTSU","Spartacus Acquisition Corp. II - Unit","NASDAQ"
"TMTSW","Spartacus Acquisition Corp. II - Warrants","NASDAQ"
"TMUS","T-Mobile US, Inc.","NASDAQ"
"TMUSI","T-Mobile US, Inc. - 5.500% Senior Notes due June 2070","NASDAQ"
"TMUSL","T-Mobile US, Inc. - 6.250% Senior Notes due 2069","NASDAQ"
"TMUSZ","T-Mobile US, Inc. - 5.500% Senior Notes due March 2070","NASDAQ"
"TMV","Direxion Daily 20-Year Treasury Bear 3X","NYSEARCA"
"TMVE","Thrivent Mid Cap Value ETF","NYSEARCA"
"TMYY","GraniteShares YieldBOOST TSM ETF","NASDAQ"
"TNA","Direxion Small Cap Bull 3X ETF","NYSEARCA"
"TNC","Tennant Company","NYSE"
"TNDM","Tandem Diabetes Care, Inc.","NASDAQ"
"TNET","TriNet Group, Inc.","NYSE"
"TNGX","Tango Therapeutics, Inc.","NASDAQ"
"TNGY","Tortoise Energy ETF","NYSE"
"TNK","Teekay Tankers Ltd.","NYSE"
"TNL","Travel   Leisure Co. Common  Stock","NYSE"
"TNMG","TNL Mediagene","NASDAQ"
"TNON","Tenon Medical, Inc.","NASDAQ"
"TNONW","Tenon Medical, Inc. - Warrant","NASDAQ"
"TNUK","Tortoise Nuclear Renaissance ETF","NYSEARCA"
"TNXP","Tonix Pharmaceuticals Holding Corp.","NASDAQ"
"TNXT","T. Rowe Price Innovation Leaders ETF","NASDAQ"
"TNYA","Tenaya Therapeutics, Inc.","NASDAQ"
"TOAK","Manager Directed Portfolios Twin Oak Short Horizon Absolute Return ETF","NYSEARCA"
"TOAO","Twin Oak Active Opportunities III ETF","BATS"
"TOCT","Innovator Equity Defined Protection ETF - 2 Yr to October 2027","BATS"
"TOGA","Managed Portfolio Series Tremblant Global ETF","NYSEARCA"
"TOI","The Oncology Institute, Inc.","NASDAQ"
"TOIIW","The Oncology Institute, Inc. - Warrant","NASDAQ"
"TOK","iShares MSCI Kokusai ETF","NYSEARCA"
"TOL","Toll Brothers, Inc.","NYSE"
"TOLL","Tema Monopolies and Oligopolies ETF","BATS"
"TOLZ","ProShares DJ Brookfield Global Infrastructure ETF","NYSEARCA"
"TOMZ","TOMI Environmental Solutions, Inc.","NASDAQ"
"TONX","TON Strategy Company","NASDAQ"
"TOON","Kartoon Studios, Inc.","AMEX"
"TOP","TOP Financial Group Limited","NASDAQ"
"TOPC","iShares S&P 500 3% Capped ETF","NYSEARCA"
"TOPP","Toppoint Holdings Inc.","AMEX"
"TOPS","TOP Ships, Inc.","AMEX"
"TOPT","iShares Top 20 U.S. Stocks ETF","NYSEARCA"
"TOPW","Roundhill Top WeeklyPay ETF","BATS"
"TORO","Toro Corp.","NASDAQ"
"TOS","Twin Oak Strategic Solutions ETF","BATS"
"TOST","Toast, Inc. Class A","NYSE"
"TOT","LionShares U.S. Equity Total Return ETF","NYSEARCA"
"TOTL","State Street DoubleLine Total Return Tactical ETF","NYSEARCA"
"TOTR","T. Rowe Price Total Return ETF","NYSEARCA"
"TOUR","Tuniu Corporation","NASDAQ"
"TOUS","T. Rowe Price International Equity ETF","NYSEARCA"
"TOV","JLens 500 Jewish Advocacy U.S. ETF","NYSEARCA"
"TOVX","Theriva Biologics, Inc.","AMEX"
"TOWN","Towne Bank","NASDAQ"
"TOXR","21Shares XRP ETF","BATS"
"TOYO","TOYO Co., Ltd","NASDAQ"
"TPAY","Roundhill S&P 500 Target 10 Managed Distribution ETF","BATS"
"TPB","Turning Point Brands, Inc.","NYSE"
"TPC","Tutor Perini Corporation","NYSE"
"TPCS","TechPrecision Corporation","NASDAQ"
"TPET","Trio Petroleum Corp.","AMEX"
"TPFC","Timothy Plan Free Cash Flow ETF","NYSEARCA"
"TPFG","Timothy Plan Free Cash Flow Growth ETF","NYSEARCA"
"TPFI","Timothy Plan Fixed Income ETF","NYSEARCA"
"TPG","TPG Inc.","NASDAQ"
"TPGXL","TPG Inc. - 6.950% Fixed-Rate Junior Subordinated Notes due 2064","NASDAQ"
"TPHD","Timothy Plan High Dividend Stock ETF","NYSEARCA"
"TPIF","Timothy Plan International ETF","NYSEARCA"
"TPL","Texas Pacific Land Corporation","NYSE"
"TPLC","Timothy Plan US Large/Mid Cap Core ETF","NYSEARCA"
"TPLS","Thornburg Core Plus Bond ETF","NASDAQ"
"TPOR","Direxion Daily Transportation Bull 3X ETF","NYSEARCA"
"TPR","Tapestry, Inc.","NYSE"
"TPRY","VistaShares Target 15 TEPRTantrum Contrarian Distribution ETF","NYSEARCA"
"TPSC","Timothy Plan US Small Cap Core ETF","NYSEARCA"
"TPST","Tempest Therapeutics, Inc.","NASDAQ"
"TPTA","Terra Property Trust, Inc. 6.00% Notes due 2026","NYSE"
"TPTS","Terra Property Trust, Inc. 7.00% Senior Secured Notes due 2029","NYSE"
"TPUT","T. Rowe Price Capital Appreciation Market Opportunities ETF","NYSEARCA"
"TPVG","TriplePoint Venture Growth BDC Corp.","NYSE"
"TPYP","Tortoise North American Pipeline ETF","NYSE"
"TPZ","Tortoise Electrification Infrastructure ETF","NYSE"
"TQQQ","ProShares UltraPro QQQ","NASDAQ"
"TQQY","GraniteShares YieldBOOST QQQ ETF","NASDAQ"
"TR","Tootsie Roll Industries, Inc.","NYSE"
"TRAD","APEX Tech Acquisition Inc.","NYSE"
"TRAD.R","APEX Tech Acquisition Inc. Rights, each entitling the holder to receive one-fourth (1/4) of one ordinary share","NYSE"
"TRAD.U","APEX Tech Acquisition Inc. Units, each consisting of one Class A ordinary share and one right to receive one sixth (1/6) of a Class A ordinary share","NYSE"
"TRAK","ReposiTrak, Inc.","NYSE"
"TRAW","Traws Pharma, Inc.","NASDAQ"
"TRAX","First Tracks Biotherapeutics, Inc.","NASDAQ"
"TRBF","Angel Oak Total Return ETF","NASDAQ"
"TRC","Tejon Ranch Co","NYSE"
"TRDA","Entrada Therapeutics, Inc.","NASDAQ"
"TREE","LendingTree, Inc.","NASDAQ"
"TREX","Trex Company, Inc.","NYSE"
"TRFK","Pacer Data and Digital Revolution ETF","NYSEARCA"
"TRFM","AAM Transformers ETF","NYSEARCA"
"TRGP","Targa Resources, Inc.","NYSE"
"TRGS","TRG Latin America Acquisitions Corp.","NASDAQ"
"TRGSR","TRG Latin America Acquisitions Corp. - Rights","NASDAQ"
"TRGSU","TRG Latin America Acquisitions Corp. - Units","NASDAQ"
"TRI","Thomson Reuters Corp - Common Shares","NASDAQ"
"TRIB","Trinity Biotech plc","NASDAQ"
"TRIN","Trinity Capital Inc.","NASDAQ"
"TRINI","Trinity Capital Inc. - 7.875% Notes Due 2029","NASDAQ"
"TRINZ","Trinity Capital Inc. - 7.875% Notes due 2029","NASDAQ"
"TRIO","MC Trio Equity Buffered ETF","BATS"
"TRIP","TripAdvisor, Inc.","NASDAQ"
"TRLV","Trulieve Cannabis Corp. Subordinate Voting Shares","NYSE"
"TRMB","Trimble Inc.","NASDAQ"
"TRMD","TORM plc","NASDAQ"
"TRMK","Trustmark Corporation","NASDAQ"
"TRN","Trinity Industries, Inc.","NYSE"
"TRND","Pacer Trendpilot Fund of Funds ETF","NYSEARCA"
"TRNO","Terreno Realty Corporation","NYSE"
"TRNR","Interactive Strength Inc.","NASDAQ"
"TRNS","Transcat, Inc.","NASDAQ"
"TRON","Tron Inc.","NASDAQ"
"TROO","TROOPS, Inc.","NASDAQ"
"TROT","Invesco MSCI Treasury Duration Rotation ETF","NYSEARCA"
"TROW","T. Rowe Price Group, Inc.","NASDAQ"
"TROX","Tronox Holdings plc Ordinary Shares (UK)","NYSE"
"TRP","TC Energy Corporation","NYSE"
"TRPA","Hartford AAA CLO ETF","BATS"
"TRS","TriMas Corporation","NASDAQ"
"TRSG","Tungray Technologies Inc","NASDAQ"
"TRST","TrustCo Bank Corp NY","NASDAQ"
"TRSY","Xtrackers US 0-1 Year Treasury ETF","BATS"
"TRT","Trio-Tech International","AMEX"
"TRTX","TPG RE Finance Trust, Inc.","NYSE"
"TRTY","Cambria Trinity ETF","BATS"
"TRU","TransUnion","NYSE"
"TRUC","VanEck Communication Services TruSector ETF","NASDAQ"
"TRUD","VanEck Consumer Discretionary TruSector ETF","NASDAQ"
"TRUF","VanEck Financials TruSector ETF","NASDAQ"
"TRUG","TruGolf Holdings, Inc.","NASDAQ"
"TRUH","VanEck Healthcare TruSector ETF","NASDAQ"
"TRUI","VanEck Industrials TruSector ETF","NASDAQ"
"TRUO","VanEck Consumer Staples TruSector ETF","NASDAQ"
"TRUP","Trupanion, Inc.","NASDAQ"
"TRUT","VanEck Technology TruSector ETF","NASDAQ"
"TRV","The Travelers Companies, Inc.","NYSE"
"TRVG","trivago N.V.","NASDAQ"
"TRVI","Trevi Therapeutics, Inc.","NASDAQ"
"TRX","TRX Gold Corporation","AMEX"
"TS","Tenaris S.A. American Depositary Shares","NYSE"
"TSAT","Telesat Corporation","NASDAQ"
"TSBK","Timberland Bancorp, Inc.","NASDAQ"
"TSCM","TimesSquare Quality Mid Cap Growth ETF","NASDAQ"
"TSCO","Tractor Supply Company","NASDAQ"
"TSCV","Thrivent Small Cap Value ETF","NYSEARCA"
"TSDD","GraniteShares 2x Short TSLA Daily ETF","NASDAQ"
"TSEC","Touchstone Securitized Income ETF","NYSEARCA"
"TSEG","Leverage Shares 2X Long TSEM Daily ETF","BATS"
"TSEL","Touchstone Sands Capital US Select Growth ETF","NASDAQ"
"TSEM","Tower Semiconductor Ltd.","NASDAQ"
"TSEP","FT Vest Emerging Market Buffer ETF - September","BATS"
"TSES","Truth Social American Energy Security ETF","NYSEARCA"
"TSHA","Taysha Gene Therapies, Inc.","NASDAQ"
"TSI","TCW Strategic Income Fund, Inc.","NYSE"
"TSIC","Truth Social American Icons ETF","NYSEARCA"
"TSII","REX TSLA Growth & Income ETF","BATS"
"TSL","GraniteShares 1.25x Long TSLA Daily ETF","NASDAQ"
"TSLA","Tesla, Inc.","NASDAQ"
"TSLG","Leverage Shares 2X Long TSLA Daily ETF","NASDAQ"
"TSLI","ProShares Ultra TSLA","NYSEARCA"
"TSLL","Direxion Daily TSLA Bull 2X ETF","NASDAQ"
"TSLP","Kurv Yield Premium Strategy Tesla (TSLA) ETF","BATS"
"TSLQ","Tradr 2X Short TSLA Daily ETF","NASDAQ"
"TSLR","GraniteShares 2x Long TSLA Daily ETF","NASDAQ"
"TSLS","Direxion Daily TSLA Bear 1X ETF","NASDAQ"
"TSLT","T-REX 2X Long Tesla Daily Target ETF","BATS"
"TSLW","Roundhill TSLA WeeklyPay ETF","BATS"
"TSLX","Sixth Street Specialty Lending, Inc.","NYSE"
"TSLY","YieldMax TSLA Option Income Strategy ETF","NYSEARCA"
"TSLZ","T-Rex 2X Inverse Tesla Daily Target ETF","BATS"
"TSM","Taiwan Semiconductor Manufacturing Company Ltd.","NYSE"
"TSME","Thrivent Small-Mid Cap Equity ETF","NYSEARCA"
"TSMG","Leverage Shares 2X Long TSM Daily ETF","NASDAQ"
"TSMU","GraniteShares 2x Long TSM Daily ETF","NASDAQ"
"TSMX","Direxion Daily TSM Bull 2X ETF","NASDAQ"
"TSMY","YieldMax TSM Option Income Strategy ETF","NYSEARCA"
"TSMZ","Direxion Daily TSM Bear 1X ETF","NASDAQ"
"TSN","Tyson Foods, Inc.","NYSE"
"TSNF","Truth Social American Next Frontiers ETF","NYSEARCA"
"TSOL","21Shares Solana ETF","BATS"
"TSPA","T. Rowe Price U.S. Equity Research ETF","NYSEARCA"
"TSPX","Twin Oak Active Opportunities ETF","BATS"
"TSPY","TappAlpha S&P 500 Growth & Daily Income ETF","NASDAQ"
"TSQ","Townsquare Media, Inc. Class A","NYSE"
"TSRS","Truth Social American Red State REITs ETF","NYSEARCA"
"TSSD","Truth Social American Security & Defense ETF","NYSEARCA"
"TSSI","TSS, Inc.","NASDAQ"
"TSUI","21Shares Sui ETF","NASDAQ"
"TSXD","Direxion Daily Semiconductors Top 5 Bear 2X ETF","NYSEARCA"
"TSXU","Direxion Daily Semiconductors Top 5 Bull 2X ETF","NYSEARCA"
"TSYW","Roundhill Treasury Bond WeeklyPay ETF","BATS"
"TSYX","TSPY Lift ETF","NASDAQ"
"TSYY","GraniteShares YieldBOOST TSLA ETF","NASDAQ"
"TT","Trane Technologies plc","NYSE"
"TTAM","Titan America SA Common Shares","NYSE"
"TTAN","ServiceTitan, Inc.","NASDAQ"
"TTC","Toro Company (The)","NYSE"
"TTD","The Trade Desk, Inc.","NASDAQ"
"TTDU","T-REX 2X Long TTD Daily Target ETF","BATS"
"TTE","TotalEnergies SE","NYSE"
"TTEC","TTEC Holdings, Inc.","NASDAQ"
"TTEK","Tetra Tech, Inc.","NASDAQ"
"TTEQ","T. Rowe Price Technology ETF","NASDAQ"
"TTGT","TechTarget, Inc.","NASDAQ"
"TTI","Tetra Technologies, Inc.","NYSE"
"TTMI","TTM Technologies, Inc.","NASDAQ"
"TTOP","21Shares FTSE Crypto 10 Index ETF","NYSEARCA"
"TTRX","Turn Therapeutics Inc.","NASDAQ"
"TTT","ProShares UltraPro Short 20 Year Treasury","NYSEARCA"
"TTWO","Take-Two Interactive Software, Inc.","NASDAQ"
"TTXD","Direxion Daily Technology Top 5 Bear 2X ETF","NYSEARCA"
"TTXU","Direxion Daily Technology Top 5 Bull 2X ETF","NYSEARCA"
"TU","Telus Corporation","NYSE"
"TUA","Simplify Short Term Treasury Futures Strategy ETF","NYSEARCA"
"TUG","STF Tactical Growth ETF","NASDAQ"
"TUGN","STF Tactical Growth & Income ETF","NASDAQ"
"TULP","Bloomia Holdings, Inc.","NASDAQ"
"TUR","iShares MSCI Turkey ETF","NASDAQ"
"TURB","Turbo Energy, S.A.","NASDAQ"
"TURF","T. Rowe Price Natural Resources ETF","NASDAQ"
"TUSB","Thrivent Ultra Short Bond ETF","NYSEARCA"
"TUSI","Touchstone Ultra Short Income ETF","BATS"
"TUSK","Mammoth Energy Services, Inc.","NASDAQ"
"TUYA","Tuya Inc. American Depositary Shares, each representing one Class A Ordinary Share","NYSE"
"TV","Grupo Televisa S.A.B.","NYSE"
"TVA","Texas Ventures Acquisition III Corp","NASDAQ"
"TVACU","Texas Ventures Acquisition III Corp - Unit","NASDAQ"
"TVACW","Texas Ventures Acquisition III Corp - Warrants","NASDAQ"
"TVAI","Thayer Ventures Acquisition Corporation II","NASDAQ"
"TVAIR","Thayer Ventures Acquisition Corporation II - Rights","NASDAQ"
"TVAIU","Thayer Ventures Acquisition Corporation II - Unit","NASDAQ"
"TVAL","T. Rowe Price Value ETF","NYSEARCA"
"TVC","Tennessee Valley Authority","NYSE"
"TVE","Tennessee Valley Authority","NYSE"
"TVGN","Tevogen Bio Holdings Inc.","NASDAQ"
"TVGNW","Tevogen Bio Holdings Inc. - Warrant","NASDAQ"
"TVIVU","Texas Ventures Acquisition IV Corp - Units","NASDAQ"
"TVRD","Tvardi Therapeutics, Inc.","NASDAQ"
"TVTX","Travere Therapeutics, Inc.","NASDAQ"
"TW","Tradeweb Markets Inc.","NASDAQ"
"TWAV","TaoWeave, Inc.","NASDAQ"
"TWFG","TWFG, Inc.","NASDAQ"
"TWG","Top Wealth Group Holding Limited","NASDAQ"
"TWI","Titan International, Inc. (DE)","NYSE"
"TWIN","Twin Disc, Incorporated","NASDAQ"
"TWLO","Twilio Inc. Class A","NYSE"
"TWLV","Twelve Seas Investment Company III","NASDAQ"
"TWLVR","Twelve Seas Investment Company III - Rights","NASDAQ"
"TWLVU","Twelve Seas Investment Company III - Units","NASDAQ"
"TWM","ProShares UltraShort Russell2000","NYSEARCA"
"TWN","Taiwan Fund, Inc. (The)","NYSE"
"TWO","Two Harbors Investment Corp","NYSE"
"TWOD","Two Harbors Investments Corp 9.375% Senior Notes due 2030","NYSE"
"TWOX","iShares Large Cap Accelerated Outcome ETF","BATS"
"TWST","Twist Bioscience Corporation","NASDAQ"
"TX","Ternium S.A. Ternium S.A. American Depositary Shares (each representing ten shares, USD1.00 par value)","NYSE"
"TXBC","21Shares FTSE Crypto 10 ex-BTC Index ETF","NYSEARCA"
"TXG","10x Genomics, Inc.","NASDAQ"
"TXMD","TherapeuticsMD, Inc.","NASDAQ"
"TXN","Texas Instruments Incorporated","NASDAQ"
"TXNM","TXNM Energy, Inc.","NYSE"
"TXNU","Direxion Daily TXN Bull 2X ETF","NYSEARCA"
"TXO","TXO Partners, L.P. Common Units Representing Limited Partner Interests","NYSE"
"TXRH","Texas Roadhouse, Inc.","NASDAQ"
"TXS","Texas Capital Texas Equity Index ETF","NYSEARCA"
"TXT","Textron Inc.","NYSE"
"TXUE","Thornburg International Equity ETF","NASDAQ"
"TXUG","Thornburg International Growth Fund ETF","NASDAQ"
"TXXD","21Shares 2x Long Dogecoin ETF","NASDAQ"
"TXXH","21Shares 2x Long HYPE ETF","NASDAQ"
"TXXI","BondBloxx IR+M Tax-Aware Intermediate Duration ETF","NYSEARCA"
"TXXS","21Shares 2x Long Sui ETF","NASDAQ"
"TY","Tri Continental Corporation","NYSE"
"TYA","Simplify Intermediate Term Treasury Futures Strategy ETF","BATS"
"TYD","Direxion Daily 10-Yr Treasury Bull 3x Shrs","NYSEARCA"
"TYG","Tortoise Energy Infrastructure Corporation","NYSE"
"TYGO","Tigo Energy, Inc.","NASDAQ"
"TYL","Tyler Technologies, Inc.","NYSE"
"TYLD","Cambria Tactical Yield ETF","BATS"
"TYLG","Global X Information Technology Covered Call & Growth ETF","NYSEARCA"
"TYO","Direxion Daily 10-Yr Treasury Bear 3x Shrs","NYSEARCA"
"TYRA","Tyra Biosciences, Inc.","NASDAQ"
"TYYY","xETFs TSLA Daily Income ETF","NYSEARCA"
"TZA","Direxion Small Cap Bear 3X ETF","NYSEARCA"
"TZOO","Travelzoo","NASDAQ"
"U","Unity Software Inc.","NYSE"
"UA","Under Armour, Inc. Class C","NYSE"
"UAA","Under Armour, Inc. Class A","NYSE"
"UAC","United Acquisition Corp. I Class A","AMEX"
"UAC.U","United Acquisition Corp. I Units, each consisting of one Class A ordinary share and one-quarter of one redeemable warrant","AMEX"
"UAC.W","United Acquisition Corp. I Warrants, each whole warrant exercisable for one Class A ordinary share at an exercise price of $11.50","AMEX"
"UAE","iShares MSCI UAE ETF","NASDAQ"
"UAL","United Airlines Holdings, Inc.","NASDAQ"
"UAMY","United States Antimony Corporation","NYSE"
"UAN","CVR Partners, LP Common Units representing Limited Partner Interests","NYSE"
"UAPR","Innovator U.S. Equity Ultra Buffer ETF - April","BATS"
"UAUG","Innovator U.S. Equity Ultra Buffer ETF - August","BATS"
"UAVS","AgEagle Aerial Systems, Inc.","AMEX"
"UBCP","United Bancorp, Inc.","NASDAQ"
"UBER","Uber Technologies, Inc.","NYSE"
"UBEW","Roundhill UBER WeeklyPay ETF","BATS"
"UBND","VictoryShares Core Plus Bond ETF","NASDAQ"
"UBOT","Direxion Daily Robotics, Artificial Intelligence & Automation Index Bull 2X ETF","NYSEARCA"
"UBR","ProShares Ultra MSCI Brazil Capped","NYSEARCA"
"UBRL","GraniteShares 2x Long UBER Daily ETF","NASDAQ"
"UBS","UBS Group AG Registered","NYSE"
"UBSI","United Bankshares, Inc.","NASDAQ"
"UBT","ProShares Ultra 20+ Year Treasury","NYSEARCA"
"UBXG","U-BX Technology Ltd.","NASDAQ"
"UCAR","U Power Limited","NASDAQ"
"UCB","United Community Banks, Inc.","NYSE"
"UCC","ProShares Ultra Consumer Discretionary","NYSEARCA"
"UCFI","CN Healthy Food Tech Group Corp.","NASDAQ"
"UCFIW","CN Healthy Food Tech Group Corp. - Warrant","NASDAQ"
"UCIB","ETRACS UBS Bloomberg Constant Maturity Commodity Index (CMCI) Total Return ETN Series B due April 5, 2038","NYSEARCA"
"UCL","uCloudlink Group Inc.","NASDAQ"
"UCO","ProShares Ultra Bloomberg Crude Oil","NYSEARCA"
"UCON","First Trust Smith Unconstrained Bond ETF","NYSEARCA"
"UCOP","ProShares Ultra Copper K-1 Free ETF","NYSEARCA"
"UCRD","VictoryShares Corporate Bond ETF","NASDAQ"
"UCTT","Ultra Clean Holdings, Inc.","NASDAQ"
"UCYB","ProShares Ultra Nasdaq Cybersecurity","NASDAQ"
"UDEC","Innovator U.S. Equity Ultra Buffer ETF - December","BATS"
"UDI","USCF Dividend Income Fund","NYSEARCA"
"UDIV","Franklin U.S. Core Dividend Tilt Index ETF","NYSEARCA"
"UDN","Invesco DB USD Index Bearish ETF","NYSEARCA"
"UDOW","ProShares UltraPro Dow30","NYSEARCA"
"UDR","UDR, Inc.","NYSE"
"UE","Urban Edge Properties Common Shares of Beneficial Interest","NYSE"
"UEC","Uranium Energy Corp.","AMEX"
"UECG","Leverage Shares 2x Long UEC Daily ETF","NASDAQ"
"UEIC","Universal Electronics Inc.","NASDAQ"
"UEVM","VictoryShares Emerging Markets Value Momentum ETF","NASDAQ"
"UFCS","United Fire Group, Inc","NASDAQ"
"UFEB","Innovator U.S. Equity Ultra Buffer ETF - February","BATS"
"UFG","Uni-Fuels Holdings Limited","NASDAQ"
"UFI","Unifi, Inc. New","NYSE"
"UFIV","US Treasury 5 Year Note ETF","NASDAQ"
"UFO","Procure Space ETF","NASDAQ"
"UFOD","Tuttle Capital UFO Disclosure ETF","BATS"
"UFOX","Defiance Connective Technologies ETF","NASDAQ"
"UFPI","UFP Industries, Inc.","NASDAQ"
"UFPT","UFP Technologies, Inc.","NASDAQ"
"UG","United-Guardian, Inc.","NASDAQ"
"UGA","United States Gasoline Fund LP","NYSEARCA"
"UGE","ProShares Ultra Consumer Staples","NYSEARCA"
"UGI","UGI Corporation","NYSE"
"UGL","ProShares Ultra Gold","NYSEARCA"
"UGLD","Direxion Daily Gold Bull 2X ETF","NYSEARCA"
"UGP","Ultrapar Participacoes S.A. (New) American Depositary Shares (Each representing one Common Share)","NYSE"
"UHAL","U-Haul Holding Company","NYSE"
"UHAL.B","U-Haul Holding Company Series N Non-Voting","NYSE"
"UHS","Universal Health Services, Inc.","NYSE"
"UHT","Universal Health Realty Income Trust","NYSE"
"UI","Ubiquiti Inc.","NYSE"
"UIS","Unisys Corporation New","NYSE"
"UITB","VictoryShares Core Intermediate Bond ETF","NASDAQ"
"UIVM","VictoryShares International Value Momentum ETF","NASDAQ"
"UJAN","Innovator U.S. Equity Ultra Buffer ETF - January","BATS"
"UJB","ProShares Ultra High Yield ETF","NYSEARCA"
"UJUL","Innovator U.S. Equity Ultra Buffer ETF - July","BATS"
"UJUN","Innovator U.S. Equity Ultra Buffer ETF - June","BATS"
"UK","Ucommune International Ltd","NASDAQ"
"UL","Unilever PLC American Depositary Shares (each representing One Ordinary Share)","NYSE"
"ULBI","Ultralife Corporation","NASDAQ"
"ULCC","Frontier Group Holdings, Inc.","NASDAQ"
"ULE","ProShares Ultra Euro","NYSEARCA"
"ULH","Universal Logistics Holdings, Inc.","NASDAQ"
"ULS","UL Solutions Inc. Class A","NYSE"
"ULST","State Street Ultra Short Term Bond ETF","NYSEARCA"
"ULTA","Ulta Beauty, Inc.","NASDAQ"
"ULTI","REX IncomeMax Option Strategy ETF","NASDAQ"
"ULTY","YieldMax Ultra Option Income Strategy ETF","NYSEARCA"
"ULVM","VictoryShares US Value Momentum ETF","NASDAQ"
"UMAC","Unusual Machines, Inc.","AMEX"
"UMAL","Defiance Daily Target 2X Long UMAC ETF","BATS"
"UMAR","Innovator U.S. Equity Ultra Buffer ETF - March","BATS"
"UMAY","Innovator U.S. Equity Ultra Buffer ETF - May","BATS"
"UMBF","UMB Financial Corporation","NASDAQ"
"UMBFO","UMB Financial Corporation - Depositary Shares Each Representing a 1/400th Interest in a Share of 7.750% Fixed-Rate Reset Non-Cumulative Perpetual Pref","NASDAQ"
"UMC","United Microelectronics Corporation (NEW)","NYSE"
"UMDD","UltraPro MidCap400","NYSEARCA"
"UMH","UMH Properties, Inc.","NYSE"
"UMI","USCF Midstream Energy Income Fund ETF","NYSEARCA"
"UMMA","Wahed Dow Jones Islamic World ETF","NASDAQ"
"UNB","Union Bankshares, Inc.","NASDAQ"
"UNCY","Unicycive Therapeutics, Inc.","NASDAQ"
"UNF","Unifirst Corporation","NYSE"
"UNFI","United Natural Foods, Inc.","NYSE"
"UNG","United States Natural Gas Fund LP","NYSEARCA"
"UNH","UnitedHealth Group Incorporated Common Stock (DE)","NYSE"
"UNHG","Leverage Shares 2X Long UNH Daily ETF","NASDAQ"
"UNHU","Direxion Daily UNH Bull 2X ETF","NYSEARCA"
"UNHW","Roundhill UNH WeeklyPay ETF","BATS"
"UNIT","Uniti Group Inc.","NASDAQ"
"UNIY","WisdomTree Voya Yield Enhanced USD Universal Bond Fund","NASDAQ"
"UNL","United States 12 Month Natural Gas Fund","NYSEARCA"
"UNM","Unum Group","NYSE"
"UNMA","Unum Group 6.250% Junior Subordinated Notes due 2058","NYSE"
"UNOV","Innovator U.S. Equity Ultra Buffer ETF - November","BATS"
"UNP","Union Pacific Corporation","NYSE"
"UNTY","Unity Bancorp, Inc.","NASDAQ"
"UNX","Tradr 2X Long U Daily ETF","BATS"
"UOCT","Innovator U.S. Equity Ultra Buffer ETF - October","BATS"
"UONE","Urban One, Inc.","NASDAQ"
"UONEK","Urban One, Inc.","NASDAQ"
"UP","Wheels Up Experience Inc. Class A","NYSE"
"UPAL","ProShares Ultra Palladium K-1 Free ETF","NYSEARCA"
"UPAR","UPAR Ultra Risk Parity ETF","NYSEARCA"
"UPB","Upstream Bio, Inc.","NASDAQ"
"UPBD","Upbound Group, Inc.","NASDAQ"
"UPC","Universe Pharmaceuticals Inc","NASDAQ"
"UPGD","Invesco Bloomberg Analyst Rating Improvers ETF","NYSEARCA"
"UPGR","Xtrackers US Green Infrastructure Select Equity ETF","NASDAQ"
"UPLD","Upland Software, Inc.","NASDAQ"
"UPLT","ProShares Ultra Platinum K-1 Free ETF","NYSEARCA"
"UPRO","ProShares UltraPro S&P 500","NYSEARCA"
"UPS","United Parcel Service, Inc.","NYSE"
"UPSD","Aptus Large Cap Upside ETF","BATS"
"UPSG","Leverage Shares 2X Long UPS Daily ETF","NASDAQ"
"UPST","Upstart Holdings, Inc.","NASDAQ"
"UPSX","Tradr 2X Long UPST Daily ETF","BATS"
"UPV","ProShares Ultra FTSE Europe","NYSEARCA"
"UPW","ProShares Ultra Utilities","NYSEARCA"
"UPWK","Upwork Inc.","NASDAQ"
"UPXI","Upexi, Inc.","NASDAQ"
"URA","Global X Uranium ETF","NYSEARCA"
"URAA","Direxion Daily Uranium Industry Bull 2X ETF","NYSEARCA"
"URAN","Themes Uranium & Nuclear ETF","BATS"
"URBN","Urban Outfitters, Inc.","NASDAQ"
"URE","ProShares Ultra Real Estate","NYSEARCA"
"URG","Ur Energy Inc Common Shares (Canada)","AMEX"
"URGN","UroGen Pharma Ltd.","NASDAQ"
"URI","United Rentals, Inc.","NYSE"
"URNJ","Sprott Junior Uranium Miners ETF","NASDAQ"
"URNM","Sprott Uranium Miners ETF","NYSEARCA"
"UROY","Uranium Royalty Corp.","NASDAQ"
"URSP","ProShares Ultra S&P 500 Equal Weight","NYSEARCA"
"URTH","iShares MSCI World ETF","NYSEARCA"
"URTY","ProShares UltraPro Russell2000","NYSEARCA"
"USA","Liberty All-Star Equity Fund","NYSE"
"USAC","USA Compression Partners, LP Common Units Representing Limited Partner Interests","NYSE"
"USAF","Atlas America Fund","NASDAQ"
"USAI","Pacer American Energy Infrastructure ETF","NYSEARCA"
"USAR","USA Rare Earth, Inc.","NASDAQ"
"USAS","Americas Gold and Silver Corporation Common Shares, no par value","AMEX"
"USAU","U.S. Gold Corp.","NASDAQ"
"USAX","Tradr 2X Long USAR Daily ETF","BATS"
"USB","U.S. Bancorp","NYSE"
"USBC","USBC, Inc.","AMEX"
"USCA","Xtrackers MSCI USA Climate Action Equity ETF","NYSEARCA"
"USCB","USCB Financial Holdings, Inc.","NASDAQ"
"USCI","United States Commodity Index Fund ETV","NYSEARCA"
"USCL","iShares Climate Conscious & Transition MSCI USA ETF","NASDAQ"
"USD","ProShares Ultra Semiconductors","NYSEARCA"
"USDU","WisdomTree Bloomberg U.S. Dollar Bullish Fund","NYSEARCA"
"USDX","SGI Enhanced Core ETF","NASDAQ"
"USE","USCF Energy Commodity Strategy Absolute Return Fund","NYSEARCA"
"USEA","United Maritime Corporation","NASDAQ"
"USEP","Innovator U.S. Equity Ultra Buffer ETF - September","BATS"
"USEW","Cambria US EW ETF","BATS"
"USFD","US Foods Holding Corp.","NYSE"
"USFE","First Eagle US Equity ETF","NYSEARCA"
"USFI","BrandywineGLOBAL - U.S. Fixed Income ETF","NASDAQ"
"USFR","WisdomTree Floating Rate Treasury Fund","NYSEARCA"
"USG","USCF Gold Strategy Plus Income Fund","NYSEARCA"
"USGG","Leverage Shares 2X Long USAR Daily ETF","NASDAQ"
"USGO","U.S. GoldMining Inc.","NASDAQ"
"USHY","iShares Broad USD High Yield Corporate Bond ETF","BATS"
"USIG","iShares Broad USD Investment Grade Corporate Bond ETF","NASDAQ"
"USIN","WisdomTree 7-10 Year Laddered Treasury Fund","NASDAQ"
"USIO","Usio, Inc.","NASDAQ"
"USL","United States 12 Month Oil","NYSEARCA"
"USLM","United States Lime & Minerals, Inc.","NASDAQ"
"USLN","iShares Broad USD Floating Rate Loan ETF","BATS"
"USLV","Direxion Daily Silver Bull 2X ETF","NYSEARCA"
"USMC","Principal U.S. Mega-Cap ETF","NASDAQ"
"USMD","CoreValues America First Technology ETF","NYSEARCA"
"USMF","WisdomTree U.S. Multifactor Fund","BATS"
"USML","ETRACS 2x Leveraged MSCI US Minimum Volatility Factor TR ETN","NYSEARCA"
"USMV","iShares MSCI USA Min Vol Factor ETF","BATS"
"USNA","USANA Health Sciences, Inc.","NYSE"
"USNG","Amplify Samsung U.S. Natural Gas Infrastructure ETF","NYSEARCA"
"USNZ","Xtrackers Net Zero Pathway Paris Aligned US Equity ETF","NYSEARCA"
"USO","United States Oil Fund","NYSEARCA"
"USOI","ETRACS Crude Oil Shares Covered Call ETNs due April 24, 2037","NASDAQ"
"USOY","Defiance Oil Enhanced Options Income ETF","NASDAQ"
"USPH","U.S. Physical Therapy, Inc.","NYSE"
"USPX","Franklin U.S. Equity Index ETF","NYSEARCA"
"USRD","Themes US R&D Champions ETF","NASDAQ"
"USRT","iShares Core U.S. REIT ETF","NYSEARCA"
"USSE","Segall Bryant & Hamill Trust Segall Bryant & Hamill Select Equity ETF","NYSEARCA"
"USSG","Xtrackers MSCI USA Selection Equity ETF","NYSEARCA"
"USSH","WisdomTree 1-3 Year Laddered Treasury Fund","NASDAQ"
"UST","ProShares Ultra 7-10 Year Treasury","NYSEARCA"
"USTB","VictoryShares Short-Term Bond ETF","NASDAQ"
"USVM","VictoryShares US Small Mid Cap Value Momentum ETF","NASDAQ"
"USVN","US Treasury 7 Year Note ETF","NASDAQ"
"USX","Corgi Total U.S. Market 2x Daily ETF","BATS"
"USXF","iShares ESG Advanced MSCI USA ETF","NASDAQ"
"UTEN","US Treasury 10 Year Note ETF","NASDAQ"
"UTES","Virtus Reaves Utilities ETF","NYSEARCA"
"UTF","Cohen & Steers Infrastructure Fund, Inc","NYSE"
"UTG","Reaves Utility Income Fund Common Shares of Beneficial Interest","AMEX"
"UTHR","United Therapeutics Corporation","NASDAQ"
"UTHY","US Treasury 30 Year Bond ETF","NASDAQ"
"UTI","Universal Technical Institute Inc","NYSE"
"UTL","UNITIL Corporation","NYSE"
"UTMD","Utah Medical Products, Inc.","NASDAQ"
"UTRE","US Treasury 3 Year Note ETF","NASDAQ"
"UTSI","UTStarcom Holdings Corp","NASDAQ"
"UTSL","Direxion Daily Utilities Bull 3X ETF","NYSEARCA"
"UTWO","US Treasury 2 Year Note ETF","NASDAQ"
"UTWY","US Treasury 20 Year Bond ETF","NASDAQ"
"UTZ","Utz Brands Inc Class A","NYSE"
"UUP","Invesco DB USD Index Bullish Fund ETF","NYSEARCA"
"UUPP","Principal CLO ETF","BATS"
"UUU","Universal Safety Products, Inc.","AMEX"
"UUUG","Leverage Shares 2X Long UUUU Daily ETF","NASDAQ"
"UUUU","Energy Fuels Inc Ordinary Shares (Canada)","AMEX"
"UVE","UNIVERSAL INSURANCE HOLDINGS INC","NYSE"
"UVIX","2x Long VIX Futures ETF","BATS"
"UVSP","Univest Financial Corporation","NASDAQ"
"UVV","Universal Corporation","NYSE"
"UVXY","ProShares Ultra VIX Short Term Futures ETF","BATS"
"UWM","ProShares Ultra Russell2000","NYSEARCA"
"UWMC","UWM Holdings Corporation Class A","NYSE"
"UX","Roundhill Uranium ETF","BATS"
"UXAP","FT Vest U.S. Equity Uncapped Accelerator ETF - April","BATS"
"UXI","ProShares Ultra Industrials","NYSEARCA"
"UXIN","Uxin Limited","NASDAQ"
"UXJA","FT Vest U.S. Equity Uncapped Accelerator ETF - January","BATS"
"UXJL","FT Vest U.S. Equity Uncapped Accelerator ETF - July","BATS"
"UXOC","FT Vest U.S. Equity Uncapped Accelerator ETF - October","BATS"
"UXRP","ProShares Ultra XRP ETF","NYSEARCA"
"UYG","ProShares Ultra Financials","NYSEARCA"
"UYLD","Angel Oak UltraShort Income ETF","NASDAQ"
"UYM","ProShares Ultra Materials","NYSEARCA"
"UYSC","UY Scuti Acquisition Corp.","NASDAQ"
"UYSCR","UY Scuti Acquisition Corp. - Rights","NASDAQ"
"UYSCU","UY Scuti Acquisition Corp. - Units","NASDAQ"
"UZD","Array Digital Infrastructure, Inc. 6.250% Senior Notes due 2069","NYSE"
"UZE","Array Digital Infrastructure, Inc. 5.500% Senior Notes due 2070","NYSE"
"UZF","Array Digital Infrastructure, Inc. 5.500% Senior Notes due 2070","NYSE"
"UZX","Linkage Global Inc","NASDAQ"
"V","Visa Inc.","NYSE"
"VABK","Virginia National Bankshares Corporation","NASDAQ"
"VABS","Virtus Newfleet ABS/MBS ETF","NYSEARCA"
"VAC","Marriott Vacations Worldwide Corporation","NYSE"
"VACI","Viking Acquisition Corp. I Class A","NYSE"
"VACI.U","Viking Acquisition Corp. I Units, each consisting of one Class A ordinary share and one-third of one Warrant","NYSE"
"VACI.W","Viking Acquisition Corp. I Warrants to purchase one Class A Ordinary Share","NYSE"
"VAIE","VegaShares US Equity Autocallable Income ETF","NYSEARCA"
"VAL","Valaris Limited Common Shares","NYSE"
"VAL.W","Valaris Limited Warrants","NYSE"
"VALE","VALE S.A.  American Depositary Shares Each Representing one common share","NYSE"
"VALG","Leverage Shares 2X Long VALE Daily ETF","NASDAQ"
"VALN","Valneva SE","NASDAQ"
"VALQ","American Century U.S. Quality Value ETF","NYSEARCA"
"VALU","Value Line, Inc.","NASDAQ"
"VAMO","Cambria Value and Momentum ETF","BATS"
"VANI","Vivani Medical, Inc.","NASDAQ"
"VATE","INNOVATE Corp.","NYSE"
"VAVX","VanEck Avalanche ETF","NASDAQ"
"VAW","Vanguard Materials ETF","NYSEARCA"
"VB","Vanguard Small-Cap ETF","NYSEARCA"
"VBCA","Vanguard Target Maturity 2027 Corporate Bond ETF","NASDAQ"
"VBCB","Vanguard Target Maturity 2028 Corporate Bond ETF","NASDAQ"
"VBCC","Vanguard Target Maturity 2029 Corporate Bond ETF","NASDAQ"
"VBCD","Vanguard Target Maturity 2030 Corporate Bond ETF","NASDAQ"
"VBCE","Vanguard Target Maturity 2031 Corporate Bond ETF","NASDAQ"
"VBCF","Vanguard Target Maturity 2032 Corporate Bond ETF","NASDAQ"
"VBCG","Vanguard Target Maturity 2033 Corporate Bond ETF","NASDAQ"
"VBCH","Vanguard Target Maturity 2034 Corporate Bond ETF","NASDAQ"
"VBCI","Vanguard Target Maturity 2035 Corporate Bond ETF","NASDAQ"
"VBCJ","Vanguard Target Maturity 2036 Corporate Bond ETF","NASDAQ"
"VBF","Invesco Bond Fund","NYSE"
"VBIL","Vanguard 0-3 Month Treasury Bill ETF","NASDAQ"
"VBIO","Valion Bio, Inc.","NASDAQ"
"VBK","Vanguard Small-Cap Growth ETF","NYSEARCA"
"VBNB","VanEck BNB ETF","NASDAQ"
"VBND","Vident U.S. Bond Strategy ETF","NYSEARCA"
"VBNK","VersaBank - Common Shares","NASDAQ"
"VBR","Vanguard Small-Cap Value ETF","NYSEARCA"
"VBX","Corgi U.S. Small-Cap 2x Daily ETF","BATS"
"VC","Visteon Corporation","NASDAQ"
"VCEB","Vanguard ESG U.S. Corporate Bond ETF","BATS"
"VCEL","Vericel Corporation","NASDAQ"
"VCHY","Vanguard U.S. High-Yield Corporate Bond Index ETF","BATS"
"VCIG","VCI Global Limited - Ordinary Share","NASDAQ"
"VCIT","Vanguard Intermediate-Term Corporate Bond ETF","NASDAQ"
"VCLN","Virtus Duff & Phelps Clean Energy ETF","NYSEARCA"
"VCLT","Vanguard Long-Term Corporate Bond ETF","NASDAQ"
"VCOB","Voya Core Bond ETF","NYSEARCA"
"VCR","Vanguard Consumer Discretion ETF","NYSEARCA"
"VCRB","Vanguard Core Bond ETF","NASDAQ"
"VCRM","Vanguard Core Tax-Exempt Bond ETF","BATS"
"VCSH","Vanguard Short-Term Corporate Bond ETF","NASDAQ"
"VCTR","Victory Capital Holdings, Inc.","NASDAQ"
"VCV","Invesco California Value Municipal Income Trust","NYSE"
"VCX","Fundrise Innovation Fund, LLC Common Shares of Limited Liability Company Interests","NYSE"
"VCYT","Veracyte, Inc.","NASDAQ"
"VDC","Vanguard Consumer Staples ETF","NYSEARCA"
"VDE","Vanguard Energy ETF","NYSEARCA"
"VDG","Vanguard Developed Markets ex-US Growth Index ETF","BATS"
"VDI","Virtus International Dividend ETF","NYSEARCA"
"VDIG","Vanguard Wellington Dividend Growth Active ETF","BATS"
"VDV","Vanguard Developed Markets ex-US Value Index ETF","BATS"
"VEA","Vanguard FTSE Developed Markets ETF","NYSEARCA"
"VECA","Vernal Capital Acquisition Corp.","NYSE"
"VECA.R","Vernal Capital Acquisition Corp. Rights, each right entitling the holder to receive one-fourth (1/4) of one Ordinary Share","NYSE"
"VECA.U","Vernal Capital Acquisition Corp. Units, each consisting of one ordinary share and one right","NYSE"
"VECO","Veeco Instruments Inc.","NASDAQ"
"VEEA","Veea Inc.","NASDAQ"
"VEEAW","Veea Inc. - Warrant","NASDAQ"
"VEEE","Twin Vee PowerCats Co.","NASDAQ"
"VEEV","Veeva Systems Inc. Class A","NYSE"
"VEFA","VanEck MSCI EAFE Analyst Sentiment ETF","NASDAQ"
"VEGA","AdvisorShares STAR Global Buy-Write ETF","NYSEARCA"
"VEGI","iShares MSCI Agriculture Producers ETF","NYSEARCA"
"VEGN","US Vegan Climate ETF","BATS"
"VEL","Velocity Financial, Inc.","NYSE"
"VELL","Defiance Daily Target 2X Long VELO ETF","BATS"
"VELO","Velo3D, Inc.","NASDAQ"
"VEM","Virtus Emerging Markets Dividend ETF","NYSEARCA"
"VEMY","Virtus Stone Harbor Emerging Markets High Yield Bond ETF","NYSEARCA"
"VENU","Venu Holding Corporation","AMEX"
"VEON","VEON Ltd.","NASDAQ"
"VERA","Vera Therapeutics, Inc.","NASDAQ"
"VERI","Veritone, Inc.","NASDAQ"
"VERS","ProShares Metaverse ETF","NYSEARCA"
"VERU","Veru Inc.","NASDAQ"
"VERX","Vertex, Inc.","NASDAQ"
"VET","Vermilion Energy Inc. Common (Canada)","NYSE"
"VETZ","Academy Veteran Bond ETF","NYSEARCA"
"VEU","Vanguard FTSE All World Ex US ETF","NYSEARCA"
"VEXC","Vanguard Emerging Markets Ex-China ETF","NYSEARCA"
"VFC","V.F. Corporation","NYSE"
"VFF","Village Farms International, Inc. - Common Shares","NASDAQ"
"VFH","Vanguard Financials ETF","NYSEARCA"
"VFL","abrdn National Municipal Income Fund","AMEX"
"VFLO","VictoryShares Free Cash Flow ETF","NASDAQ"
"VFMF","Vanguard U.S. Multifactor ETF","BATS"
"VFMO","Vanguard U.S. Momentum Factor ETF","BATS"
"VFMV","Vanguard U.S. Minimum Volatility ETF","BATS"
"VFQY","Vanguard U.S. Quality Factor ETF","BATS"
"VFS","VinFast Auto Ltd.","NASDAQ"
"VFSWW","VinFast Auto Ltd. - Warrant","NASDAQ"
"VFVA","Vanguard U.S. Value Factor ETF","BATS"
"VG","Venture Global, Inc. Class A","NYSE"
"VGAS","Verde Clean Fuels, Inc.","NASDAQ"
"VGASW","Verde Clean Fuels, Inc. - Warrant","NASDAQ"
"VGHY","Vanguard High-Yield Active ETF","BATS"
"VGI","Virtus Global Multi-Sector Income Fund Common Shares of Beneficial Interest","NYSE"
"VGIT","Vanguard Intermediate-Term Treasury ETF","NASDAQ"
"VGK","Vanguard FTSEEuropean ETF","NYSEARCA"
"VGLT","Vanguard Long-Term Treasury ETF","NASDAQ"
"VGM","Invesco Trust for Investment Grade Municipals Common Stock (DE)","NYSE"
"VGMS","Vanguard Multi-Sector Income Bond ETF","BATS"
"VGNT","Versigent PLC","NYSE"
"VGRO","Virtus Silvant Growth Opportunities ETF","NYSEARCA"
"VGSH","Vanguard Short-Term Treasury ETF","NASDAQ"
"VGSR","Vert Global Sustainable Real Estate ETF","NASDAQ"
"VGT","Vanguard Information Tech ETF","NYSEARCA"
"VGUS","Vanguard Ultra-Short Treasury ETF","NASDAQ"
"VGVT","Vanguard Government Securities Active ETF","NYSEARCA"
"VGZ","Vista Gold Corp","AMEX"
"VHC","VirnetX Holding Corp","NASDAQ"
"VHCP","Vine Hill Capital Investment Corp. II","NASDAQ"
"VHCPU","Vine Hill Capital Investment Corp. II - Units","NASDAQ"
"VHCPW","Vine Hill Capital Investment Corp. II - Warrants","NASDAQ"
"VHI","Valhi, Inc.","NYSE"
"VHT","Vanguard Health Care ETF","NYSEARCA"
"VHUB","VenHub Global, Inc.","NASDAQ"
"VIA","Via Transportation, Inc. Class A","NYSE"
"VIASP","Via Renewables, Inc. - 8.75% Series A Fixed-to-Floating Rate Cumulative Redeemable Perpetual Preferred Stock","NASDAQ"
"VIAV","Viavi Solutions Inc.","NASDAQ"
"VICE","AdvisorShares Vice ETF","NYSEARCA"
"VICI","VICI Properties Inc.","NYSE"
"VICR","Vicor Corporation","NASDAQ"
"VIDA","VIDA Global Inc. Class A","AMEX"
"VIDI","Vident International Equity Strategy ETF","NYSEARCA"
"VIG","Vanguard Div Appreciation ETF","NYSEARCA"
"VIGI","Vanguard International Dividend Appreciation ETF","NASDAQ"
"VIK","Viking Holdings Ltd","NYSE"
"VINP","Vinci Compass Investments Ltd.","NASDAQ"
"VIOG","Vanguard S&P Small-Cap 600 Growth ETF","NYSEARCA"
"VIOO","Vanguard S&P Small-Cap 600 ETF","NYSEARCA"
"VIOT","Viomi Technology Co., Ltd","NASDAQ"
"VIOV","Vanguard S&P Small-Cap 600 Value ETF","NYSEARCA"
"VIPS","Vipshop Holdings Limited American Depositary Shares, each representing two","NYSE"
"VIR","Vir Biotechnology, Inc.","NASDAQ"
"VIRC","Virco Manufacturing Corporation","NASDAQ"
"VIRT","Virtu Financial, Inc. Class A","NYSE"
"VIS","Vanguard Industrials ETF","NYSEARCA"
"VISN","Vistance Networks, Inc.","NASDAQ"
"VIST","Vista Energy S.A.B. de C.V. American Depositary Shares, each representing one series A share, with no par value","NYSE"
"VITL","Vital Farms, Inc.","NASDAQ"
"VIV","Telefonica Brasil S.A. American Depositary Shares (Each representing One Common Share)","NYSE"
"VIVK","Vivakor, Inc.","NASDAQ"
"VIVO","VivoPower PLC","NASDAQ"
"VIVS","VivoSim Labs, Inc.","NASDAQ"
"VIXM","VIX Mid-Term Futures ETF","BATS"
"VIXY","VIX Short-Term Futures ETF","BATS"
"VKI","Invesco Advantage Municipal Income Trust II Common Shares of Beneficial Interest (DE)","AMEX"
"VKQ","Invesco Municipal Trust","NYSE"
"VKTX","Viking Therapeutics, Inc.","NASDAQ"
"VLGEA","Village Super Market, Inc.","NASDAQ"
"VLLU","Harbor AlphaEdge Large Cap Value ETF","NYSEARCA"
"VLN","Valens Semiconductor Ltd.","NYSE"
"VLN.W","Valens Semiconductor Ltd. Warrants, each warrant to purchase one-half of one Ordinary Share","NYSE"
"VLO","Valero Energy Corporation","NYSE"
"VLRS","Controladora Vuela Compania de Aviacion, S.A.B. de C.V. American Depositary Shares, each representing ten (10) Ordinary Participation Certificates","NYSE"
"VLT","Invesco High Income Trust II","NYSE"
"VLTO","Veralto Corp","NYSE"
"VLU","State Street SPDR S&P 1500 Value Tilt ETF","NYSEARCA"
"VLUE","iShares MSCI USA Value Factor ETF","BATS"
"VLY","Valley National Bancorp","NASDAQ"
"VLYPN","Valley National Bancorp - 8.250% Fixed-Rate Reset Non-Cumulative Perpetual Preferred Stock, Series C","NASDAQ"
"VLYPO","Valley National Bancorp - 5.5% Fixed to Floating Rate Series B Non-Cumulative Perpetual Preferred Stock","NASDAQ"
"VLYPP","Valley National Bancorp - 6.25% Fixed-to-Floating Rate Series A Non-Cumulative Perpetual Preferred Stock","NASDAQ"
"VMAR","Vision Marine Technologies Inc. - Common Shares","NASDAQ"
"VMAX","Hartford US Value ETF","BATS"
"VMBS","Vanguard Mortgage-Backed Securities ETF","NASDAQ"
"VMC","Vulcan Materials Company (Holding Company)","NYSE"
"VMD","Viemed Healthcare, Inc. - Common Shares","NASDAQ"
"VMET","Versamet Royalties Corporation","NASDAQ"
"VMI","Valmont Industries, Inc.","NYSE"
"VMO","Invesco Municipal Opportunity Trust","NYSE"
"VMSB","Voya Multi-Sector Income ETF","NYSEARCA"
"VNAM","Global X MSCI Vietnam ETF","NYSEARCA"
"VNCE","Vince Holding Corp.","NASDAQ"
"VNDA","Vanda Pharmaceuticals Inc.","NASDAQ"
"VNET","VNET Group, Inc.","NASDAQ"
"VNIE","Vontobel International Equity Active ETF","NYSEARCA"
"VNLA","Janus Henderson Short Duration Income ETF","NYSEARCA"
"VNM","VanEck Vietnam ETF","BATS"
"VNME","Vendome Acquisition Corporation I","NASDAQ"
"VNMEU","Vendome Acquisition Corporation I - Unit","NASDAQ"
"VNMEW","Vendome Acquisition Corporation I - Warrant","NASDAQ"
"VNO","Vornado Realty Trust","NYSE"
"VNOM","Viper Energy, Inc.","NASDAQ"
"VNQ","Vanguard Real Estate ETF","NYSEARCA"
"VNQI","Vanguard Global ex-U.S. Real Estate ETF","NASDAQ"
"VNRX","VolitionRX Limited","AMEX"
"VNSE","Natixis Vaughan Nelson Select ETF","NYSEARCA"
"VNT","Vontier Corporation","NYSE"
"VNTG","Vantage Corp Class A","AMEX"
"VO","Vanguard Mid-Cap ETF","NYSEARCA"
"VOC","VOC Energy Trust Units of Beneficial Interest","NYSE"
"VOD","Vodafone Group Plc","NASDAQ"
"VOE","Vanguard Mid-Cap Value ETF","NYSEARCA"
"VOLT","Tema Electrification ETF","NASDAQ"
"VONE","Vanguard Russell 1000 ETF","NASDAQ"
"VONG","Vanguard Russell 1000 Growth ETF","NASDAQ"
"VONV","Vanguard Russell 1000 Value ETF","NASDAQ"
"VOO","Vanguard S&P 500 ETF","NYSEARCA"
"VOOG","Vanguard S&P 500 Growth ETF","NYSEARCA"
"VOOV","Vanguard S&P 500 Value ETF","NYSEARCA"
"VOOX","Corgi U.S. Large-Cap 2x Daily ETF","BATS"
"VOR","Vor Biopharma Inc.","NASDAQ"
"VOT","Vanguard Mid-Cap Growth ETF","NYSEARCA"
"VOTE","TCW Transform 500 ETF","NASDAQ"
"VOX","Vanguard Communication Services  ETF","NYSEARCA"
"VOXP","Vox Populi ETF","BATS"
"VOXR","Vox Royalty Corp.","NASDAQ"
"VOYA","Voya Financial, Inc.","NYSE"
"VOYG","Voyager Technologies, Inc. Class A","NYSE"
"VPC","Virtus Private Credit Strategy ETF","NYSEARCA"
"VPG","Vishay Precision Group, Inc.","NYSE"
"VPL","Vanguard FTSE Pacific ETF","NYSEARCA"
"VPLS","Vanguard Core Plus Bond ETF","NASDAQ"
"VPU","Vanguard Utilities ETF","NYSEARCA"
"VPV","Invesco Pennsylvania Value Municipal Income Trust Common Stock (DE)","NYSE"
"VPX","Variant Perception Cycle Aware US Equity ETF","NYSEARCA"
"VRA","Vera Bradley, Inc.","NASDAQ"
"VRAI","Virtus Real Asset Income ETF","NYSEARCA"
"VRAX","Virax Biolabs Group Limited","NASDAQ"
"VRCA","Verrica Pharmaceuticals Inc.","NASDAQ"
"VRDN","Viridian Therapeutics, Inc.","NASDAQ"
"VREX","Varex Imaging Corporation","NASDAQ"
"VRIG","Invesco Variable Rate Investment Grade ETF","NASDAQ"
"VRM","Vroom, Inc.","NASDAQ"
"VRME","VerifyMe, Inc.","NASDAQ"
"VRNS","Varonis Systems, Inc.","NASDAQ"
"VRP","Invesco Variable Rate Preferred ETF","NYSEARCA"
"VRRM","Verra Mobility Corporation","NASDAQ"
"VRSK","Verisk Analytics, Inc.","NASDAQ"
"VRSN","VeriSign, Inc.","NASDAQ"
"VRT","Vertiv Holdings, LLC Class A","NYSE"
"VRTL","GraniteShares 2x Long VRT Daily ETF","NASDAQ"
"VRTS","Virtus Investment Partners, Inc.","NYSE"
"VRTX","Vertex Pharmaceuticals Incorporated","NASDAQ"
"VRXA","Veraxa Biotech AG","NASDAQ"
"VRXAW","Veraxa Biotech AG - Warrants","NASDAQ"
"VS","Versus Systems Inc.","NASDAQ"
"VSA","VisionSys AI Inc.","NASDAQ"
"VSAT","ViaSat, Inc.","NASDAQ"
"VSDA","VictoryShares Dividend Accelerator ETF","NASDAQ"
"VSDB","Vanguard Short Duration Bond ETF","BATS"
"VSDM","Vanguard Short Duration Tax-Exempt Bond ETF","BATS"
"VSEC","VSE Corporation","NASDAQ"
"VSECU","VSE Corporation - Tangible Equity Units","NASDAQ"
"VSEE","VSee Health, Inc.","NASDAQ"
"VSEEW","VSee Health, Inc. - Warrant","NASDAQ"
"VSGX","Vanguard ESG International Stock ETF","BATS"
"VSH","Vishay Intertechnology, Inc.","NYSE"
"VSHY","Virtus Newfleet Short Duration High Yield Bond ETF","NYSEARCA"
"VSLU","Applied Finance Valuation Large Cap ETF","NYSEARCA"
"VSME","VS Media Holdings Limited","NASDAQ"
"VSMV","VictoryShares US Multi-Factor Minimum Volatility ETF","NASDAQ"
"VSNT","Versant Media Group, Inc.","NASDAQ"
"VSOL","VanEck Solana ETF","NASDAQ"
"VSS","Vanguard FTSE All-Wld ex-US SmCp Idx ETF","NYSEARCA"
"VST","Vistra Corp.","NYSE"
"VSTD","Vestand Inc.","NASDAQ"
"VSTL","Defiance Daily Target 2X Long VST ETF","NASDAQ"
"VSTM","Verastem, Inc.","NASDAQ"
"VSTS","Vestis Corporation","NYSE"
"VSXY","Victorias Secret & Co.","NYSE"
"VT","Vanguard Total World Stock Index ETF","NYSEARCA"
"VTAK","Catheter Precision, Inc.","AMEX"
"VTC","Vanguard Total Corporate Bond ETF","NASDAQ"
"VTEB","Vanguard Tax-Exempt Bond ETF","NYSEARCA"
"VTEC","Vanguard California Tax-Exempt Bond ETF","BATS"
"VTEI","Vanguard Tax-Managed Funds Vanguard Intermediate-Term Tax-Exempt Bond ETF","BATS"
"VTEL","Vanguard Long-Term Tax-Exempt Bond ETF","BATS"
"VTES","Vanguard Wellington Fund Vanguard Short-Term Tax Exempt Bond ETF","NYSEARCA"
"VTEX","VTEX Class A Common Shares","NYSE"
"VTG","Vanguard Total Treasury ETF","NYSEARCA"
"VTGN","Vistagen Therapeutics, Inc.","NASDAQ"
"VTHR","Vanguard Russell 3000 ETF","NASDAQ"
"VTI","Vanguard Total Stock Market ETF","NYSEARCA"
"VTIP","Vanguard Short-Term Inflation-Protected Securities Index Fund ETF Shares","NASDAQ"
"VTIX","Virtuix Holdings Inc.","NASDAQ"
"VTMX","Corporacion Inmobiliaria Vesta, S.A.B de C.V. American Depositary Shares, each representing ten (10) Common Shares","NYSE"
"VTN","Invesco Trust for Investment Grade New York Municipals","NYSE"
"VTOL","Bristow Group, Inc.","NYSE"
"VTP","Vanguard Total Inflation-Protected Securities ETF","NYSEARCA"
"VTR","Ventas, Inc.","NYSE"
"VTRS","Viatris Inc.","NASDAQ"
"VTS","Vitesse Energy, Inc.","NYSE"
"VTSI","VirTra, Inc.","NASDAQ"
"VTV","Vanguard Value ETF","NYSEARCA"
"VTVT","vTv Therapeutics Inc.","NASDAQ"
"VTWG","Vanguard Russell 2000 Growth ETF","NASDAQ"
"VTWO","Vanguard Russell 2000 ETF","NASDAQ"
"VTWV","Vanguard Russell 2000 Value ETF","NASDAQ"
"VUG","Vanguard Growth ETF","NYSEARCA"
"VUS","Virtus US Dividend ETF","NYSEARCA"
"VUSB","Vanguard Ultra-Short Bond ETF","BATS"
"VUSE","Vident U.S. Equity Strategy ETF","NYSEARCA"
"VUSG","Vanguard Wellington U.S. Growth Active ETF","BATS"
"VUSI","Voya Ultra Short Income ETF","NYSEARCA"
"VUSV","Vanguard Wellington U.S. Value Active ETF","BATS"
"VUZI","Vuzix Corporation","NASDAQ"
"VV","Vanguard Large-Cap ETF","NYSEARCA"
"VVOS","Vivos Therapeutics, Inc.","NASDAQ"
"VVR","Invesco Senior Income Trust Common Stock (DE)","NYSE"
"VVV","Valvoline Inc.","NYSE"
"VVX","V2X, Inc.","NYSE"
"VWAV","VisionWave Holdings, Inc.","NASDAQ"
"VWAVW","VisionWave Holdings, Inc. - Warrant","NASDAQ"
"VWO","Vanguard FTSE Emerging Markets ETF","NYSEARCA"
"VWOB","Vanguard Emerging Markets Government Bond ETF","NASDAQ"
"VXF","Vanguard Extended Market ETF","NYSEARCA"
"VXUS","Vanguard Total International Stock ETF","NASDAQ"
"VXX","iPath Series B S&P 500 VIX Short-Term Futures ETN","BATS"
"VXZ","iPath Series B S&P 500 VIX Mid-Term Futures ETN","BATS"
"VYGR","Voyager Therapeutics, Inc.","NASDAQ"
"VYLD","Inverse VIX Short-Term Futures ETNs due March 22, 2045","NYSEARCA"
"VYM","Vanguard High Dividend Yield ETF","NYSEARCA"
"VYMI","Vanguard International High Dividend Yield ETF","NASDAQ"
"VYNE","VYNE Therapeutics Inc.","NASDAQ"
"VYX","NCR Voyix Corporation","NYSE"
"VZ","Verizon Communications Inc.","NYSE"
"VZLA","Vizsla Silver Corp. Common Shares","AMEX"
"W","Wayfair Inc. Class A","NYSE"
"WAB","Westinghouse Air Brake Technologies Corporation","NYSE"
"WABC","Westamerica Bancorporation","NASDAQ"
"WABF","Western Asset Bond ETF","NASDAQ"
"WAFD","WaFd, Inc.","NASDAQ"
"WAFDP","WaFd, Inc. - Depositary Shares","NASDAQ"
"WAFU","Wah Fu Education Group Limited","NASDAQ"
"WAGN","Pabrai Wagons ETF","NYSE"
"WAI","Top KingWin Ltd","NASDAQ"
"WAL","Western Alliance Bancorporation Common Stock (DE)","NYSE"
"WALD","Waldencast plc","NASDAQ"
"WALDW","Waldencast plc - Warrant","NASDAQ"
"WAMA","WisdomTree US Adaptive Moving Average Fund","NASDAQ"
"WANT","Direxion Daily Consumer Discretionary Bull 3X ETF","NYSEARCA"
"WAR","U.S. Global Technology and Aerospace & Defense ETF","NYSEARCA"
"WARP","VanEck Space ETF","NASDAQ"
"WASH","Washington Trust Bancorp, Inc.","NASDAQ"
"WAT","Waters Corporation","NYSE"
"WATS","Corgi Battery Energy Storage Systems ETF","BATS"
"WATT","Energous Corporation","NASDAQ"
"WAVE","Eco Wave Power Global AB (publ)","NASDAQ"
"WAY","Waystar Holding Corp.","NASDAQ"
"WB","Weibo Corporation","NASDAQ"
"WBD","Warner Bros. Discovery, Inc. - Series A","NASDAQ"
"WBI","WaterBridge Infrastructure LLC Class A Shares Representing Limited Liability Company Interests","NYSE"
"WBIF","WBI BullBear Value 3000 ETF","NYSEARCA"
"WBIG","WBI BullBear Yield 3000 ETF","NYSEARCA"
"WBIL","WBI BullBear Quality 3000 ETF","NYSEARCA"
"WBIY","WBI Power Factor High Dividend ETF","NYSE"
"WBS","Webster Financial Corporation","NYSE"
"WBTN","WEBTOON Entertainment Inc.","NASDAQ"
"WBUY","WEBUY GLOBAL LTD.","NASDAQ"
"WBX","Wallbox N.V. Class A","NYSE"
"WCAP","WarCap Unconstrained Equity ETF","NYSEARCA"
"WCBR","WisdomTree Cybersecurity Fund","NASDAQ"
"WCC","WESCO International, Inc.","NYSE"
"WCEO","Hypatia Women CEO ETF","NYSEARCA"
"WCLD","WisdomTree Cloud Computing Fund","NASDAQ"
"WCME","First Trust WCM Developing World Equity ETF","NYSEARCA"
"WCMG","First Trust WCM Global Equity ETF","NYSEARCA"
"WCMI","First Trust WCM International Equity ETF","NYSEARCA"
"WCN","Waste Connections, Inc. Common Shares","NYSE"
"WCPB","Weitz Core Plus Bond ETF","NYSEARCA"
"WCT","Wellchange Holdings Company Limited","NASDAQ"
"WD","Walker & Dunlop, Inc","NYSE"
"WDAF","WisdomTree Asia Defense Fund","NASDAQ"
"WDAI","Pacer S&P World 3AI Top 300 ETF","BATS"
"WDAY","Workday, Inc.","NASDAQ"
"WDC","Western Digital Corporation","NASDAQ"
"WDCX","Tradr 2X Long WDC Daily ETF","BATS"
"WDE","Principal Securitized Debt ETF","BATS"
"WDEF","WisdomTree Europe Defense Fund","NYSEARCA"
"WDFC","WD-40 Company","NASDAQ"
"WDGF","WisdomTree Global Defense Fund","NASDAQ"
"WDH","Waterdrop Inc. American Depositary Shares (each representing the right to receive 10 Class A Ordinary Shares)","NYSE"
"WDI","Western Asset Diversified Income Fund Common Shares of Beneficial Interest","NYSE"
"WDIG","WisdomTree Efficient Rare Earth Plus Strategic Metals Fund","BATS"
"WDIV","State Street SPDR S&P Global Dividend ETF","NYSEARCA"
"WDNA","WisdomTree BioRevolution Fund","BATS"
"WDRN","WisdomTree Physical AI, Humanoids and Drones Fund","BATS"
"WDS","Woodside Energy Group Limited American Depositary Shares, each representing one Ordinary Share","NYSE"
"WDTE","Defiance S&P 500 Weekly Distribution ETF","NYSEARCA"
"WEA","Western Asset Bond Fund Share of Beneficial Interest","NYSE"
"WEAT","Teucrium Wheat Fund ETV","NYSEARCA"
"WEAV","Weave Communications, Inc.","NYSE"
"WEBL","Direxion Daily Dow Jones Internet Bull 3X ETF","NYSEARCA"
"WEBS","Direxion Daily Dow Jones Internet Bear 3X ETF","NYSEARCA"
"WEBX","Corgi Chinese Internet 2x Daily ETF","BATS"
"WEC","WEC Energy Group, Inc.","NYSE"
"WEED","Roundhill Cannabis ETF","BATS"
"WEEI","Westwood Salient Enhanced Energy Income ETF","NASDAQ"
"WEEK","Roundhill Weekly T-Bill ETF","BATS"
"WEEL","Peerless Option Income Wheel ETF","NYSEARCA"
"WELD","Tema U.S. Manufacturing & Reshoring ETF","NYSEARCA"
"WELL","Welltower Inc.","NYSE"
"WEN","Wendy's Company (The)","NASDAQ"
"WENC","West Enclave Merger Corp.","NYSE"
"WENC.R","West Enclave Merger Corp. Rights, each Right to acquire one-tenth (1/10) of one Ordinary Share","NYSE"
"WENC.U","West Enclave Merger Corp. Units, each consisting of one Ordinary Share and one Right to acquire one-tenth (1/10) of one Ordinary Share","NYSE"
"WENN","Wen Acquisition Corp","NASDAQ"
"WENNU","Wen Acquisition Corp - Unit","NASDAQ"
"WENNW","Wen Acquisition Corp - Warrant","NASDAQ"
"WEPN","Nicholas Defense and Rare Earth Income ETF","NYSEARCA"
"WERN","Werner Enterprises, Inc.","NASDAQ"
"WES","Western Midstream Partners, LP Common Units Representing Limited Partner Interests","NYSE"
"WEST","Westrock Coffee Company","NASDAQ"
"WETH","Wetouch Technology Inc.","NASDAQ"
"WETO","Wetour Robotics Limited","NASDAQ"
"WEX","WEX Inc.","NYSE"
"WEYS","Weyco Group, Inc.","NASDAQ"
"WF","Woori Financial Group Inc. American Depositary Shares (each representing three (3) shares of Common Stock)","NYSE"
"WFC","Wells Fargo & Company","NYSE"
"WFCF","Where Food Comes From, Inc.","NASDAQ"
"WFF","WF Holding Limited","NASDAQ"
"WFG","West Fraser Timber Co. Ltd","NYSE"
"WFRD","Weatherford International plc","NASDAQ"
"WGMI","CoinShares Bitcoin Mining ETF","NASDAQ"
"WGO","Winnebago Industries, Inc.","NYSE"
"WGRX","Wellgistics Health, Inc.","NASDAQ"
"WGS","GeneDx Holdings Corp.","NASDAQ"
"WGSWW","GeneDx Holdings Corp. - Warrant","NASDAQ"
"WH","Wyndham Hotels & Resorts, Inc.","NYSE"
"WHD","Cactus, Inc. Class A","NYSE"
"WHF","WhiteHorse Finance, Inc. - Closed End Fund","NASDAQ"
"WHFCL","WhiteHorse Finance, Inc. - 7.875% Notes due 2028","NASDAQ"
"WHG","Westwood Holdings Group Inc","NYSE"
"WHK","WhiteHawk Minerals Corp Class A","NYSE"
"WHLR","Wheeler Real Estate Investment Trust, Inc.","NASDAQ"
"WHLRD","Wheeler Real Estate Investment Trust, Inc. - Series D Cumulative Preferred Stock","NASDAQ"
"WHLRL","Wheeler Real Estate Investment Trust, Inc. - 7.00% Senior Subordinated Convertible Notes Due 2031","NASDAQ"
"WHLRP","Wheeler Real Estate Investment Trust, Inc. - Series B Preferred Stock","NASDAQ"
"WHR","Whirlpool Corporation","NYSE"
"WHWK","Whitehawk Therapeutics, Inc.","NASDAQ"
"WIA","Western Asset Inflation-Linked Income Fund","NYSE"
"WILC","G. Willi-Food International,  Ltd.","NASDAQ"
"WIMA","WisdomTree International Adaptive Moving Average Fund","NASDAQ"
"WIMI","WiMi Hologram Cloud Inc.","NASDAQ"
"WINA","Winmark Corporation","NASDAQ"
"WING","Wingstop Inc.","NASDAQ"
"WINN","Harbor Long-Term Growers ETF","NYSE"
"WIP","State Street SPDR FTSE International Government Inflation-Protected Bond ETF","NYSEARCA"
"WISE","Themes Generative Artificial Intelligence ETF","NASDAQ"
"WIT","Wipro Limited","NYSE"
"WIW","Western Asset Inflation-Linked Opportunities & Income Fund","NYSE"
"WIX","Wix.com Ltd.","NASDAQ"
"WK","Workiva Inc. Class A","NYSE"
"WKC","World Kinect Corporation","NYSE"
"WKEY","WISeKey International Holding Ltd","NASDAQ"
"WKHS","Workhorse Group, Inc.","NASDAQ"
"WKSP","Worksport, Ltd.","NASDAQ"
"WLCOU","Wilco 63 Corporation - Units","NASDAQ"
"WLDN","Willdan Group, Inc.","NASDAQ"
"WLDR","Simplify Affinity World Leaders Equity ETF","BATS"
"WLDS","Wearable Devices Ltd. - Ordinary Share","NASDAQ"
"WLDSW","Wearable Devices Ltd. - Warrant","NASDAQ"
"WLDU","Leverage Shares 2x Long World Stock Daily ETF","BATS"
"WLFC","Willis Lease Finance Corporation","NASDAQ"
"WLII","Willow Lane Acquisition Corp. II","NASDAQ"
"WLIIU","Willow Lane Acquisition Corp. II - Unit","NASDAQ"
"WLIIW","Willow Lane Acquisition Corp. II - Warrants","NASDAQ"
"WLK","Westlake Corporation","NYSE"
"WLKP","Westlake Chemical Partners LP Common Units representing limited partner interests","NYSE"
"WLTG","WealthTrust DBS Long Term Growth ETF","NYSE"
"WLTH","Wealthfront Corporation","NASDAQ"
"WLY","John Wiley & Sons, Inc.","NYSE"
"WLYB","John Wiley & Sons, Inc.","NYSE"
"WM","Waste Management, Inc.","NYSE"
"WMB","Williams Companies, Inc. (The)","NYSE"
"WMG","Warner Music Group Corp.","NASDAQ"
"WMK","Weis Markets, Inc.","NYSE"
"WMS","Advanced Drainage Systems, Inc.","NYSE"
"WMSB","Weitz Multisector Bond ETF","NYSEARCA"
"WMT","Walmart Inc.","NASDAQ"
"WMTI","REX WMT Growth & Income ETF","BATS"
"WNC","Wabash National Corporation","NYSE"
"WNDR","Corgi Travel & Leisure ETF","BATS"
"WNEB","Western New England Bancorp, Inc.","NASDAQ"
"WNTR","YieldMax MSTR Short Option Income Strategy ETF","NYSEARCA"
"WNW","Meiwu Technology Company Limited","NASDAQ"
"WOK","WORK Medical Technology Group LTD","NASDAQ"
"WOLF","Wolfspeed, Inc. Common Stock New","NYSE"
"WOMN","Impact Shares Women's Empowerment ETF","NYSEARCA"
"WOOD","iShares Global Timber & Forestry ETF","NASDAQ"
"WOOF","Petco Health and Wellness Company, Inc.","NASDAQ"
"WOR","Worthington Enterprises, Inc. Common Shares","NYSE"
"WPAC","White Pearl Acquisition Corp. Class A","NYSE"
"WPAC.R","White Pearl Acquisition Corp. Rights, each right entitles the holder to receive one-fifth of one Class A ordinary share upon consummation of the initi","NYSE"
"WPAC.U","White Pearl Acquisition Corp. Units, each consisting of one Class A ordinary share and one right to receive one-fifth (1/5) of one Class A ordinary sh","NYSE"
"WPC","W. P. Carey Inc. REIT","NYSE"
"WPM","Wheaton Precious Metals Corp Common Shares (Canada)","NYSE"
"WPP","WPP plc American Depositary Shares","NYSE"
"WPRT","Westport Fuel Systems Inc - Common Shares","NASDAQ"
"WQTM","WisdomTree Quantum Computing Fund","BATS"
"WR","Corgi U.S. War Machine ETF","BATS"
"WRAP","Wrap Technologies, Inc.","NASDAQ"
"WRB","W.R. Berkley Corporation","NYSE"
"WRBY","Warby Parker Inc. Class A","NYSE"
"WRD","WeRide Inc.","NASDAQ"
"WRLD","World Acceptance Corporation","NASDAQ"
"WRN","Western Copper and Gold Corporation","AMEX"
"WRND","NYLI Global Equity R&D Leaders ETF","NASDAQ"
"WRTH","Worth Charting Options Income ETF","NASDAQ"
"WS","Worthington Steel, Inc. Common Shares","NYSE"
"WSBC","WesBanco, Inc.","NASDAQ"
"WSBCO","WesBanco, Inc. - Depositary Shares each representing 1/40th interest in a share of 7.375% Fixed-Rate Reset Non-Cumulative Perpetual Preferred Stock, S","NASDAQ"
"WSBF","Waterstone Financial, Inc.","NASDAQ"
"WSBK","Winchester Bancorp, Inc.","NASDAQ"
"WSC","WillScot Holdings Corporation","NASDAQ"
"WSDB","Weitz Short Duration Bond ETF","NYSEARCA"
"WSE","Wise Group plc","NASDAQ"
"WSFS","WSFS Financial Corporation","NASDAQ"
"WSGE","Warren Street Global Equity ETF","NASDAQ"
"WSHP","WeShop Holdings Limited","NASDAQ"
"WSM","Williams-Sonoma, Inc. Common Stock (DE)","NYSE"
"WSML","iShares MSCI World Small-Cap ETF","NASDAQ"
"WSO","Watsco, Inc.","NYSE"
"WSO.B","Watsco, Inc. Class B","NYSE"
"WSR","Whitestone REIT Common Shares","NYSE"
"WST","West Pharmaceutical Services, Inc.","NYSE"
"WSTN","Westin Acquisition Corp","NASDAQ"
"WSTNR","Westin Acquisition Corp - Right","NASDAQ"
"WSTNU","Westin Acquisition Corp - Units","NASDAQ"
"WT","WisdomTree, Inc.","NYSE"
"WTAI","WisdomTree Artificial Intelligence and Innovation Fund","BATS"
"WTBA","West Bancorporation","NASDAQ"
"WTBN","WisdomTree Bianco Total Return Fund","NASDAQ"
"WTF","Waton Financial Limited","NASDAQ"
"WTFC","Wintrust Financial Corporation","NASDAQ"
"WTFCN","Wintrust Financial Corporation - Depositary Shares, Each Representing a 1/1,000th Interest in a Share of 7.875% Fixed-Rate Reset Non-Cumulative Perpet","NASDAQ"
"WTG","Wintergreen Acquisition Corp.","NASDAQ"
"WTGUR","Wintergreen Acquisition Corp. - Rights","NASDAQ"
"WTGUU","Wintergreen Acquisition Corp. - Unit","NASDAQ"
"WTI","W&T Offshore, Inc.","NYSE"
"WTIB","USCF Oil Plus Bitcoin Strategy Fund","NYSEARCA"
"WTID","MicroSectors Energy 3X Inverse Leveraged ETNs","NYSEARCA"
"WTIP","WisdomTree Inflation Plus Fund","NASDAQ"
"WTIU","MicroSectors Energy 3X Leveraged ETNs","NYSEARCA"
"WTLS","WisdomTree Efficient Long/Short U.S. Equity Fund","BATS"
"WTM","White Mountains Insurance Group, Ltd.","NYSE"
"WTMF","WisdomTree Managed Futures Strategy Fund","NYSEARCA"
"WTMU","WisdomTree Core Laddered Municipal Fund","NASDAQ"
"WTMY","WisdomTree High Income Laddered Municipal Fund","NASDAQ"
"WTO","UTime Limited","NASDAQ"
"WTPI","WisdomTree Equity Premium Income Fund","NYSEARCA"
"WTRE","WisdomTree New Economy Real Estate Fund","NYSEARCA"
"WTRG","Essential Utilities, Inc.","NYSE"
"WTS","Watts Water Technologies, Inc. Class A","NYSE"
"WTTR","Select Water Solutions, Inc. Class A","NYSE"
"WTV","WisdomTree U.S. Value Fund","NYSEARCA"
"WTW","Willis Towers Watson Public Limited Company","NASDAQ"
"WU","Western Union Company (The)","NYSE"
"WUGI","AXS Esoterica NextG Economy ETF","BATS"
"WULF","TeraWulf Inc.","NASDAQ"
"WULX","Tradr 2X Long WULF Daily ETF","BATS"
"WVE","Wave Life Sciences Ltd.","NASDAQ"
"WVVI","Willamette Valley Vineyards, Inc.","NASDAQ"
"WVVIP","Willamette Valley Vineyards, Inc. - Series A Redeemable Preferred Stock","NASDAQ"
"WW","WW International, Inc.","NASDAQ"
"WWD","Woodward, Inc.","NASDAQ"
"WWJD","Inspire International ETF","NYSEARCA"
"WWR","Westwater Resources, Inc.","AMEX"
"WWW","Wolverine World Wide, Inc.","NYSE"
"WX","Corgi All World 2x Daily ETF","BATS"
"WXET","Teucrium 2x Daily Wheat ETF","NYSEARCA"
"WXM","WF International Limited","NASDAQ"
"WY","Weyerhaeuser Company","NYSE"
"WYFI","WhiteFiber, Inc.","NASDAQ"
"WYFL","Defiance Daily Target 2X Long WYFI ETF","BATS"
"WYHG","Wing Yip Food Holdings Group Limited","NASDAQ"
"WYNN","Wynn Resorts, Limited","NASDAQ"
"WYY","WidePoint Corporation","AMEX"
"WZRD","Opportunistic Trader ETF","BATS"
"XA","Corgi AI Cybersecurity ETF","BATS"
"XAGG","Eaton Vance Income Opportunities ETF","NYSEARCA"
"XAGI","Corgi AGIX 2x Daily ETF","BATS"
"XAIR","Beyond Air, Inc.","NASDAQ"
"XAIX","Xtrackers Artificial Intelligence and Big Data ETF","NASDAQ"
"XAPR","FT Vest U.S. Equity Enhance & Moderate Buffer ETF - April","BATS"
"XAR","State Street SPDR S&P Aerospace & Defense ETF","NYSEARCA"
"XAUG","FT Vest U.S. Equity Enhance & Moderate Buffer ETF - August","BATS"
"XB","BondBloxx B-Rated USD High Yield Corporate Bond ETF","NYSEARCA"
"XBAP","Innovator U.S. Equity Accelerated 9 Buffer ETF - April","BATS"
"XBB","BondBloxx BB-Rated USD High Yield Corporate Bond ETF","NYSEARCA"
"XBCI","NEOS Boosted Bitcoin High Income ETF","NASDAQ"
"XBFR","Innovator Equity Managed 10 Buffer ETF","NYSEARCA"
"XBI","State Street SPDR S&P Biotech ETF","NYSEARCA"
"XBIL","US Treasury 6 Month Bill ETF","NASDAQ"
"XBIO","Xenetic Biosciences, Inc.","NASDAQ"
"XBIT","XBiotech Inc.","NASDAQ"
"XBIX","Corgi U.S. Biotech 2x Daily ETF","BATS"
"XBJA","Innovator U.S. Equity Accelerated 9 Buffer ETF - January","BATS"
"XBJL","Innovator U.S. Equity Accelerated 9 Buffer ETF - July","BATS"
"XBNB","Teucrium xETFs 2x Long Daily BNB ETF","NYSEARCA"
"XBOC","Innovator U.S. Equity Accelerated 9 Buffer ETF - October","BATS"
"XBOX","Roundhill Ultra Short Duration No Dividend Target ETF","BATS"
"XBP","XBP Global Holdings, Inc.","NASDAQ"
"XBPEW","XBP Global Holdings, Inc. - Warrant","NASDAQ"
"XBTY","GraniteShares YieldBOOST Bitcoin ETF","NASDAQ"
"XC","WisdomTree True Emerging Markets Fund","NYSEARCA"
"XCBE","X3 Acquisition Corp. Ltd.","NASDAQ"
"XCBEU","X3 Acquisition Corp. Ltd. - Unit","NASDAQ"
"XCBEW","X3 Acquisition Corp. Ltd. - Warrant","NASDAQ"
"XCCC","BondBloxx CCC-Rated USD High Yield Corporate Bond ETF","NYSEARCA"
"XCEM","Columbia EM Core ex-China ETF","NYSEARCA"
"XCH","XCHG Limited - ADS","NASDAQ"
"XCHG","AB US Equity ETF","NYSEARCA"
"XCLR","Global X S&P 500 Collar 95-110 ETF","NYSEARCA"
"XCNY","State Street SPDR S&P Emerging Markets ex-China ETF","NASDAQ"
"XCOM","Corgi All Commodities 2x Daily ETF","BATS"
"XCOR","FundX ETF","NYSEARCA"
"XCUR","Exicure, Inc.","NASDAQ"
"XDAT","Franklin Exponential Data ETF","BATS"
"XDEC","FT Vest U.S. Equity Enhance & Moderate Buffer ETF - December","BATS"
"XDEF","Xtrackers Europe Defense Technologies ETF","NASDAQ"
"XDIV","Roundhill S&P 500 No Dividend Target ETF","BATS"
"XDQQ","Innovator Growth Accelerated ETF - Quarterly","BATS"
"XDSQ","Innovator U.S. Equity Accelerated ETF - Quarterly","BATS"
"XDTE","Roundhill S&P 500 0DTE Covered Call Strategy ETF","BATS"
"XE","X-Energy, Inc.","NASDAQ"
"XEL","Xcel Energy Inc.","NASDAQ"
"XELB","Xcel Brands, Inc","NASDAQ"
"XELLL","Xcel Energy Inc. - 6.25% Junior Subordinated Notes, Series due 2085","NASDAQ"
"XEMD","BondBloxx JP Morgan USD Emerging Markets 1-10 Year Bond ETF","BATS"
"XEML","Xtrackers Europe Market Leaders ETF","BATS"
"XENE","Xenon Pharmaceuticals Inc. - Common Shares","NASDAQ"
"XERS","Xeris Biopharma Holdings, Inc.","NASDAQ"
"XES","State Street SPDR S&P Oil & Gas Equipment & Services ETF","NYSEARCA"
"XEUR","Corgi Europe Equities 2x Daily ETF","BATS"
"XEY","GraniteShares YieldBOOST Ether ETF","NASDAQ"
"XFEB","FT Vest U.S. Equity Enhance & Moderate Buffer ETF - February","BATS"
"XFIV","BondBloxx Bloomberg Five Year Target Duration US Treasury ETF","NYSEARCA"
"XFLH","XFLH Capital Corporation","NYSE"
"XFLH.R","XFLH Capital Corporation Rights to receive one-seventh (1/7) of one Ordinary Share","NYSE"
"XFLH.U","XFLH Capital Corporation Units, each consisting of one Ordinary Share and one Right","NYSE"
"XFLT","XAI Floating Rate & Alternative Income Trust Common Shares of Beneficial Interest","NYSE"
"XFLX","FundX Flexible ETF","NYSEARCA"
"XFOR","X4 Pharmaceuticals, Inc.","NASDAQ"
"XGN","Exagen Inc.","NASDAQ"
"XHB","State Street SPDR S&P Homebuilders ETF","NYSEARCA"
"XHE","State Street SPDR S&P Health Care Equipment ETF","NYSEARCA"
"XHG","XChange TEC.INC","NASDAQ"
"XHLD","TEN Holdings, Inc.","NASDAQ"
"XHLF","BondBloxx Bloomberg Six Month Target Duration US Treasury ETF","NYSEARCA"
"XHOA","Corgi U.S. Real Estate 2x Daily ETF","BATS"
"XHR","Xenia Hotels & Resorts, Inc.","NYSE"
"XHS","State Street SPDR S&P Health Care Services ETF","NYSEARCA"
"XIDE","FT Vest U.S. Equity Buffer & Premium Income  ETF - December","BATS"
"XIDV","Franklin International Dividend Booster Index ETF","NYSEARCA"
"XIFR","XPLR Infrastructure, LP Common Units representing limited partner interests","NYSE"
"XIJN","FT Vest U.S. Equity Buffer & Premium Income ETF - June","BATS"
"XIMR","FT Vest U.S. Equity Buffer & Premium Income ETF - March","BATS"
"XISE","FT Vest U.S. Equity Buffer & Premium Income ETF - September","BATS"
"XITK","State Street SPDR FactSet Innovative Technology ETF","NYSEARCA"
"XIWC","Corgi U.S. Micro-Cap 2x Daily ETF","BATS"
"XJAN","FT Vest U.S. Equity Enhance & Moderate Buffer ETF - January","BATS"
"XJH","iShares ESG Select Screened S&P Mid-Cap ETF","BATS"
"XJR","iShares ESG Select Screened S&P Small-Cap ETF","BATS"
"XJUL","FT Vest U.S. Equity Enhance & Moderate Buffer ETF - July","BATS"
"XJUN","FT Vest U.S. Equity Enhance & Moderate Buffer ETF - June","BATS"
"XKRE","Corgi U.S. Regional Banks 2x Daily ETF","BATS"
"XLB","State Street Materials Select Sector SPDR ETF","NYSEARCA"
"XLBI","State Street Materials Select Sector SPDR Premium Income ETF","NYSEARCA"
"XLBX","Corgi U.S. Materials 2x Daily ETF","BATS"
"XLC","State Street Communication Services Select Sector SPDR ETF","NYSEARCA"
"XLCI","State Street Communication Services Select Sector SPDR Premium Income ETF","NYSEARCA"
"XLE","State Street Energy Select Sector SPDR ETF","NYSEARCA"
"XLEI","State Street Energy Select Sector SPDR Premium Income ETF","NYSEARCA"
"XLEX","Corgi U.S. Energy 2x Daily ETF","BATS"
"XLF","State Street Financial Select Sector SPDR ETF","NYSEARCA"
"XLFI","State Street Financial Select Sector SPDR Premium Income ETF","NYSEARCA"
"XLFX","Corgi U.S. Financials 2x Daily ETF","BATS"
"XLG","Invesco S&P 500 Top 50 ETF","NYSEARCA"
"XLI","State Street Industrial Select Sector SPDR ETF","NYSEARCA"
"XLII","State Street Industrial Select Sector SPDR Premium Income ETF","NYSEARCA"
"XLIX","Corgi U.S. Industrials 2x Daily ETF","BATS"
"XLK","State Street Technology Select Sector SPDR ETF","NYSEARCA"
"XLKI","State Street Technology Select Sector SPDR Premium Income ETF","NYSEARCA"
"XLKX","Corgi U.S. Technology 2x Daily ETF","BATS"
"XLO","Xilio Therapeutics, Inc.","NASDAQ"
"XLP","State Street Consumer Staples Select Sector SPDR ETF","NYSEARCA"
"XLPX","Corgi U.S. Consumer Staples 2x Daily ETF","BATS"
"XLRE","State Street Real Estate Select Sector SPDR ETF","NYSEARCA"
"XLRI","State Street Real Estate Select Sector SPDR Premium Income ETF","NYSEARCA"
"XLSI","State Street Consumer Staples Select Sector SPDR Premium Income ETF","NYSEARCA"
"XLSR","State Street US Sector Rotation ETF","NYSEARCA"
"XLU","State Street Utilities Select Sector SPDR ETF","NYSEARCA"
"XLUI","State Street Utilities Select Sector SPDR Premium Income ETF","NYSEARCA"
"XLUX","Corgi U.S. Utilities 2x Daily ETF","BATS"
"XLV","State Street Health Care Select Sector SPDR ETF","NYSEARCA"
"XLVI","State Street Health Care Select Sector SPDR Premium Income ETF","NYSEARCA"
"XLVX","Corgi U.S. Healthcare 2x Daily ETF","BATS"
"XLY","State Street Consumer Discretionary Select Sector SPDR ETF","NYSEARCA"
"XLYI","State Street Consumer Discretionary Select Sector SPDR Premium Income ETF","NYSEARCA"
"XLYX","Corgi U.S. Consumer Discretionary 2x Daily ETF","BATS"
"XMAG","Defiance Large Cap ex-Mag 7 ETF","NASDAQ"
"XMAR","FT Vest U.S. Equity Enhance & Moderate Buffer ETF - March","BATS"
"XMAX","XMAX, Inc.","NASDAQ"
"XMAY","FT Vest U.S. Equity Enhance & Moderate Buffer ETF - May","BATS"
"XME","State Street SPDR S&P Metals & Mining ETF","NYSEARCA"
"XMHQ","Invesco S&P MidCap Quality ETF","NYSEARCA"
"XMLV","Invesco S&P MidCap Low Volatility ETF","NYSEARCA"
"XMMO","Invesco S&P MidCap Momentum ETF","NYSEARCA"
"XMPT","VanEck CEF Muni Income ETF","BATS"
"XMTR","Xometry, Inc.","NASDAQ"
"XMVM","Invesco S&P MidCap Value with Momentum ETF","NYSEARCA"
"XNAV","FundX Aggressive ETF","NYSEARCA"
"XNCR","Xencor, Inc.","NASDAQ"
"XNDU","Xanadu Quantum Technologies Limited","NASDAQ"
"XNDX","Tradr 2X Long XNDU Daily ETF","BATS"
"XNET","Xunlei Limited","NASDAQ"
"XNOV","FT Vest U.S. Equity Enhance & Moderate Buffer ETF - November","BATS"
"XNTK","State Street SPDR NYSE Technology ETF","NYSEARCA"
"XOCT","FT Vest U.S. Equity Enhance & Moderate Buffer ETF - October","BATS"
"XOEF","iShares S&P 500 ex S&P 100 ETF","NYSEARCA"
"XOEX","Xtrackers S&P 100 Ex Top 20 ETF","BATS"
"XOM","Exxon Mobil Corporation","NYSE"
"XOMA","XOMA Royalty Corporation","NASDAQ"
"XOMAO","XOMA Royalty Corporation - Depositary Shares Rep Series B 8.375% Cumulative Preferred Stock","NASDAQ"
"XOMAP","XOMA Royalty Corporation - 8.625% Series A Cumulative Perpetual Preferred Stock","NASDAQ"
"XOMO","YieldMax XOM Option Income Strategy ETF","NYSEARCA"
"XOMX","Direxion Daily XOM Bull 2X ETF","NASDAQ"
"XONE","BondBloxx Bloomberg One Year Target Duration US Treasury ETF","NYSEARCA"
"XOP","State Street SPDR S&P Oil & Gas Exploration & Production ETF","NYSEARCA"
"XOS","Xos, Inc.","NASDAQ"
"XOSWW","Xos, Inc. - Warrants","NASDAQ"
"XOVL","Defiance Daily Target 2X Long XOVR ETF","BATS"
"XOVR","ERShares Private-Public Crossover ETF","NASDAQ"
"XP","XP Inc.","NASDAQ"
"XPAV","Corgi U.S. Infrastructure 2x Daily ETF","BATS"
"XPAY","Roundhill S&P 500 Target 20 Managed Distribution ETF","NYSEARCA"
"XPEG","Leverage Shares 2X Long XPEV Daily ETF","NASDAQ"
"XPEL","XPEL, Inc.","NASDAQ"
"XPER","Xperi Inc.","NYSE"
"XPEV","XPeng Inc. American depositary shares, each representing two Class A","NYSE"
"XPH","State Street SPDR S&P Pharmaceuticals ETF","NYSEARCA"
"XPL","Solitario Resources Corp.","AMEX"
"XPND","First Trust Expanded Technology ETF","NYSEARCA"
"XPO","XPO, Inc.","NYSE"
"XPOF","Xponential Fitness, Inc. Class A","NYSE"
"XPON","Expion360 Inc.","NASDAQ"
"XPP","ProShares Ultra FTSE China 50","NYSEARCA"
"XPRO","Expro Group Holdings N.V.","NYSE"
"XQQI","NEOS Boosted Nasdaq-100 High Income ETF","NASDAQ"
"XRAY","DENTSPLY SIRONA Inc.","NASDAQ"
"XRLX","FundX Conservative ETF","NYSEARCA"
"XRMI","Global X S&P 500 Risk Managed Income ETF","NYSEARCA"
"XRN","Chiron Real Estate Inc.","NYSE"
"XRP","Bitwise XRP ETF","NYSEARCA"
"XRPC","Canary XRP ETF","NASDAQ"
"XRPI","Volatility Shares Trust XRP ETF","NASDAQ"
"XRPM","Amplify XRP 3% Monthly Option Income ETF","BATS"
"XRPN","Armada Acquisition Corp. II","NASDAQ"
"XRPNU","Armada Acquisition Corp. II - Units","NASDAQ"
"XRPNW","Armada Acquisition Corp. II - Warrant","NASDAQ"
"XRPR","REX-Osprey XRP ETF","BATS"
"XRPT","Volatility Shares Trust XRP 2X ETF","NASDAQ"
"XRPZ","Franklin XRP ETF","NYSEARCA"
"XRT","State Street SPDR S&P Retail ETF","NYSEARCA"
"XRTX","XORTX Therapeutics Inc. - Common Shares","NASDAQ"
"XRX","Xerox Holdings Corporation","NASDAQ"
"XRXDW","Xerox Holdings Corporation - Warrants","NASDAQ"
"XSD","State Street SPDR S&P Semiconductor ETF","NYSEARCA"
"XSEM","Corgi U.S. Semiconductors 2x Daily ETF","BATS"
"XSEP","FT Vest U.S. Equity Enhance & Moderate Buffer ETF - September","BATS"
"XSHD","Invesco S&P SmallCap High Dividend Low Volatility ETF","BATS"
"XSHP","Kurv SpaceX Enhanced Income ETF","BATS"
"XSHQ","Invesco S&P SmallCap Quality ETF","BATS"
"XSLL","Xsolla SPAC 1","NASDAQ"
"XSLLU","Xsolla SPAC 1 - Units","NASDAQ"
"XSLLW","Xsolla SPAC 1 - Warrants","NASDAQ"
"XSLV","Invesco S&P SmallCap Low Volatility ETF","NYSEARCA"
"XSMO","Invesco S&P SmallCap Momentum ETF","NYSEARCA"
"XSOE","WisdomTree Emerging Markets Ex-State Owned Enterprises Fund","NYSEARCA"
"XSPC","VegaShares SpaceX & Beyond Earth ETF","NASDAQ"
"XSPI","NEOS Boosted S&P 500 High Income ETF","NASDAQ"
"XSVM","Invesco S&P SmallCap Value with Momentum ETF","NYSEARCA"
"XSVN","BondBloxx Bloomberg Seven Year Target Duration US Treasury ETF","NYSEARCA"
"XSW","State Street SPDR S&P Software & Services ETF","NYSEARCA"
"XT","iShares Future Exponential Technologies ETF","NASDAQ"
"XTAI","Corgi Taiwan 2x Daily ETF","BATS"
"XTAP","Innovator U.S. Equity Accelerated Plus ETF - April","BATS"
"XTEN","BondBloxx Bloomberg Ten Year Target Duration US Treasury ETF","NYSEARCA"
"XTIA","XTI Aerospace, Inc.","NASDAQ"
"XTJA","Innovator U.S. Equity Accelerated Plus ETF - January","BATS"
"XTJL","Innovator U.S. Equity Accelerated Plus ETF - July","BATS"
"XTL","State Street SPDR S&P Telecom ETF","NYSEARCA"
"XTLB","XTL Biopharmaceuticals Ltd.","NASDAQ"
"XTN","State Street SPDR S&P Transportation ETF","NYSEARCA"
"XTNT","Xtant Medical Holdings, Inc.","AMEX"
"XTOC","Innovator U.S. Equity Accelerated Plus ETF - October","BATS"
"XTR","Global X S&P 500 Tail Risk ETF","NYSEARCA"
"XTRE","BondBloxx Bloomberg Three Year Target Duration US Treasury ETF","NYSEARCA"
"XTWO","BondBloxx Bloomberg Two Year Target Duration US Treasury ETF","NYSEARCA"
"XTWY","BondBloxx Bloomberg Twenty Year Target Duration US Treasury ETF","NYSEARCA"
"XUDV","Franklin U.S. Dividend Booster Index ETF","NYSEARCA"
"XUSP","Innovator Uncapped Accelerated U.S. Equity ETF","BATS"
"XV","Simplify Target 15 Distribution ETF","NYSEARCA"
"XVO","Corgi U.S. Mid-Cap 2x Daily ETF","BATS"
"XVUG","Corgi U.S. Growth 2x Daily ETF","BATS"
"XVV","iShares ESG Select Screened S&P 500 ETF","BATS"
"XW","Corgi Ex-U.S. Equities 2x Daily ETF","BATS"
"XWEL","XWELL, Inc.","NASDAQ"
"XXI","Twenty One Capital, Inc. Class A","NYSE"
"XXII","22nd Century Group, Inc","NASDAQ"
"XXRP","Teucrium 2x Long Daily XRP ETF","NYSEARCA"
"XXV","Simplify Ancorato Target 25 Distribution ETF","NYSEARCA"
"XXX","CYBER HORNET S&P 500 and XRP 75/25 Strategy ETF","NASDAQ"
"XYF","X Financial American Depositary Shares, each representing six Class A","NYSE"
"XYL","Xylem Inc. Common Stock New","NYSE"
"XYLD","Global X S&P 500 Covered Call ETF","NYSEARCA"
"XYLG","Global X S&P 500 Covered Call & Growth ETF","NYSEARCA"
"XYZ","Block, Inc. Class A Common Stock,","NYSE"
"XYZG","Leverage Shares 2X Long XYZ Daily ETF","NASDAQ"
"XYZY","YieldMax XYZ Option Income Strategy ETF","NYSEARCA"
"XZO","Exzeo Group, Inc.","NYSE"
"YAAS","Youxin Technology Ltd","NASDAQ"
"YALA","Yalla Group Limited American Depositary Shares, each representing one Class A Ordinary Share","NYSE"
"YALL","Truth Social God Bless America ETF","NYSEARCA"
"YANG","Direxion Daily FTSE China Bear 3X ETF","NYSEARCA"
"YB","Yuanbao Inc.","NASDAQ"
"YBIT","YieldMax Bitcoin Option Income Strategy ETF","NYSEARCA"
"YBMN","Defiance BMNR Option Income ETF","NASDAQ"
"YBST","GraniteShares YieldBoost Single Stock Universe ETF","NASDAQ"
"YBTC","Roundhill Bitcoin Covered Call Strategy ETF","BATS"
"YBTY","GraniteShares YieldBoost TopYielders ETF","NASDAQ"
"YCBD","cbdMD, Inc.","AMEX"
"YCL","ProShares Ultra Yen","NYSEARCA"
"YCLO","Franklin BSP CLO ETF","NYSEARCA"
"YCS","ProShares UltraShort Yen New","NYSEARCA"
"YCY","AA Mission Acquisition Corp. II Class A","NYSE"
"YCY.U","AA Mission Acquisition Corp. II Units, each consisting of one Class A ordinary share and one-half of one warrant","NYSE"
"YCY.W","AA Mission Acquisition Corp. II Warrants, each whole warrant entitles to purchase one Class A ordinary share at a price of $11.50 per share","NYSE"
"YDDL","One and One Green Technologies. INC","NASDAQ"
"YDEC","FT Vest International Equity Moderate Buffer ETF - December","BATS"
"YDES","YD Bio Limited","NASDAQ"
"YDESW","YD Bio Limited - Warrants","NASDAQ"
"YDKG","Yueda Digital Holding","NASDAQ"
"YEAR","AB Ultra Short Income ETF","NYSEARCA"
"YELP","Yelp Inc.","NYSE"
"YETH","Roundhill Ether Covered Call Strategy ETF","BATS"
"YETI","YETI Holdings, Inc.","NYSE"
"YEXT","Yext, Inc.","NYSE"
"YFFI","Indexperts Yield Focused Fixed Income ETF","NYSEARCA"
"YFYA","Yields for You Income Strategy A ETF","NYSEARCA"
"YGLD","Simplify Gold Strategy ETF","NYSEARCA"
"YHC","LQR House Inc.","NASDAQ"
"YHGJ","Yunhong Green CTI Ltd.","NASDAQ"
"YHNA","YHN Acquisition I Limited","NASDAQ"
"YHNAR","YHN Acquisition I Limited - Right","NASDAQ"
"YHNAU","YHN Acquisition I Limited - Unit","NASDAQ"
"YI","111, Inc.","NASDAQ"
"YIBO","Planet Image International Limited","NASDAQ"
"YICCU","Yorkville International Capital Corp. - Units","NASDAQ"
"YINN","Direxion Daily FTSE China Bull 3X ETF","NYSEARCA"
"YJ","Yunji Inc. - American Depository Shares","NASDAQ"
"YJUN","FT Vest International Equity Moderate Buffer ETF - June","BATS"
"YLD","Principal Active High Yield ETF","NYSEARCA"
"YLDE","Franklin ClearBridge Enhanced Income ETF","NASDAQ"
"YLDW","Westwood Enhanced Income Opportunity ETF","NYSEARCA"
"YMAG","YieldMax Magnificent 7 Fund of Option Income ETFs","NYSEARCA"
"YMAR","FT Vest International Equity Moderate Buffer ETF - March","BATS"
"YMAT","J-Star Holding Co., Ltd.","NASDAQ"
"YMAX","YieldMax Universe Fund of Option Income ETFs","NYSEARCA"
"YMM","Full Truck Alliance Co. Ltd. American Depositary Shares (each representing 20 Class A Ordinary Shares)","NYSE"
"YMT","Yimutian Inc.","NASDAQ"
"YNOT","Horizon Digital Frontier ETF","NASDAQ"
"YOKE","YOKE Core ETF","NASDAQ"
"YOLO","AdvisorShares Pure Cannabis ETF","NYSEARCA"
"YOOV","Concorde International Group Ltd","NASDAQ"
"YORW","The York Water Company","NASDAQ"
"YOU","Clear Secure, Inc. Class A","NYSE"
"YOUL","Youlife Group Inc.","NASDAQ"
"YPF","YPF Sociedad Anonima","NYSE"
"YQ","17 Education & Technology Group Inc.","NASDAQ"
"YQQQ","YieldMax Short N100 Option Income Strategy ETF","NASDAQ"
"YRD","Yiren Digital Ltd. American Depositary Shares, each representing two","NYSE"
"YSEP","FT Vest International Equity Buffer ETF - September","BATS"
"YSG","Yatsen Holding Limited American Depositary Shares, each representing twenty (20) Class A","NYSE"
"YSPY","GraniteShares YieldBOOST SPY ETF","NASDAQ"
"YSS","York Space Systems Inc.","NYSE"
"YSWY","Yesway, Inc.","NASDAQ"
"YSXT","YSX Tech. Co., Ltd","NASDAQ"
"YTRA","Yatra Online, Inc.","NASDAQ"
"YUM","Yum! Brands, Inc.","NYSE"
"YUMC","Yum China Holdings, Inc.","NYSE"
"YUNG","Corgi Longevity Consumer ETF","BATS"
"YXI","ProShares Short FTSE China 50","NYSEARCA"
"YXT","YXT.COM GROUP HOLDING LIMITED - American Depository Shares","NASDAQ"
"YYAI","AiRWA Inc.","NASDAQ"
"YYGH","YY Group Holding Limited","NASDAQ"
"YYY","Amplify CEF High Income ETF","NYSEARCA"
"YYYM","Amplify Municipal CEF High Income ETF","NYSEARCA"
"Z","Zillow Group, Inc.","NASDAQ"
"ZALT","Innovator U.S. Equity 10 Buffer ETF - Quarterly","BATS"
"ZAP","Global X U.S. Electrification ETF","NASDAQ"
"ZAPR","Innovator Equity Defined Protection ETF - 1 Yr April","BATS"
"ZAUG","Innovator Equity Defined Protection ETF - 1 Yr August","BATS"
"ZBAO","Zhibao Technology Inc.","NASDAQ"
"ZBH","Zimmer Biomet Holdings, Inc.","NYSE"
"ZBIO","Zenas BioPharma, Inc.","NASDAQ"
"ZBRA","Zebra Technologies Corporation","NASDAQ"
"ZCBA","Global X Zero Coupon Bond 2030 ETF","NYSEARCA"
"ZCBB","Global X Zero Coupon Bond 2031 ETF","NYSEARCA"
"ZCBC","Global X Zero Coupon Bond 2032 ETF","NYSEARCA"
"ZCBE","Global X Zero Coupon Bond 2033 ETF","NYSEARCA"
"ZCBF","Global X Zero Coupon Bond 2034 ETF","NYSEARCA"
"ZCBG","Global X Zero Coupon Bond 2035 ETF","NYSEARCA"
"ZCMD","Zhongchao Inc.","NASDAQ"
"ZD","Ziff Davis, Inc.","NASDAQ"
"ZDAI","DirectBooking Technology Co., Ltd.","NASDAQ"
"ZDEK","Innovator Equity Defined Protection ETF - 1 Yr December","BATS"
"ZDGE","Zedge, Inc. Class B","AMEX"
"ZECP","Zacks Earnings Consistent Portfolio ETF","BATS"
"ZENA","ZenaTech, Inc.","NASDAQ"
"ZEO","Zeo Energy Corporation","NASDAQ"
"ZEOWW","Zeo Energy Corporation - Warrants","NASDAQ"
"ZEPP","Zepp Health Corporation American depositary shares, each representing sixteen Class A","NYSE"
"ZETA","Zeta Global Holdings Corp. Class A","NYSE"
"ZETX","Defiance Daily Target 2x Long ZETA ETF","NYSEARCA"
"ZFEB","Innovator Equity Defined Protection ETF - 1 Yr February","BATS"
"ZG","Zillow Group, Inc.","NASDAQ"
"ZGN","Ermenegildo Zegna N.V.","NYSE"
"ZH","Zhihu Inc. American Depositary Shares, each representing three (3) Class A","NYSE"
"ZHDG","ZEGA Buy and Hedge ETF","NYSEARCA"
"ZHOG","F/m Opportunistic Income ETF","NASDAQ"
"ZIG","The Acquirers Fund","NYSEARCA"
"ZIM","ZIM Integrated Shipping Services Ltd.","NYSE"
"ZINC","Zacks Income ETF","NYSEARCA"
"ZION","Zions Bancorporation N.A.","NASDAQ"
"ZIONP","Zions Bancorporation N.A. - Depositary Shares each representing a 1/40th ownership interest in a share of Series A Floating-Rate Non-Cumulative Perpet","NASDAQ"
"ZIP","ZipRecruiter, Inc. Class A","NYSE"
"ZJAN","Innovator Equity Defined Protection ETF - 1 Yr January","BATS"
"ZJK","ZJK Industrial Co., Ltd.","NASDAQ"
"ZJUL","Innovator Equity Defined Protection ETF - 1 Yr July","BATS"
"ZJUN","Innovator Equity Defined Protection ETF - 1 Yr June","BATS"
"ZJYL","JIN MEDICAL INTERNATIONAL LTD.","NASDAQ"
"ZKH","ZKH Group Limited American Depositary Shares, each representing thirty-five (35) Class A","NYSE"
"ZKIN","ZK International Group Co., Ltd - Ordinary Share","NASDAQ"
"ZKP","Lafayette Digital Acquisition Corp. I","NASDAQ"
"ZKPU","Lafayette Digital Acquisition Corp. I - Unit","NASDAQ"
"ZKPW","Lafayette Digital Acquisition Corp. I - Warrant","NASDAQ"
"ZLAB","Zai Lab Limited","NASDAQ"
"ZM","Zoom Communications, Inc.","NASDAQ"
"ZMAR","Innovator Equity Defined Protection ETF - 1 Yr March","BATS"
"ZMAY","Innovator Equity Defined Protection ETF - 1 Yr May","BATS"
"ZMUN","F/m Ultrashort Tax-Free Municipal ETF","NASDAQ"
"ZNB","Zeta Network Group","NASDAQ"
"ZNOV","Innovator Equity Defined Protection ETF - 1 Yr November","BATS"
"ZNTL","Zentalis Pharmaceuticals, Inc.","NASDAQ"
"ZOCT","Innovator Equity Defined Protection ETF - 1 Yr October","BATS"
"ZONE","CleanCore Solutions Inc. Class B","AMEX"
"ZOOZ","ZOOZ Strategy Ltd.","NASDAQ"
"ZOOZW","ZOOZ Strategy Ltd. - Warrant","NASDAQ"
"ZROZ","PIMCO 25  Year Zero Coupon U.S. Treasury Index Exchange-Traded Fund","NYSEARCA"
"ZS","Zscaler, Inc.","NASDAQ"
"ZSB","USCF Sustainable Battery Metals Strategy Fund","NYSEARCA"
"ZSC","USCF Sustainable Commodity Strategy Fund","NYSEARCA"
"ZSEP","Innovator Equity Defined Protection ETF - 1 Yr September","BATS"
"ZSL","ProShares UltraShort Silver","NYSEARCA"
"ZSQR","Z Squared Inc.","NASDAQ"
"ZSTK","ZeroStack Corp.","NASDAQ"
"ZTAX","X-Square Municipal Income ETF","NYSEARCA"
"ZTEK","Zentek Ltd.","NASDAQ"
"ZTEN","F/m 10-Year Investment Grade Corporate Bond ETF","NASDAQ"
"ZTG","Zenta Group Company Limited","NASDAQ"
"ZTO","ZTO Express (Cayman) Inc. American Depositary Shares, each representing one Class A ordinary share.","NYSE"
"ZTOP","F/m High Yield 100 ETF","NASDAQ"
"ZTR","Virtus Total Return Fund Inc.","NYSE"
"ZTRE","F/m 3-Year Investment Grade Corporate Bond ETF","NASDAQ"
"ZTS","Zoetis Inc. Class A","NYSE"
"ZTWO","F/m 2-Year Investment Grade Corporate Bond ETF","NASDAQ"
"ZUMZ","Zumiez Inc.","NASDAQ"
"ZURA","Zura Bio Limited","NASDAQ"
"ZVIA","Zevia PBC Class A","NYSE"
"ZVOL","Volatility Premium Plus ETF","BATS"
"ZVRA","Zevra Therapeutics, Inc.","NASDAQ"
"ZWS","Zurn Elkay Water Solutions Corporation","NYSE"
"ZYBT","Zhengye Biotechnology Holding Limited","NASDAQ"
"ZYME","Zymeworks Inc.","NASDAQ"
